symbol,company_name,instrument_group,exchange,current_price
AAAP,Pacer Barings CLO Market Flex ETF,ETF,NASDAQ,25.48
AACI,Armada Acquisition Corp. III - Class A Ordinary Share,EQUITY,NASDAQ,10.05
AAL,"American Airlines Group, Inc. - Common Stock",EQUITY,NASDAQ,13.87
AAPL,Apple Inc. - Common Stock,EQUITY,NASDAQ,341.07
AAUS,Alpha Architect US Equity ETF,ETF,NASDAQ,62.25
AAXJ,iShares MSCI All Country Asia ex Japan ETF,ETF,NASDAQ,118.48
ACHC,"Acadia Healthcare Company, Inc. - Common Stock",EQUITY,NASDAQ,28.09
ACLS,"Axcelis Technologies, Inc. - Common Stock",EQUITY,NASDAQ,123.11
ACMR,"ACM Research, Inc. - Class A Common Stock",EQUITY,NASDAQ,77.3
ACNT,Ascent Industries Co. - Common Stock,EQUITY,NASDAQ,14.7
ADAC,American Drive Acquisition Company - Class A Ordinary Shares,EQUITY,NASDAQ,10.12
ADSK,"Autodesk, Inc. - Common Stock",EQUITY,NASDAQ,209.4
ADVB,Advanced Biomed Inc. - Common Stock,EQUITY,NASDAQ,6.38
AEBI,Aebi Schmidt Holding AG - Common Stock,EQUITY,NASDAQ,11.0
AEHR,Aehr Test Systems - Common Stock,EQUITY,NASDAQ,104.39
AEMD,"Aethlon Medical, Inc. - Common Stock",EQUITY,NASDAQ,6.28
AERT,"Aeries Technology, Inc. - Class A Ordinary Share",EQUITY,NASDAQ,7.1
AGNC,AGNC Investment Corp. - Common Stock,EQUITY,NASDAQ,9.62
AGZD,WisdomTree Interest Rate Hedged U.S. Aggregate Bond Fund,ETF,NASDAQ,22.53
AIMG,Defiance AI Magnificent 10 ETF,ETF,NASDAQ,20.27
ALDF,Aldel Financial II Inc. - Class A Ordinary Shares,EQUITY,NASDAQ,10.83
ALF,Centurion Acquisition Corp. - Class A Ordinary Shares,EQUITY,NASDAQ,10.92
ALIL,Argent Focused Small Cap ETF,ETF,NASDAQ,30.52
ALM,Almonty Industries Inc. - Common Shares,EQUITY,NASDAQ,13.72
ALMR,"Alamar Biosciences, Inc. - Class A common stock",EQUITY,NASDAQ,32.8
ALNT,Allient Inc. - Common Stock,EQUITY,NASDAQ,116.01
ALOV,"Aldabra 4 Liquidity Opportunity Vehicle, Inc. - Class A Ordinary Shares",EQUITY,NASDAQ,10.0
AMAL,Amalgamated Financial Corp. - Common Stock,EQUITY,NASDAQ,47.58
AMEI,Amana Equity Income ETF,ETF,NASDAQ,25.94
AMSC,American Superconductor Corporation - Common Stock,EQUITY,NASDAQ,30.01
AMZN,"Amazon.com, Inc. - Common Stock",EQUITY,NASDAQ,249.67
ANAB,"AnaptysBio, Inc. - Common Stock",EQUITY,NASDAQ,51.0
ANGO,"AngioDynamics, Inc. - Common Stock",EQUITY,NASDAQ,15.49
ANIP,"ANI Pharmaceuticals, Inc. - Common Stock",EQUITY,NASDAQ,74.0
ANL,Adlai Nortye Group Ltd. - American Depositary Shares,EQUITY,NASDAQ,15.53
AOSL,Alpha and Omega Semiconductor Limited - Common Shares,EQUITY,NASDAQ,27.93
APPS,"Digital Turbine, Inc. - Common Stock",EQUITY,NASDAQ,11.11
APXT,Apex Treasury Corporation - Class A Ordinary Share,EQUITY,NASDAQ,10.14
ARQQ,Arqit Quantum Inc. - Ordinary Shares,EQUITY,NASDAQ,24.6
ARQT,"Arcutis Biotherapeutics, Inc. - Common stock",EQUITY,NASDAQ,26.92
ARTV,"Artiva Biotherapeutics, Inc. - Common Stock",EQUITY,NASDAQ,6.99
ARVN,"Arvinas, Inc. - Common Stock",EQUITY,NASDAQ,7.59
ASBP,"Aspire-Lakewood Holdings, Inc. - Common Stock",EQUITY,NASDAQ,8.32
ASCI,abrdn International Small Cap Active ETF,ETF,NASDAQ,36.82
ASML,ASML Holding N.V. - New York Registry Shares,EQUITY,NASDAQ,1743.94
ASPC,A SPAC III Acquisition Corp. - Class A Ordinary Shares,EQUITY,NASDAQ,10.84
ATEX,Anterix Inc. - Common Stock,EQUITY,NASDAQ,81.42
ATII,Archimedes Tech SPAC Partners II Co. - Ordinary Shares,EQUITY,NASDAQ,10.69
ATNI,"ATN International, Inc. - Common Stock",EQUITY,NASDAQ,28.62
ATTO,"Attovia Therapeutics, Inc. - Common Stock",EQUITY,NASDAQ,17.78
AUBN,"Auburn National Bancorporation, Inc. - Common Stock",EQUITY,NASDAQ,27.23
AVBP,"ArriVent BioPharma, Inc. - Common Stock",EQUITY,NASDAQ,28.45
AVLN,Avalyn Pharma Inc. - common stock,EQUITY,NASDAQ,28.08
AVO,"Mission Produce, Inc. - Common Stock",EQUITY,NASDAQ,13.14
AVUQ,Avantis U.S. Quality ETF,ETF,NASDAQ,68.32
AXSM,"Axsome Therapeutics, Inc. - Common Stock",EQUITY,NASDAQ,195.09
BACC,Blue Acquisition Corp. - Class A Ordinary Shares,EQUITY,NASDAQ,10.49
BAFN,BayFirst Financial Corp. - Common Stock,EQUITY,NASDAQ,6.8
BATRK,"Atlanta Braves Holdings, Inc. - Series C Common Stock",EQUITY,NASDAQ,54.26
BBGI,"Beasley Broadcast Group, Inc. - Class A Common Stock",EQUITY,NASDAQ,15.29
BDGS,Bridges Capital Tactical ETF,ETF,NASDAQ,38.14
BDYN,iShares Dynamic Equity Active ETF,ETF,NASDAQ,28.18
BETR,Better Home & Finance Holding Company - Class A Common Stock,EQUITY,NASDAQ,10.45
BGGG,Baillie Gifford Long Term Global Growth ETF,ETF,NASDAQ,35.0
BGRO,iShares Large Cap Growth Active ETF,ETF,NASDAQ,44.44
BHF,"Brighthouse Financial, Inc. - Common Stock",EQUITY,NASDAQ,53.24
BIDG,Leverage Shares 2X Long BIDU Daily ETF,ETF,NASDAQ,6.11
BITA,iShares Bitcoin Premium Income ETF,ETF,NASDAQ,63.26
BIXI,Bitcoin Infrastructure Acquisition Corp Ltd. - Class A Ordinary Shares,EQUITY,NASDAQ,10.15
BKCH,Global X Blockchain ETF,ETF,NASDAQ,74.94
BKMS,BNY Mellon Municipal Short Duration ETF,ETF,NASDAQ,25.05
BLFS,"BioLife Solutions, Inc. - Common Stock",EQUITY,NASDAQ,38.49
BNTC,Benitec Biopharma Inc. - Common Stock,EQUITY,NASDAQ,9.59
BOEG,Leverage Shares 2X Long BA Daily ETF,ETF,NASDAQ,10.65
BOKF,BOK Financial Corporation - Common Stock,EQUITY,NASDAQ,131.77
BPOP,"Popular, Inc. - Common Stock",EQUITY,NASDAQ,160.48
BRAI,Braiin Limited - Common Stock,EQUITY,NASDAQ,5.47
BRCB,"Black Rock Coffee Bar, Inc. - Class A Common Stock",EQUITY,NASDAQ,7.19
BREZ,Breeze Acquisition Corp. II - Ordinary Shares,EQUITY,NASDAQ,10.02
BRZE,"Braze, Inc. - Class A Common Stock",EQUITY,NASDAQ,24.37
BSCA,Invesco BulletShares 2036 Corporate Bond ETF,ETF,NASDAQ,19.06
BSJU,Invesco BulletShares 2030 High Yield Corporate Bond ETF,ETF,NASDAQ,25.11
BSJY,Invesco BulletShares 2034 High Yield Corporate Bond ETF,ETF,NASDAQ,24.04
BSMU,Invesco BulletShares 2030 Municipal Bond ETF,ETF,NASDAQ,20.87
BSMV,Invesco BulletShares 2031 Municipal Bond ETF,ETF,NASDAQ,19.89
BSTS,Invesco BulletShares 2028 Treasury Bond ETF,ETF,NASDAQ,24.78
BTF,CoinShares Bitcoin and Ether ETF,ETF,NASDAQ,23.12
BTSG,"BrightSpring Health Services, Inc. - Common Stock",EQUITY,NASDAQ,56.59
BUFI,AB International Buffer ETF,ETF,NASDAQ,42.94
BWFG,"Bankwell Financial Group, Inc. - Common Stock",EQUITY,NASDAQ,66.48
BWIN,"The Baldwin Insurance Group, Inc. - Class A Common Stock",EQUITY,NASDAQ,31.85
BYND,"Beyond Meat, Inc. - Common stock",EQUITY,NASDAQ,8.35
CAC,Camden National Corporation - Common Stock,EQUITY,NASDAQ,57.82
CAES,"Cantor Equity Partners VII, Inc. - Class A Ordinary Shares",EQUITY,NASDAQ,10.06
CAII,Collective Acquisition Corp. II - Class A Ordinary Shares,EQUITY,NASDAQ,9.99
CAIQ,Calamos Nasdaq Autocallable Income ETF,ETF,NASDAQ,26.26
CALI,iShares Short-Term California Muni Active ETF,ETF,NASDAQ,49.83
CARG,"CarGurus, Inc. - Class A Common Stock",EQUITY,NASDAQ,31.3
CARL,"Carlsmed, Inc. - Common Stock",EQUITY,NASDAQ,15.1
CASH,"Pathward Financial, Inc. - Common Stock",EQUITY,NASDAQ,73.8
CATH,Global X S&P 500 Catholic Values ETF,ETF,NASDAQ,91.6
CBIO,"Crescent Biopharma, Inc. - Common Stock",EQUITY,NASDAQ,13.99
CCAP,"Crescent Capital BDC, Inc. - Common Stock",EQUITY,NASDAQ,9.57
CCC,CCC Intelligent Solutions Holdings Inc. - Common Stock,EQUITY,NASDAQ,6.9
CCD,Calamos Dynamic Convertible & Income Fund - Closed End Fund,EQUITY,NASDAQ,23.01
CCFE,Concourse Capital Focused Equity ETF,ETF,NASDAQ,24.09
CDC,VictoryShares US EQ Income Enhanced Volatility Wtd ETF,ETF,NASDAQ,72.49
CDIG,City Different Investments Global Equity ETF,ETF,NASDAQ,25.45
CDL,VictoryShares US Large Cap High Div Volatility Wtd ETF,ETF,NASDAQ,75.65
CDNL,Cardinal Infrastructure Group Inc. - Class A Common Stock,EQUITY,NASDAQ,28.02
CECO,CECO Environmental Corp. - Common Stock,EQUITY,NASDAQ,73.5
CEFA,Global X S&P Catholic Values Developed ex-U.S. ETF,ETF,NASDAQ,40.72
CFFI,C&F Financial Corporation - Common Stock,EQUITY,NASDAQ,93.6
CGCF,Cartesian Growth Corporation IV - Class A Ordinary Shares,EQUITY,NASDAQ,9.81
CHGX,Stance Sustainable Beta ETF,ETF,NASDAQ,33.24
CHI,Calamos Convertible Opportunities and Income Fund - Closed End Fund,EQUITY,NASDAQ,11.9
CHKP,Check Point Software Technologies Ltd. - Ordinary Shares,EQUITY,NASDAQ,131.24
CIBR,First Trust NASDAQ Cybersecurity ETF,ETF,NASDAQ,100.95
CIGI,Colliers International Group Inc.  - Subordinate Voting Shares,EQUITY,NASDAQ,90.42
CIVB,"Civista Bancshares, Inc.  - Common Stock",EQUITY,NASDAQ,27.06
CLOD,Themes Cloud Computing ETF,ETF,NASDAQ,35.16
CLOU,Global X Cloud Computing ETF,ETF,NASDAQ,28.39
CLPT,ClearPoint Neuro Inc. - Common Stock,EQUITY,NASDAQ,14.83
CMCSA,Comcast Corporation - Class A Common Stock,EQUITY,NASDAQ,21.91
CMPS,COMPASS Pathways Plc - American Depository Shares,EQUITY,NASDAQ,13.06
CODA,"Coda Octopus Group, Inc. - Common stock",EQUITY,NASDAQ,10.78
COKE,"Coca-Cola Consolidated, Inc. - Common Stock",EQUITY,NASDAQ,190.29
COLA,Columbus Acquisition Corp - Ordinary Shares,EQUITY,NASDAQ,10.45
CONI,GraniteShares 2x Short COIN Daily ETF,ETF,NASDAQ,22.11
CONL,GraniteShares 2x Long COIN Daily ETF,ETF,NASDAQ,6.31
CORO,iShares International Country Rotation Active ETF,ETF,NASDAQ,36.92
COTG,Leverage Shares 2X Long COST Daily ETF,ETF,NASDAQ,11.96
CPHC,Canterbury Park Holding Corporation - Common Stock,EQUITY,NASDAQ,15.78
CPIX,Cumberland Pharmaceuticals Inc. - Common Stock,EQUITY,NASDAQ,7.61
CPTL,Global X Morningstar Capital Allocation Leaders ETF,ETF,NASDAQ,48.9
CPZ,Calamos Long/Short Equity & Dynamic Income Trust - Closed End Fund,EQUITY,NASDAQ,12.76
CRAC,Crown Reserve Acquisition Corp. I - Class A Ordinary Shares,EQUITY,NASDAQ,10.24
CRCT,"Cricut, Inc. - Class A common stock",EQUITY,NASDAQ,6.14
CROB,Defiance China Robotics ETF,ETF,NASDAQ,21.59
CRSR,"Corsair Gaming, Inc. - Common Stock",EQUITY,NASDAQ,13.66
CRUS,"Cirrus Logic, Inc. - Common Stock",EQUITY,NASDAQ,119.92
CRWL,GraniteShares 2x Long CRWD Daily ETF,ETF,NASDAQ,95.34
CRY,GraniteShares YieldBOOST CRCL ETF,ETF,NASDAQ,16.23
CSB,VictoryShares US Small Cap High Div Volatility Wtd ETF,ETF,NASDAQ,62.55
CSTL,"Castle Biosciences, Inc. - Common stock",EQUITY,NASDAQ,35.81
CSX,CSX Corporation - Common Stock,EQUITY,NASDAQ,46.78
CTKB,"Cytek Biosciences, Inc. - Common Stock",EQUITY,NASDAQ,5.65
CUE,"Cue Biopharma, Inc. - Common Stock",EQUITY,NASDAQ,31.41
CVLT,"Commvault Systems, Inc. - Common Stock",EQUITY,NASDAQ,145.54
CYRX,"CryoPort, Inc. - Common Stock",EQUITY,NASDAQ,17.41
CZFS,"Citizens Financial Services, Inc. - Common Stock",EQUITY,NASDAQ,79.85
DALI,First Trust Dorsey Wright DALI Equity ETF,ETF,NASDAQ,28.76
DAPP,VanEck Digital Transformation ETF,ETF,NASDAQ,20.41
DBVT,DBV Technologies S.A. - American Depositary Shares,EQUITY,NASDAQ,11.56
DDI,"DoubleDown Interactive Co., Ltd. - American Depository Shares",EQUITY,NASDAQ,13.0
DDOG,"Datadog, Inc. - Class A Common Stock",EQUITY,NASDAQ,268.13
DFDV,DeFi Development Corp. - Common Stock,EQUITY,NASDAQ,6.04
DFGX,Dimensional International Core Fixed Income ETF,ETF,NASDAQ,51.27
DKNG,DraftKings Inc. - Class A Common Stock,EQUITY,NASDAQ,22.02
DMAA,Drugs Made In America Acquisition Corp. - Ordinary Shares,EQUITY,NASDAQ,10.84
DMII,Drugs Made In America Acquisition II Corp. - Ordinary Shares,EQUITY,NASDAQ,10.16
DOCU,"DocuSign, Inc. - Common Stock",EQUITY,NASDAQ,67.5
DUKX,Ocean Park International ETF,ETF,NASDAQ,28.83
DVLU,First Trust Dorsey Wright Momentum & Value ETF,ETF,NASDAQ,39.45
DWSH,AdvisorShares Dorsey Wright Short ETF,ETF,NASDAQ,5.95
DWUS,AdvisorShares Dorsey Wright FSM US Core ETF,ETF,NASDAQ,59.24
DYNC,Dynamix Corporation - Class A Ordinary Share,EQUITY,NASDAQ,10.9
DYOR,Insight Digital Partners II - Class A Ordinary Shares,EQUITY,NASDAQ,10.13
EART,Global X Rare Earth & Critical Materials ETF,ETF,NASDAQ,28.42
EBC,"Eastern Bankshares, Inc. - Common Stock",EQUITY,NASDAQ,21.42
ECHO,EchoStar Corporation - Common stock,EQUITY,NASDAQ,90.11
ECOW,Pacer Emerging Markets Cash Cows 100 ETF,ETF,NASDAQ,26.6
EEFT,"Euronet Worldwide, Inc. - Common Stock",EQUITY,NASDAQ,65.61
EGHA,EGH Acquisition Corp. - Class A ordinary shares,EQUITY,NASDAQ,10.4
EIKN,"Eikon Therapeutics, Inc. - Common Stock",EQUITY,NASDAQ,7.92
ELFY,ALPS Electrification Infrastructure ETF,ETF,NASDAQ,38.82
ELVA,Electrovaya Inc. - Common Shares,EQUITY,NASDAQ,6.35
ENHI,iShares Enhanced International Active ETF,ETF,NASDAQ,27.1
ENHU,iShares Enhanced Large Cap Core Active ETF,ETF,NASDAQ,28.78
ERAS,"Erasca, Inc. - Common Stock",EQUITY,NASDAQ,14.25
ESGD,iShares ESG Aware MSCI EAFE ETF,ETF,NASDAQ,104.72
ESGU,iShares ESG Aware MSCI USA ETF,ETF,NASDAQ,168.7
ETEC,iShares Breakthrough Environmental Solutions ETF,ETF,NASDAQ,24.41
EVSD,Eaton Vance Short Duration Income ETF,ETF,NASDAQ,50.08
EWZS,iShares MSCI Brazil Small-Cap ETF,ETF,NASDAQ,13.15
EXEL,"Exelixis, Inc. - Common Stock",EQUITY,NASDAQ,58.16
EXPO,"Exponent, Inc. - Common Stock",EQUITY,NASDAQ,64.18
FALN,iShares Fallen Angels USD Bond ETF,ETF,NASDAQ,26.21
FANG,"Diamondback Energy, Inc. - Common Stock",EQUITY,NASDAQ,186.67
FBYD,"Falcon's Beyond Global, Inc. - Class A Common Stock",EQUITY,NASDAQ,7.43
FBYY,GraniteShares YieldBOOST META ETF,ETF,NASDAQ,10.81
FCVT,First Trust SSI Strategic Convertible Securities ETF,ETF,NASDAQ,49.48
FDIF,Fidelity Disruptors ETF,ETF,NASDAQ,41.94
FDUS,Fidus Investment Corporation - Closed End Fund,EQUITY,NASDAQ,19.15
FEM,First Trust Emerging Markets AlphaDEX Fund,ETF,NASDAQ,32.6
FEPI,REX FANG & Innovation Equity Premium Income ETF,ETF,NASDAQ,43.19
FGII,FG Imperii Acquisition Corp. - Class A Ordinary Shares,EQUITY,NASDAQ,10.02
FGM,First Trust Germany AlphaDEX Fund,ETF,NASDAQ,60.86
FIMU,Fidelity Intermediate Municipal Income ETF,ETF,NASDAQ,19.1
FINW,FinWise Bancorp - Common Stock,EQUITY,NASDAQ,11.32
FJDI,ARC Group Securities Acquisition I - Class A Ordinary Shares,EQUITY,NASDAQ,9.85
FMAO,"Farmers & Merchants Bancorp, Inc. - Common Stock",EQUITY,NASDAQ,34.93
FMNB,Farmers National Banc Corp. - Common Stock,EQUITY,NASDAQ,15.43
FMTM,MarketDesk Focused U.S. Momentum ETF,ETF,NASDAQ,38.9
FNK,First Trust Mid Cap Value AlphaDEX Fund,ETF,NASDAQ,60.37
FNKO,"Funko, Inc. - Class A Common Stock",EQUITY,NASDAQ,5.5
FNLC,"First Bancorp, Inc (ME) - Common Stock",EQUITY,NASDAQ,34.35
FNWD,Finward Bancorp - common stock,EQUITY,NASDAQ,43.24
FRAF,Franklin Financial Services Corporation - Common Stock,EQUITY,NASDAQ,62.65
FRD,Friedman Industries Inc. - Common Stock,EQUITY,NASDAQ,39.34
FROG,JFrog Ltd. - Ordinary shares,EQUITY,NASDAQ,89.18
FRVO,Fervo Energy Company - Class A common stock,EQUITY,NASDAQ,15.18
FSBW,"FS Bancorp, Inc. - Common Stock",EQUITY,NASDAQ,44.18
FSCS,First Trust SMID Capital Strength ETF,ETF,NASDAQ,35.91
FTC,First Trust Large Cap Growth AlphaDEX Fund,ETF,NASDAQ,179.14
FTDS,First Trust Dividend Strength ETF,ETF,NASDAQ,62.84
FTSM,First Trust Enhanced Short Maturity ETF,ETF,NASDAQ,59.72
FTXR,First Trust Nasdaq Transportation ETF,ETF,NASDAQ,41.79
FUTU,Futu Holdings Limited - American Depositary Shares,EQUITY,NASDAQ,111.87
FV,First Trust Dorsey Wright Focus 5 ETF,ETF,NASDAQ,74.33
FVAV,Fortress Value Acquisition Corp. V - Class A Ordinary Shares,EQUITY,NASDAQ,10.28
FVC,First Trust Dorsey Wright Dynamic Focus 5 ETF,ETF,NASDAQ,42.85
GASS,"StealthGas, Inc. - common stock",EQUITY,NASDAQ,8.89
GDS,GDS Holdings Limited - American Depositary Shares,EQUITY,NASDAQ,32.77
GEHC,GE HealthCare Technologies Inc. - Common Stock,EQUITY,NASDAQ,66.63
GEME,Pacific North of South EM Equity Active ETF,ETF,NASDAQ,42.03
GEMG,Leverage Shares 2X Long GEMI Daily ETF,ETF,NASDAQ,10.98
GEMQ,Goldman Sachs Data Enhanced Emerging Markets Equity ETF,ETF,NASDAQ,23.77
GEN,Gen Digital Inc. - Common Stock,EQUITY,NASDAQ,21.62
GENB,"Generate Biomedicines, Inc. - Common Stock",EQUITY,NASDAQ,15.15
GGAL,"Grupo Financiero Galicia S.A. - American Depositary Shares, Class B Shares underlying",EQUITY,NASDAQ,38.74
GIBO,GIBO Holdings Limited - Class A Ordinary Shares,EQUITY,NASDAQ,33.0
GLDB,IDX Alternative FIAT ETF,ETF,NASDAQ,23.08
GLSI,"Greenwich LifeSciences, Inc. - Common stock",EQUITY,NASDAQ,18.22
GLXY,Galaxy Digital Inc. - Class A common stock,EQUITY,NASDAQ,24.24
GNTX,Gentex Corporation - Common Stock,EQUITY,NASDAQ,22.58
GO,Grocery Outlet Holding Corp. - Common Stock,EQUITY,NASDAQ,11.07
GOOGL,Alphabet Inc. - Class A Common Stock,EQUITY,NASDAQ,343.92
GRFS,"Grifols, S.A. - American Depositary Shares",EQUITY,NASDAQ,7.35
GRVY,"GRAVITY Co., Ltd. - American depositary shares, each representing one common share.",EQUITY,NASDAQ,66.51
GSHD,"Goosehead Insurance, Inc. - Class A Common Stock",EQUITY,NASDAQ,45.23
GSRV,GSR V Acquisition Corp. - Class A ordinary shares,EQUITY,NASDAQ,9.89
GT,The Goodyear Tire & Rubber Company - Common Stock,EQUITY,NASDAQ,5.13
HBAN,Huntington Bancshares Incorporated - Common Stock,EQUITY,NASDAQ,15.64
HBCP,"Home Bancorp, Inc. - Common Stock",EQUITY,NASDAQ,67.6
HBDC,Hilton BDC Corporate Bond ETF,ETF,NASDAQ,24.5
HCAC,Hall Chadwick Acquisition Corp. - Class A Ordinary Shares,EQUITY,NASDAQ,10.12
HCSG,"Healthcare Services Group, Inc. - Common Stock",EQUITY,NASDAQ,21.05
HIMZ,Defiance Daily Target 2X Long HIMS ETF,ETF,NASDAQ,27.08
HIS,Humilis US Focused Opportunities ETF,ETF,NASDAQ,26.42
HLTH,Tema Healthcare AI ETF,ETF,NASDAQ,29.59
HNRG,Hallador Energy Company - Common Stock,EQUITY,NASDAQ,14.72
HNST,"The Honest Company, Inc. - Common Stock",EQUITY,NASDAQ,5.29
HODU,Direxion Daily HOOD Bull 2X ETF,ETF,NASDAQ,15.01
HROW,"Harrow, Inc. - Common Stock",EQUITY,NASDAQ,33.07
HTFL,"Heartflow, Inc. - Common Stock",EQUITY,NASDAQ,49.17
HTHT,H World Group Limited - American Depositary Shares,EQUITY,NASDAQ,42.0
HTO,H2O America  - Common Stock,EQUITY,NASDAQ,62.27
HUBG,"Hub Group, Inc. - Class A Common Stock",EQUITY,NASDAQ,30.34
HURC,"Hurco Companies, Inc. - Common Stock",EQUITY,NASDAQ,21.65
HUT,Hut 8 Corp. - Common Stock,EQUITY,NASDAQ,96.82
HWO,Hotchkis & Wiley Opportunities Fund,ETF,NASDAQ,26.17
HYBI,NEOS Enhanced Income Credit Select ETF,ETF,NASDAQ,48.17
HYNE,"Hoyne Bancorp, Inc. - Common Stock",EQUITY,NASDAQ,16.43
HYPG,Grayscale Hyperliquid Staking ETF,ETF,NASDAQ,32.43
IACO,Idea Acquisition Corp. - Class A Ordinary Shares,EQUITY,NASDAQ,10.0
IART,Integra LifeSciences Holdings Corporation - Common Stock,EQUITY,NASDAQ,16.12
IBAT,iShares Energy Storage & Materials ETF,ETF,NASDAQ,40.69
IBGL,iShares iBonds Dec 2055 Term Treasury ETF,ETF,NASDAQ,22.08
IBTG,iShares iBonds Dec 2026 Term Treasury ETF,ETF,NASDAQ,22.87
IBTK,iShares iBonds Dec 2030 Term Treasury ETF,ETF,NASDAQ,19.02
IBTL,iShares iBonds Dec 2031 Term Treasury ETF,ETF,NASDAQ,19.53
IBTR,iShares iBonds Dec 2036 Term Treasury ETF,ETF,NASDAQ,23.63
ICOP,iShares Copper and Metals Mining ETF,ETF,NASDAQ,54.58
IGOV,iShares International Treasury Bond ETF,ETF,NASDAQ,40.11
ILIT,iShares Lithium Miners and Producers ETF,ETF,NASDAQ,13.05
ILLU,Illumination Acquisition Corp I - Class A Ordinary Shares,EQUITY,NASDAQ,10.01
INAC,Indigo Acquisition Corp. - Ordinary Shares,EQUITY,NASDAQ,10.33
INBX,"Inhibrx Biosciences, Inc. - Common Stock",EQUITY,NASDAQ,99.61
INCY,Incyte Corporation - Common Stock,EQUITY,NASDAQ,123.89
INLF,INLIF LIMITED - Class A Ordinary shares,EQUITY,NASDAQ,5.1
IOSP,Innospec Inc. - Common Stock,EQUITY,NASDAQ,98.72
IQQQ,ProShares Nasdaq-100 High Income ETF,ETF,NASDAQ,49.13
IREG,Leverage Shares 2X Long IREN Daily ETF,ETF,NASDAQ,8.86
IUS,Invesco RAFI Strategic US ETF,ETF,NASDAQ,68.73
IVSI,Applied Finance IVS International Large ETF,ETF,NASDAQ,29.19
JAPN,Horizon Kinetics Japan Owner Operator ETF,ETF,NASDAQ,25.61
JLHL,Julong Holding Limited - Class A Ordinary Shares,EQUITY,NASDAQ,5.78
JPEF,JPMorgan Equity Focus ETF,ETF,NASDAQ,81.88
JRSH,"Jerash Holdings (US), Inc. - Common Stock",EQUITY,NASDAQ,5.68
JYNT,The Joint Corp. - Common Stock,EQUITY,NASDAQ,8.23
KELYA,"Kelly Services, Inc. - Class A Common Stock",EQUITY,NASDAQ,16.48
KEYY,Keystone Acquisition Corp. - Class A Ordinary Shares,EQUITY,NASDAQ,9.91
KGEI,Kolibri Global Energy Inc. - Common stock,EQUITY,NASDAQ,6.35
KIDS,OrthoPediatrics Corp. - Common Stock,EQUITY,NASDAQ,22.55
KINS,"Kingstone Companies, Inc - Common Stock",EQUITY,NASDAQ,18.25
KJD,KraneShares 2x Long JD Daily ETF,ETF,NASDAQ,14.34
KLAC,KLA Corporation  - Common Stock,EQUITY,NASDAQ,187.92
KMDA,Kamada Ltd. - Ordinary Shares,EQUITY,NASDAQ,8.72
KOID,KraneShares Global Humanoid Robotics and Physical AI Index ETF,ETF,NASDAQ,36.51
KROP,Global X AgTech & Food Innovation ETF,ETF,NASDAQ,36.25
KVHI,"KVH Industries, Inc. - Common Stock",EQUITY,NASDAQ,7.39
KYMR,"Kymera Therapeutics, Inc. - Common Stock",EQUITY,NASDAQ,111.95
KYNB,"Kyntra Bio, Inc. - Common Stock",EQUITY,NASDAQ,6.94
LAFA,LaFayette Acquisition Corp. - Ordinary Share,EQUITY,NASDAQ,10.19
LAKE,"Lakeland Industries, Inc. - Common Stock",EQUITY,NASDAQ,10.5
LAMR,Lamar Advertising Company - Class A Common Stock,EQUITY,NASDAQ,143.98
LCNB,LCNB Corporation - Common Stock,EQUITY,NASDAQ,18.83
LEGH,Legacy Housing Corporation - Common Stock,EQUITY,NASDAQ,29.3
LEGN,Legend Biotech Corporation - American Depositary Shares,EQUITY,NASDAQ,19.11
LEXI,Alexis Practical Tactical ETF,ETF,NASDAQ,40.64
LFSC,F/m Emerald Life Sciences Innovation ETF,ETF,NASDAQ,44.46
LFVN,Lifevantage Corporation - Common Stock,EQUITY,NASDAQ,6.26
LGND,Ligand Pharmaceuticals Incorporated - Common Stock,EQUITY,NASDAQ,301.52
LKFT,Lakefront Biotherapeutics - American Depositary Shares,EQUITY,NASDAQ,29.38
LMB,"Limbach Holdings, Inc. - Common Stock",EQUITY,NASDAQ,51.48
LNZA,"LanzaTech Global, Inc. - Common Stock",EQUITY,NASDAQ,6.03
LOGI,Logitech International S.A. - Registered Shares,EQUITY,NASDAQ,101.09
LPBB,Launch Two Acquisition Corp. - Class A Ordinary Shares,EQUITY,NASDAQ,10.83
LVIG,Longview Advantage Fixed Income ETF,ETF,NASDAQ,95.99
MAT,"Mattel, Inc. - Common Stock",EQUITY,NASDAQ,13.29
MBIN,Merchants Bancorp - Common Stock,EQUITY,NASDAQ,52.1
MBS,Angel Oak Mortgage-Backed Securities ETF,ETF,NASDAQ,8.3
MCAH,Mountain Crest Acquisition 6 Corp. - Ordinary Shares,EQUITY,NASDAQ,10.03
MCHI,iShares MSCI China ETF,ETF,NASDAQ,52.62
MDB,"MongoDB, Inc. - Class A Common Stock",EQUITY,NASDAQ,410.44
MDLZ,"Mondelez International, Inc. - Class A Common Stock",EQUITY,NASDAQ,60.25
MDWD,MediWound Ltd. - Ordinary Shares,EQUITY,NASDAQ,13.84
MEMS,Matthews Emerging Markets Discovery Active ETF,ETF,NASDAQ,30.51
METU,Direxion Daily META Bull 2X ETF,ETF,NASDAQ,33.03
MEVO,M Evo Global Acquisition Corp II - Class A Ordinary Shares,EQUITY,NASDAQ,10.0
MFI,mF International Limited - Class A Ordinary Shares,EQUITY,NASDAQ,9.6
MFP,"Midera Food Processing, Inc. - Common Stock",EQUITY,NASDAQ,42.69
MGNI,"Magnite, Inc. - Common Stock",EQUITY,NASDAQ,23.97
MGYR,"Magyar Bancorp, Inc. - Common Stock",EQUITY,NASDAQ,19.37
MIAC,Meridian3 Industrials Acquisition Corp - Class A Ordinary Shares,EQUITY,NASDAQ,9.81
MIRM,"Mirum Pharmaceuticals, Inc. - common stock",EQUITY,NASDAQ,89.7
MLAB,"Mesa Laboratories, Inc. - Common Stock",EQUITY,NASDAQ,134.04
MPLT,"MapLight Therapeutics, Inc. - Common Stock",EQUITY,NASDAQ,10.46
MRAL,GraniteShares 2x Long MARA Daily ETF,ETF,NASDAQ,44.96
MRDN,Meridian Holdings Inc. - Common Stock,EQUITY,NASDAQ,13.36
MSTR,Strategy Inc - Class A Common Stock,EQUITY,NASDAQ,158.61
MTC,"MMTec, Inc. - Common Shares",EQUITY,NASDAQ,5.31
MTEX,"Mannatech, Incorporated - Common Stock",EQUITY,NASDAQ,7.7
MU,"Micron Technology, Inc. - Common Stock",EQUITY,NASDAQ,1082.28
MULT,Franklin Multisector Income ETF,ETF,NASDAQ,24.44
MUU,Direxion Daily MU Bull 2X ETF,ETF,NASDAQ,37.85
MWH,"SOLV Energy, Inc. - Class A common stock",EQUITY,NASDAQ,25.2
MYCG,State Street My2027 Corporate Bond ETF,ETF,NASDAQ,24.91
MYCK,State Street My2031 Corporate Bond ETF,ETF,NASDAQ,23.98
MYCL,State Street My2032 Corporate Bond ETF,ETF,NASDAQ,23.72
MYCO,State Street My2035 Corporate Bond ETF,ETF,NASDAQ,23.23
MYHA,State Street My2027 High Yield Corporate Bond ETF,ETF,NASDAQ,24.78
NAKA,Nakamoto Inc. - Common Stock,EQUITY,NASDAQ,9.99
NATO,Themes Transatlantic Defense ETF,ETF,NASDAQ,37.83
NAVN,"Navan, Inc. - Class A Common Stock",EQUITY,NASDAQ,19.42
NBBK,"NB Bancorp, Inc. - Common Stock",EQUITY,NASDAQ,22.6
NBIS,Nebius Group N.V. - Class A Ordinary Shares,EQUITY,NASDAQ,237.33
NBRG,Newbridge Acquisition Limited - Class A Ordinary Share,EQUITY,NASDAQ,10.06
NCEW,New Century Logistics (BVI) Limited - Ordinary Shares,EQUITY,NASDAQ,17.63
NDLS,Noodles & Company - Class A Common Stock,EQUITY,NASDAQ,12.61
NFE,New Fortress Energy Inc. - Class A Common Stock,EQUITY,NASDAQ,6.82
NMRK,"Newmark Group, Inc. - Class A Common Stock",EQUITY,NASDAQ,13.06
NOVT,Novanta Inc. - Common Shares,EQUITY,NASDAQ,143.93
NOWL,GraniteShares 2x Long NOW Daily ETF,ETF,NASDAQ,7.25
NRES,Xtrackers RREEF Global Natural Resources ETF,ETF,NASDAQ,34.04
NSAI,NorthStrive Acquisition Corp I. - Class A Ordinary Shares,EQUITY,NASDAQ,9.88
NSSC,"NAPCO Security Technologies, Inc. - Common Stock",EQUITY,NASDAQ,35.66
NTLA,"Intellia Therapeutics, Inc. - Common Stock",EQUITY,NASDAQ,11.75
NVDU,Direxion Daily NVDA Bull 2X ETF,ETF,NASDAQ,141.71
NVEC,NVE Corporation - Common Stock,EQUITY,NASDAQ,109.13
NWBI,"Northwest Bancshares, Inc. - Common Stock",EQUITY,NASDAQ,15.31
NWL,Newell Brands Inc. - Common Stock,EQUITY,NASDAQ,5.43
NWS,News Corporation - Class B Common Stock,EQUITY,NASDAQ,31.75
NXPI,NXP Semiconductors N.V. - Common Stock,EQUITY,NASDAQ,238.08
NZAC,State Street SPDR MSCI ACWI Climate Paris Aligned ETF,ETF,NASDAQ,47.03
OBIO,"Orchestra BioMed Holdings, Inc. - Ordinary Shares",EQUITY,NASDAQ,5.95
OBTC,Osprey Bitcoin Trust,ETF,NASDAQ,26.92
OCTV,Octave Intelligence plc - Class B Ordinary Shares,EQUITY,NASDAQ,18.83
ODTE,VegaShares SPX NDX RTY Premium Income ETF,ETF,NASDAQ,25.13
OHAC,Oceanhawk Acquisition Corp. - Class A Ordinary Shares,EQUITY,NASDAQ,10.0
OIG,Orion180 Insurance Group Inc. - Class A Common Stock,EQUITY,NASDAQ,9.57
OKTA,"Okta, Inc. - Class A Common Stock",EQUITY,NASDAQ,195.19
OLLI,"Ollie's Bargain Outlet Holdings, Inc. - Common Stock",EQUITY,NASDAQ,84.25
OMER,Omeros Corporation - Common Stock,EQUITY,NASDAQ,20.08
OPPJ,WisdomTree Japan Opportunities Fund,ETF,NASDAQ,59.93
OPRA,Opera Limited - American Depositary Shares,EQUITY,NASDAQ,17.65
OPRX,OptimizeRx Corporation - Common Stock,EQUITY,NASDAQ,8.04
OPTX,"Syntec Optics Holdings, Inc. - Class A Common Stock",EQUITY,NASDAQ,7.4
OPTZ,Optimize Strategy Index ETF,ETF,NASDAQ,45.6
ORCU,Direxion Daily ORCL Bull 2X ETF,ETF,NASDAQ,6.56
OSIS,"OSI Systems, Inc. - Common Stock",EQUITY,NASDAQ,197.24
OSPR,Osprey Acquisition Corp. III - Class A Ordinary Shares,EQUITY,NASDAQ,9.83
OTTR,Otter Tail Corporation - Common Stock,EQUITY,NASDAQ,89.34
OUST,"Ouster, Inc. - Common Stock",EQUITY,NASDAQ,43.72
PAAC,Proem Acquisition Corp I - Ordinary Shares,EQUITY,NASDAQ,10.07
PACH,Pioneer Acquisition I Corp - Class A Ordinary Shares,EQUITY,NASDAQ,10.33
PAX,Patria Investments Limited - Class A Common Shares,EQUITY,NASDAQ,10.24
PAYP,PayPay Corporation - American Depository Shares,EQUITY,NASDAQ,16.51
PBCS,Portfolio Building Block World Consumer Staples ETF,ETF,NASDAQ,24.76
PBEU,Portfolio Building Block European Banks Index ETF,ETF,NASDAQ,35.35
PCYO,Pure Cycle Corporation - Common Stock,EQUITY,NASDAQ,10.87
PDDL,GraniteShares 2x Long PDD Daily ETF,ETF,NASDAQ,10.66
PDP,Invesco Dorsey Wright Momentum ETF,ETF,NASDAQ,139.13
PENN,"PENN Entertainment, Inc. - Common Stock",EQUITY,NASDAQ,15.65
PESI,"Perma-Fix Environmental Services, Inc. - Common Stock",EQUITY,NASDAQ,15.65
PKBK,"Parke Bancorp, Inc. - Common Stock",EQUITY,NASDAQ,33.77
PKOH,Park-Ohio Holdings Corp. - Common Stock,EQUITY,NASDAQ,48.04
PLCI,Pelican Acquisition II Corporation - Ordinary Shares,EQUITY,NASDAQ,9.89
PLMK,Plum Acquisition Corp. IV - Class A Ordinary Shares,EQUITY,NASDAQ,10.72
PLMR,"Palomar Holdings, Inc. - Common stock",EQUITY,NASDAQ,123.99
PLTG,Leverage Shares 2X Long PLTR Daily ETF,ETF,NASDAQ,20.49
PLTZ,Defiance Daily Target 2x Short PLTR ETF,ETF,NASDAQ,7.72
PLUS,ePlus inc. - Common Stock,EQUITY,NASDAQ,90.51
PLYY,GraniteShares YieldBOOST PLTR ETF,ETF,NASDAQ,8.09
PNRG,PrimeEnergy Resources Corporation - Common Stock,EQUITY,NASDAQ,208.67
PPC,Pilgrim's Pride Corporation - Common Stock,EQUITY,NASDAQ,27.82
PPLI,People Incorporated - Common Stock,EQUITY,NASDAQ,40.0
PQOC,PGIM Nasdaq-100 Buffer 12 ETF - October,ETF,NASDAQ,32.37
PRN,Invesco Dorsey Wright Industrials Momentum ETF,ETF,NASDAQ,201.36
PSC,Principal U.S. Small-Cap ETF,ETF,NASDAQ,67.49
PSCD,Invesco S&P SmallCap Consumer Discretionary ETF,ETF,NASDAQ,108.16
PSCH,Invesco S&P SmallCap Health Care ETF,ETF,NASDAQ,52.79
PSL,Invesco Dorsey Wright Consumer Staples Momentum ETF,ETF,NASDAQ,107.61
PSTR,PeakShares Sector Rotation ETF,ETF,NASDAQ,31.49
PTC,PTC Inc. - Common Stock,EQUITY,NASDAQ,138.12
PTF,Invesco Dorsey Wright Technology Momentum ETF,ETF,NASDAQ,109.54
PUI,Invesco Dorsey Wright Utilities Momentum ETF,ETF,NASDAQ,41.23
PURR,Hyperliquid Strategies Inc - Common Stock,EQUITY,NASDAQ,12.85
PWRL,Powerlaw Corp. - Common Stock,EQUITY,NASDAQ,11.01
PYPD,PolyPid Ltd. - Ordinary Shares,EQUITY,NASDAQ,5.22
PYPG,Leverage Shares 2X Long PYPL Daily ETF,ETF,NASDAQ,7.59
PYPL,"PayPal Holdings, Inc. - Common Stock",EQUITY,NASDAQ,55.04
QADR,QDRO Acquisition Corp. - Class A Ordinary Shares,EQUITY,NASDAQ,9.99
QALT,SEI DBi Multi-Strategy Alternative ETF,ETF,NASDAQ,26.18
QB,ProShares Nasdaq-100 Dynamic Buffer ETF,ETF,NASDAQ,49.4
QBIG,Invesco Top QQQ ETF,ETF,NASDAQ,42.23
QBY,GraniteShares YieldBoost QBTS ETF,ETF,NASDAQ,5.7
QCML,GraniteShares 2x Long QCOM Daily ETF,ETF,NASDAQ,22.05
QCMU,Direxion Daily QCOM Bull 2X ETF,ETF,NASDAQ,27.46
QDEL,QuidelOrtho Corporation - Common Stock,EQUITY,NASDAQ,10.94
QEW,Invesco QQQ Equal Weight ETF,ETF,NASDAQ,30.0
QMLS,"QumulusAI, Inc. - Common Stock",EQUITY,NASDAQ,7.12
QNCX,"Quince Therapeutics, Inc. - Common Stock",EQUITY,NASDAQ,31.0
QNXT,iShares Nasdaq-100 ex Top 30 ETF,ETF,NASDAQ,31.11
QQQA,ProShares Nasdaq-100 Dorsey Wright Momentum ETF,ETF,NASDAQ,71.88
QQQE,Direxion NASDAQ-100 Equal Weighted Index ETF,ETF,NASDAQ,121.02
QQQI,NEOS Nasdaq 100 High Income ETF,ETF,NASDAQ,55.76
QUIK,QuickLogic Corporation - Common Stock,EQUITY,NASDAQ,10.96
QVCG,"QVC Group, Inc. - Common Stock",EQUITY,NASDAQ,14.21
QXL,Quantum X Labs Inc. - Common Stock,EQUITY,NASDAQ,5.0
RACC,Research Alliance Corporation III - Class A Ordinary Shares,EQUITY,NASDAQ,10.92
RACD,Research Alliance Corporation IV - Class A Ordinary Shares,EQUITY,NASDAQ,12.01
RBB,RBB Bancorp - Common Stock,EQUITY,NASDAQ,26.58
RDAG,Republic Digital Acquisition Company - Class A Ordinary Shares,EQUITY,NASDAQ,10.43
RDNW,"RideNow Group, Inc. - Class B Common Stock",EQUITY,NASDAQ,6.06
REAX,Real REMAX Group Inc. - Common Stock,EQUITY,NASDAQ,16.43
REYN,Reynolds Consumer Products Inc. - Common Stock,EQUITY,NASDAQ,21.67
RGEN,Repligen Corporation - Common Stock,EQUITY,NASDAQ,189.68
RGTZ,Defiance Daily Target 2x Short RGTI ETF,ETF,NASDAQ,13.99
RIVN,"Rivian Automotive, Inc. - Class A Common Stock",EQUITY,NASDAQ,15.47
RKLX,Defiance Daily Target 2X Long RKLB ETF,ETF,NASDAQ,19.34
RMBI,"Richmond Mutual Bancorporation, Inc. - Common Stock",EQUITY,NASDAQ,15.26
RNEM,Emerging Markets Equity Select ETF,ETF,NASDAQ,55.47
ROCY,JPMorgan Equity Premium Yield ETF,ETF,NASDAQ,55.34
ROMA,Roma Green Finance Limited - Class A Ordinary Shares,EQUITY,NASDAQ,8.97
RUN,Sunrun Inc. - Common Stock,EQUITY,NASDAQ,8.11
RUNN,Running Oak Efficient Growth ETF,ETF,NASDAQ,32.81
RUSHB,"Rush Enterprises, Inc. - Class B Common Stock",EQUITY,NASDAQ,55.19
RVNL,GraniteShares 2x Long RIVN Daily ETF,ETF,NASDAQ,22.58
RWIN,Rayliant NxtGen Multifactor International Equity ETF,ETF,NASDAQ,27.32
RYTM,"Rhythm Pharmaceuticals, Inc. - Common Stock",EQUITY,NASDAQ,98.66
SAFT,"Safety Insurance Group, Inc. - Common Stock",EQUITY,NASDAQ,103.51
SAMG,Silvercrest Asset Management Group Inc. - Common Stock,EQUITY,NASDAQ,10.3
SBFG,"SB Financial Group, Inc. - Common Stock",EQUITY,NASDAQ,29.86
SBLK,Star Bulk Carriers Corp. - Common Shares,EQUITY,NASDAQ,29.54
SCPQ,Social Commerce Partners Corporation - Class A Ordinary Shares,EQUITY,NASDAQ,10.05
SCTX,Scribe Therapeutics Inc. - Common Stock,EQUITY,NASDAQ,21.28
SEEM,SEI Select Emerging Markets Equity ETF,ETF,NASDAQ,39.5
SEIS,SEI Select Small Cap ETF,ETF,NASDAQ,31.51
SGRY,"Surgery Partners, Inc. - Common Stock",EQUITY,NASDAQ,14.4
SHAZ,"SharonAI Holdings, Inc. - Class A Common Stock",EQUITY,NASDAQ,54.68
SHRY,First Trust Bloomberg Shareholder Yield ETF,ETF,NASDAQ,45.02
SIBN,"SI-BONE, Inc. - Common Stock",EQUITY,NASDAQ,18.59
SLGL,Sol-Gel Technologies Ltd. - Ordinary Shares,EQUITY,NASDAQ,66.85
SLM,SLM Corporation - Common Stock,EQUITY,NASDAQ,23.66
SLQD,iShares 0-5 Year Investment Grade Corporate Bond ETF,ETF,NASDAQ,49.55
SMID,Smith-Midland Corporation - Common Stock,EQUITY,NASDAQ,24.28
SNDX,"Syndax Pharmaceuticals, Inc. - Common Stock",EQUITY,NASDAQ,18.2
SNWV,"SANUWAVE Health, Inc. - Common Stock",EQUITY,NASDAQ,5.04
SOFX,Defiance Daily Target 2X Long SOFI ETF,ETF,NASDAQ,7.73
SOLS,Solstice Advanced Materials Inc. - Common Stock,EQUITY,NASDAQ,56.65
SOXQ,Invesco PHLX Semiconductor ETF,ETF,NASDAQ,99.68
SPOG,Leverage Shares 2X Long SPOT Daily ETF,ETF,NASDAQ,7.21
SRBK,"SR Bancorp, Inc. - Common stock",EQUITY,NASDAQ,19.2
SRPT,"Sarepta Therapeutics, Inc. - Common Stock",EQUITY,NASDAQ,18.67
SRRK,Scholar Rock Holding Corporation - Common Stock,EQUITY,NASDAQ,48.63
SRTA,"Strata Critical Medical, Inc. - Class A Common Stock",EQUITY,NASDAQ,5.33
SSS,CYBER HORNET S&P 500 and Solana 75/25 Strategy ETF,ETF,NASDAQ,23.82
STGW,Stagwell Inc. - Class A Common Stock,EQUITY,NASDAQ,8.32
STRA,"Strategic Education, Inc. - Common Stock",EQUITY,NASDAQ,76.83
STRO,"Sutro Biopharma, Inc. - Common Stock",EQUITY,NASDAQ,15.98
STRZ,Starz Entertainment Corp. - Common Shares,EQUITY,NASDAQ,21.07
SUJA,"Suja Life, Inc. - Class A Common Stock",EQUITY,NASDAQ,8.61
SWKS,"Skyworks Solutions, Inc. - Common Stock",EQUITY,NASDAQ,89.34
SWMR,"Swarmer, Inc - common stock",EQUITY,NASDAQ,20.73
SWP,SWP Growth & Income ETF,ETF,NASDAQ,27.95
SYBT,"Stock Yards Bancorp, Inc. - Common Stock",EQUITY,NASDAQ,78.57
SYM,Symbotic Inc. - Class A Common Stock,EQUITY,NASDAQ,43.47
SYNA,Synaptics Incorporated - Common Stock,EQUITY,NASDAQ,102.72
TCAN,21Shares Canton Network ETF,ETF,NASDAQ,22.13
TDOT,21shares Polkadot Staking ETF,ETF,NASDAQ,14.31
TEAM,Atlassian Corporation  - Class A Common Stock,EQUITY,NASDAQ,187.74
TECY,GraniteShares YieldBOOST Technology ETF,ETF,NASDAQ,21.06
TJGC,TJGC Group Limited - Class A Ordinary Shares,EQUITY,NASDAQ,26.24
TKNS,21Shares Active Crypto ETF,ETF,NASDAQ,29.91
TLG,Touchstone Large Company Growth ETF,ETF,NASDAQ,28.05
TLX,Telix Pharmaceuticals Limited - American Depositary Shares,EQUITY,NASDAQ,11.45
TMID,T. Rowe Price Mid Cap Equity Research ETF,ETF,NASDAQ,25.21
TMUS,"T-Mobile US, Inc. - Common Stock",EQUITY,NASDAQ,165.43
TRIB,Trinity Biotech plc - American Depositary Shares,EQUITY,NASDAQ,6.76
TRIP,"TripAdvisor, Inc. - Common Stock",EQUITY,NASDAQ,8.41
TRMD,TORM plc - Class A Common Stock,EQUITY,NASDAQ,34.32
TRT,Trio-Tech International - Common Stock,EQUITY,NASDAQ,6.22
TRUD,VanEck Consumer Discretionary TruSector ETF,ETF,NASDAQ,24.92
TRUP,"Trupanion, Inc. - Common Stock",EQUITY,NASDAQ,23.16
TSCO,Tractor Supply Company - Common Stock,EQUITY,NASDAQ,32.27
TSYY,GraniteShares YieldBOOST TSLA ETF,ETF,NASDAQ,20.34
TURF,T. Rowe Price Natural Resources ETF,ETF,NASDAQ,34.18
TVTX,"Travere Therapeutics, Inc. - Common Stock",EQUITY,NASDAQ,59.44
TWFG,"TWFG, Inc. - Common Stock",EQUITY,NASDAQ,24.15
TXRH,"Texas Roadhouse, Inc. - Common Stock",EQUITY,NASDAQ,159.75
TXXH,21Shares 2x Long HYPE ETF,ETF,NASDAQ,76.5
TZOO,Travelzoo - Common Stock,EQUITY,NASDAQ,5.58
UBCP,"United Bancorp, Inc. - Common Stock",EQUITY,NASDAQ,14.82
UCFI,CN Healthy Food Tech Group Corp. - Common Stock,EQUITY,NASDAQ,5.51
UFO,Procure Space ETF,ETF,NASDAQ,43.55
UFPI,"UFP Industries, Inc. - Common Stock",EQUITY,NASDAQ,79.49
UMMA,Wahed Dow Jones Islamic World ETF,ETF,NASDAQ,37.12
UPGR,Xtrackers US Green Infrastructure Select Equity ETF,ETF,NASDAQ,21.98
UPWK,Upwork Inc. - Common Stock,EQUITY,NASDAQ,8.15
USDE,StablecoinX Inc. - Class A Common Stock,EQUITY,NASDAQ,17.25
USLM,"United States Lime & Minerals, Inc. - Common Stock",EQUITY,NASDAQ,111.4
UTMD,"Utah Medical Products, Inc. - Common Stock",EQUITY,NASDAQ,74.18
UVSP,Univest Financial Corporation - Common Stock,EQUITY,NASDAQ,42.16
UYLD,Angel Oak UltraShort Income ETF,ETF,NASDAQ,50.93
VALG,Leverage Shares 2X Long VALE Daily ETF,ETF,NASDAQ,14.68
VALU,"Value Line, Inc. - Common Stock",EQUITY,NASDAQ,40.16
VCEL,Vericel Corporation - Common Stock,EQUITY,NASDAQ,39.71
VCRB,Vanguard Core Bond ETF,ETF,NASDAQ,74.13
VEEE,Twin Vee PowerCats Co. - Common Stock,EQUITY,NASDAQ,13.95
VERX,"Vertex, Inc. - Class A Common Stock",EQUITY,NASDAQ,11.37
VICR,Vicor Corporation - Common Stock,EQUITY,NASDAQ,281.96
VMAR,Vision Marine Technologies Inc. - Common Shares,EQUITY,NASDAQ,7.83
VPLS,Vanguard Core Plus Bond ETF,ETF,NASDAQ,74.55
VSNT,"Versant Media Group, Inc. - Class A Common Stock",EQUITY,NASDAQ,32.8
VSOL,VanEck Solana ETF,ETF,NASDAQ,16.4
WABF,Western Asset Bond ETF,ETF,NASDAQ,23.83
WCBR,WisdomTree Cybersecurity Fund,ETF,NASDAQ,44.45
WDFC,WD-40 Company - Common Stock,EQUITY,NASDAQ,199.17
WFRD,Weatherford International plc - Ordinary shares,EQUITY,NASDAQ,85.08
WGMI,CoinShares Bitcoin Mining and Digital Power ETF,ETF,NASDAQ,48.22
WGS,GeneDx Holdings Corp. - Class A Common Stock,EQUITY,NASDAQ,88.4
WLCO,Wilco 63 Corporation - Class A Ordinary Shares,EQUITY,NASDAQ,9.82
WOOD,iShares Global Timber & Forestry ETF,ETF,NASDAQ,69.31
WRD,WeRide Inc. - American Depositary Shares,EQUITY,NASDAQ,5.53
WRLD,World Acceptance Corporation - Common Stock,EQUITY,NASDAQ,171.99
WSTN,Westin Acquisition Corp - Class A Ordinary Share,EQUITY,NASDAQ,10.19
WTBA,West Bancorporation - Common Stock,EQUITY,NASDAQ,29.19
WTBN,WisdomTree Bianco Total Return Fund,ETF,NASDAQ,24.09
XAIX,Xtrackers Artificial Intelligence and Big Data ETF,ETF,NASDAQ,59.51
XCBE,X3 Acquisition Corp. Ltd. - Class A Ordinary Shares,EQUITY,NASDAQ,10.01
XNCR,"Xencor, Inc. - Common Stock",EQUITY,NASDAQ,23.8
XRPC,Canary XRP ETF,ETF,NASDAQ,16.69
XRPI,Volatility Shares Trust XRP ETF,ETF,NASDAQ,8.49
XSPI,NEOS Boosted S&P 500 High Income ETF,ETF,NASDAQ,50.25
XYZG,Leverage Shares 2X Long XYZ Daily ETF,ETF,NASDAQ,15.5
YRAM,YieldMax Memory and Storage Portfolio Option Income ETF,ETF,NASDAQ,54.92
YSWY,"Yesway, Inc. - Class A Common Stock",EQUITY,NASDAQ,19.32
Z,"Zillow Group, Inc. - Class C Capital Stock",EQUITY,NASDAQ,28.43
ZHOG,F/m Opportunistic Income ETF,ETF,NASDAQ,50.33
ZLAB,Zai Lab Limited - American Depositary Shares,EQUITY,NASDAQ,24.98
ZM,"Zoom Communications, Inc. - Class A Common Stock",EQUITY,NASDAQ,89.71
AAPX,T-Rex 2X Long Apple Daily Target ETF,ETF,BATS,41.87
ACEL,"Accel Entertainment, Inc.",EQUITY,NYSE,11.07
ACVT,Advent Convertible Bond ETF,ETF,NYSE ARCA,28.4
ADIV,Guinness Atkinson Asia Pacific Dividend Builder ETF,ETF,NYSE ARCA,19.49
ADM,Archer-Daniels-Midland Company Common Stock,EQUITY,NYSE,81.12
AEHG,Leverage Shares 2X Long AEHR Daily ETF,ETF,BATS,9.75
AELV,Harbor AlphaEdge Large Cap Value ETF,ETF,NYSE ARCA,26.42
AEMG,Harbor AlphaEdge Mid Cap Growth ETF,ETF,NYSE ARCA,19.6
AEMV,Harbor AlphaEdge Mid Cap Value ETF,ETF,NYSE ARCA,19.34
AEO,"American Eagle Outfitters, Inc. Common Stock",EQUITY,NYSE,16.58
AFGC,"American Financial Group, Inc. 5.125% Subordinated Debentures due 2059",EQUITY,NYSE,18.85
AFGR,First Trust Multi-Manager Large Growth ETF,ETF,NYSE ARCA,38.0
AGBK,AGI Inc Class A Common Shares,EQUITY,NYSE,5.89
AGD,abrdn Global Dynamic Dividend Fund Common Shares of Beneficial Interest,EQUITY,NYSE,11.83
AGGM,iShares 1-10 Year U.S. Aggregate Bond ETF,ETF,NYSE ARCA,100.04
AGGY,WisdomTree Yield Enhanced U.S. Aggregate Bond Fund,ETF,NYSE ARCA,41.48
AGM,Federal Agricultural Mortgage Corporation Common Stock,EQUITY,NYSE,214.01
AGM-A,Federal Agricultural Mortgage Corporation Common Stock,EQUITY,NYSE,146.58
AGOX,Adaptive Alpha Opportunities ETF,ETF,NYSE ARCA,33.66
AGX,"Argan, Inc. Common Stock",EQUITY,NYSE,364.29
AIBF,iShares Future AI Beneficiaries ETF,ETF,NYSE ARCA,25.09
AIOO,AllianzIM U.S. Equity Buffer100 Protection ETF,ETF,BATS,26.48
AIVL,WisdomTree U.S. AI Enhanced Value Fund,ETF,NYSE ARCA,129.18
AIZ,"Assurant, Inc. Common Stock",EQUITY,NYSE,265.0
AJAN,Innovator Equity Defined Protection ETF - 2 Yr to January 2028,ETF,BATS,28.61
AKO-A,Embotelladora Andina S.A. Common Stock,EQUITY,NYSE,25.97
AKR,Acadia Realty Trust Common Stock,EQUITY,NYSE,19.24
ALA,Corgi ALAB 2x Daily ETF,ETF,BATS,15.09
ALB,Albemarle Corporation Common Stock,EQUITY,NYSE,109.73
ALDB,Aptus Laddered Deep Buffer ETF,ETF,BATS,25.95
ALG,"Alamo Group, Inc. Common Stock",EQUITY,NYSE,159.45
ALSN,"Allison Transmission Holdings, Inc. Common Stock",EQUITY,NYSE,113.86
ALUB,Alussa Energy Acquisition Corp. II Class A Ordinary Shares,EQUITY,NYSE,10.12
AMCR,Amcor plc Ordinary Shares,EQUITY,NYSE,42.51
AMDW,Roundhill AMD WeeklyPay ETF,ETF,BATS,106.96
AMHI,American Beacon Aberdeen Municipal High Income ETF,ETF,NYSE ARCA,23.3
AMKL,Defiance Daily Target 2X Long AMKR ETF,ETF,BATS,7.02
AMOM,QRAFT AI-Enhanced U.S. Large Cap Momentum ETF,ETF,NYSE ARCA,61.53
AMRZ,Amrize Ltd Ordinary Shares,EQUITY,NYSE,38.22
AMUB,"ETRACS Alerian MLP Index ETN Series B due July 18, 2042",EQUITY,NYSE ARCA,22.27
AMZP,Kurv Yield Premium Strategy Amazon (AMZN) ETF,ETF,BATS,25.0
AMZY,YieldMax AMZN Option Income Strategy ETF,ETF,NYSE ARCA,10.31
AN,"AutoNation, Inc. Common Stock",EQUITY,NYSE,166.98
AOD,abrdn Total Dynamic Dividend Fund Common Shares of Beneficial Interest,EQUITY,NYSE,10.3
APD,"Air Products and Chemicals, Inc. Common Stock",EQUITY,NYSE,281.76
APMU,ActivePassive Intermediate Municipal Bond ETF,ETF,NYSE ARCA,23.95
APOC,Innovator Equity Defined Protection ETF - 6mo Apr/Oct,ETF,BATS,26.63
APRJ,Innovator Premium Income 30 Barrier ETF - April,ETF,BATS,25.01
AQEC,AQE Core ETF,ETF,BATS,25.86
ARE,"Alexandria Real Estate Equities, Inc. Common Stock",EQUITY,NYSE,49.93
ARES,Ares Management Corporation Class A Common Stock,EQUITY,NYSE,122.01
ARKG,ARK Genomic Revolution ETF,ETF,BATS,53.36
ARKQ,ARK Autonomous Technology & Robotics ETF,ETF,BATS,124.42
ARL,"American Realty Investors, Inc. Common Stock",EQUITY,NYSE,16.21
ARMS,Aristotle Multi-Sector Income ETF,ETF,NYSE ARCA,24.66
ARP,PMV Adaptive Risk Parity ETF,ETF,NYSE ARCA,34.48
AS,"Amer Sports, Inc. Ordinary Shares",EQUITY,NYSE,27.77
ASG,"Liberty All-Star Growth Fund, Inc.",EQUITY,NYSE,5.1
ASGI,abrdn Global Infrastructure Income Fund Common Shares of Beneficial Interest,EQUITY,NYSE,19.26
ASGM,Virtus AlphaSimplex Global Macro ETF,ETF,NYSE ARCA,33.31
ASTN,Defiance Daily Target 2X Short ASTS ETF,ETF,BATS,17.0
ATEN,"A10 Networks, Inc. Common Stock",EQUITY,NYSE,25.73
ATFV,Alger 35 ETF,ETF,NYSE ARCA,40.86
ATR,"AptarGroup, Inc. Common Stock",EQUITY,NYSE,123.87
ATS,ATS Corporation Common Shares,EQUITY,NYSE,19.1
AUB,Atlantic Union Bankshares Corporation Common Stock,EQUITY,NYSE,38.78
AUGW,AllianzIM U.S. Large Cap Buffer20 Aug ETF,ETF,BATS,34.89
AUSF,Global X Adaptive U.S. Factor ETF,ETF,NYSE ARCA,49.66
AVLV,Avantis U.S. Large Cap Value ETF,ETF,NYSE ARCA,91.84
AVUV,Avantis U.S. Small Cap Value ETF,ETF,NYSE ARCA,120.41
AWAY,Amplify Travel Tech ETF,ETF,NYSE ARCA,16.85
AWK,"American Water Works Company, Inc. Common Stock",EQUITY,NYSE,130.91
AXR,AMREP Corporation Common Stock,EQUITY,NYSE,22.37
AZZ,AZZ Inc.,EQUITY,NYSE,137.17
BABA,Alibaba Group Holding Limited American Depositary Shares each representing eight Ordinary share,EQUITY,NYSE,109.74
BAC,Bank of America Corporation Common Stock,EQUITY,NYSE,56.7
BAGX,EA Bridgeway Aggressive Investors ETF,ETF,BATS,100.41
BALT,Innovator Defined Wealth Shield ETF,ETF,BATS,35.0
BBAX,JPMorgan BetaBuilders Developed Asia Pacific-ex Japan ETF,ETF,BATS,61.85
BBBS,BondBloxx BBB Rated 1-5 Year Corporate Bond ETF,ETF,NYSE ARCA,49.96
BBCA,JPMorgan BetaBuilders Canada ETF,ETF,BATS,102.47
BBLB,JPMorgan BetaBuilders U.S. Treasury Bond 20+ Year ETF,ETF,BATS,74.94
BBLU,EA Bridgeway Blue Chip ETF,ETF,NYSE ARCA,17.4
BBN,BlackRock Taxable Municipal Bond Trust Common Shares of Beneficial Interest,EQUITY,NYSE,14.47
BC,Brunswick Corporation Common Stock,EQUITY,NYSE,67.19
BCCC,Global X Bitcoin Covered Call ETF,ETF,BATS,13.46
BCD,abrdn Bloomberg All Commodity Longer Dated Strategy K-1 Free ETF,ETF,NYSE ARCA,38.96
BCEM,Baron Emerging Markets Select ETF,ETF,NYSE,27.17
BCHP,Principal Focused Blue Chip ETF,ETF,BATS,37.87
BCSS,Bain Capital GSS Investment Corp. Class A Ordinary Shares,EQUITY,NYSE,10.31
BEGS,Rareview 2x Bull Cryptocurrency & Precious Metals ETF,ETF,BATS,18.97
BENJ,Horizon Landmark ETF,ETF,NYSE ARCA,53.27
BF-A,Brown Forman Inc Class A Common Stock,EQUITY,NYSE,26.69
BFAM,Bright Horizons Family Solutions Inc. Common Stock,EQUITY,NYSE,65.86
BGDV,Bahl & Gaynor Dividend ETF,ETF,NYSE ARCA,30.53
BILS,State Street SPDR Bloomberg 3-12 Month T-Bill ETF,ETF,NYSE ARCA,99.29
BIO,"Bio-Rad Laboratories, Inc. Class A Common Stock",EQUITY,NYSE,381.0
BITO,ProShares Bitcoin ETF,ETF,NYSE ARCA,11.27
BIV,Vanguard Intermediate-Term Bond ETF,ETF,NYSE ARCA,73.34
BKH,Black Hills Corporation Common Stock,EQUITY,NYSE,70.46
BKUI,BNY Mellon Ultra Short Income ETF,ETF,NYSE ARCA,49.58
BLDG,Cambria Global Real Estate ETF,ETF,BATS,25.36
BLES,Inspire Global Hope ETF,ETF,NYSE ARCA,47.98
BLK,"BlackRock, Inc. Common Stock",EQUITY,NYSE,1086.31
BLW,Blackrock Limited Duration Income Trust,EQUITY,NYSE,11.61
BMSI,BNY Mellon Muti-Sector Income ETF,ETF,BATS,24.86
BNDD,Quadratic Deflation ETF,ETF,NYSE ARCA,96.56
BNKU,"MicroSectors U.S. Big Banks 3 Leveraged ETNs due February 17, 2045",ETF,NYSE ARCA,35.75
BNT,Brookfield Wealth Solutions Ltd. Class A Exchangeable Limited Voting Shares,EQUITY,NYSE,36.82
BOBS,"Bob's Discount Furniture, Inc. Common Stock",EQUITY,NYSE,13.75
BOX,"Box, Inc. Class A Common Stock",EQUITY,NYSE,31.39
BOXX,Alpha Architect 1-3 Month Box ETF,ETF,BATS,118.35
BPRE,Bluerock Private Real Estate Fund Common Shares of Beneficial Interest,EQUITY,NYSE,12.35
BPRO,Bitwise Proficio Currency Debasement ETF,ETF,NYSE ARCA,20.93
BRCC,BRC Inc. Class A Common Stock,EQUITY,NYSE,9.22
BRIF,FIS Bright Portfolios Focused Equity ETF,ETF,NYSE ARCA,37.36
BRLN,iShares Floating Rate Loan Active ETF,ETF,BATS,50.72
BRZD,MicroSectors -3x Short Brazil ETNs,ETF,BATS,39.02
BTCC,Grayscale Bitcoin High Income ETF,ETF,NYSE ARCA,13.7
BTZ,BlackRock Credit Allocation Income Trust,EQUITY,NYSE,9.48
BUCK,Simplify Treasury Option Income ETF,ETF,NYSE ARCA,23.2
BUFF,Innovator Laddered Allocation Power Buffer ETF,ETF,BATS,54.07
BUFR,FT Vest Laddered Buffer ETF,ETF,BATS,37.68
BULZ,MicroSectors FANG & Innovation 3x Leveraged ETN,ETF,NYSE ARCA,45.48
BURL,"Burlington Stores, Inc. Common Stock",EQUITY,NYSE,254.69
BUYW,Main BuyWrite ETF,ETF,BATS,14.48
BUZZ,VanEck Social Sentiment ETF,ETF,NYSE ARCA,39.29
BWA,BorgWarner Inc. Common Stock,EQUITY,NYSE,61.32
BWLP,BW LPG Limited Common Shares,EQUITY,NYSE,24.23
BWQG,BWM Quality Growth ETF,ETF,BATS,26.81
BWTG,Brendan Wood TopGun Index ETF,ETF,BATS,41.77
BXP,"BXP, Inc. Common Stock",EQUITY,NYSE,63.4
BY,"Byline Bancorp, Inc. Common Stock",EQUITY,NYSE,37.44
CABZ,"Roundhill Robotaxi, Autonomous Vehicles & Technology ETF",ETF,BATS,20.4
CAF,Morgan Stanley China A Share Fund Inc. Common Stock,EQUITY,NYSE,18.46
CAG,"ConAgra Brands, Inc. Common Stock",EQUITY,NYSE,14.32
CAL,"Caleres, Inc. Common Stock",EQUITY,NYSE,12.52
CAPA,Defiance AI Capacitors & MLCC ETF,ETF,BATS,26.68
CAVA,"CAVA Group, Inc. Common Stock",EQUITY,NYSE,51.58
CBL,"CBL & Associates Properties, Inc. Common Stock",EQUITY,NYSE,51.91
CBOA,Calamos Bitcoin Structured Alt Protection ETF - April,ETF,BATS,25.08
CBOL,Calamos Laddered Bitcoin Structured Alt Protection ETF,ETF,BATS,24.05
CBOO,Calamos Bitcoin Structured Alt Protection ETF - October,ETF,BATS,24.68
CBXA,Calamos Bitcoin 90 Series Structured Alt Protection ETF - April,ETF,BATS,23.73
CBXL,Calamos Laddered Bitcoin 90 Series Structured Alt Protection ETF,ETF,BATS,21.43
CBXY,Calamos Bitcoin 90 Series Structured Alt Protection ETF - July,ETF,BATS,24.03
CCS,"Century Communities, Inc. Common Stock",EQUITY,NYSE,62.66
CCZ,Comcast Holdings ZONES,EQUITY,NYSE,64.67
CDE,"Coeur Mining, Inc. Common Stock",EQUITY,NYSE,19.22
CDPI,Columbia High Dividend Premium Income ETF,ETF,NYSE ARCA,19.83
CEFD,ETRACS Monthly Pay 1.5X Leveraged Closed-End Fund Index ETN,ETF,NYSE ARCA,17.86
CEV,Eaton Vance California Municipal Income Trust Shares of Beneficial Interest,EQUITY,NYSE AMERICAN,9.99
CGAU,Centerra Gold Inc. Common Shares,EQUITY,NYSE,22.56
CGGO,Capital Group Global Growth Equity ETF,ETF,NYSE ARCA,40.26
CGHM,Capital Group Municipal High-Income ETF,ETF,NYSE ARCA,24.31
CGIC,Capital Group International Core Equity ETF,ETF,NYSE ARCA,36.68
CGMU,Capital Group Municipal Income ETF,ETF,NYSE ARCA,26.06
CGVV,Capital Group U.S. Large Value ETF,ETF,NYSE ARCA,31.45
CHAT,Roundhill Generative AI & Technology ETF,ETF,NYSE ARCA,92.98
CHPY,YieldMax Semiconductor Portfolio Option Income ETF,ETF,NYSE ARCA,70.33
CHT,"Chunghwa Telecom Co., Ltd.",EQUITY,NYSE,46.15
CIEI,Corgi 3-7 Year Treasury Bond ETF,ETF,BATS,24.36
CIEN,Ciena Corporation Common Stock,EQUITY,NYSE,356.91
CIFU,T-REX 2X Long CIFR Daily Target ETF,ETF,BATS,11.15
CIM,Chimera Investment Corporation Common Stock,EQUITY,NYSE,10.34
CIVG,Corgi 1-5 Year Investment Grade Corporate Bond ETF,ETF,BATS,24.61
CL,Colgate-Palmolive Company Common Stock,EQUITY,NYSE,86.06
CLB,Core Laboratories Inc. Common Stock,EQUITY,NYSE,10.39
CLBR,Colombier Acquisition Corp. III Class A Ordinary Shares,EQUITY,NYSE,10.2
CLCG,Crossmark Large Cap Growth ETF,ETF,NYSE ARCA,29.33
CLCV,Crossmark Large Cap Value ETF,ETF,NYSE ARCA,30.79
CLOC,AAM Crescent CLO ETF,ETF,NYSE ARCA,25.15
CLX,Clorox Company (The) Common Stock,EQUITY,NYSE,83.8
CMT,Core Molding Technologies Inc Common Stock,EQUITY,NYSE AMERICAN,23.21
CNAV,Mohr Company Nav ETF,ETF,BATS,41.39
CNQ,Canadian Natural Resources Limited Common Stock,EQUITY,NYSE,47.41
CNS,Cohen & Steers Inc Common Stock,EQUITY,NYSE,74.2
CON,"Concentra Group Holdings Parent, Inc. Common Stock",EQUITY,NYSE,35.01
COP,ConocoPhillips Common Stock,EQUITY,NYSE,127.3
COPL,Copley Acquisition Corp Ordinary Shares,EQUITY,NYSE,10.56
COPX,Global X Copper Miners ETF,ETF,NYSE ARCA,86.73
COPY,"Tweedy, Browne Insider + Value ETF",ETF,NYSE ARCA,15.51
COZX,Tradr 2X Long CORZ Daily ETF,ETF,BATS,8.16
CPK,Chesapeake Utilities Corporation Common Stock,EQUITY,NYSE,128.77
CPLB,NYLIM MacKay Core Plus Bond ETF,ETF,NYSE ARCA,20.22
CPNJ,Calamos Nasdaq - 100 Structured Alt Protection ETF -June,ETF,NYSE ARCA,27.84
CPNM,Calamos Nasdaq-100 Structured Alt Protection ETF - March,ETF,NYSE ARCA,27.14
CPST,Calamos S&P 500 Structured Alt Protection ETF  September,ETF,NYSE ARCA,28.14
CRCA,ProShares Ultra CRCL,ETF,NYSE ARCA,20.47
CRCO,YieldMax CRCL Option Income Strategy ETF,ETF,NYSE ARCA,14.16
CRS,Carpenter Technology Corporation Common Stock,EQUITY,NYSE,396.84
CRXP,Columbia Core Plus Bond ETF,ETF,NYSE ARCA,18.9
CSV,"Carriage Services, Inc. Common Stock",EQUITY,NYSE,31.94
CTAU,Corgi U.S. Equities 30% Structured Buffer ETF - August Series,ETF,BATS,25.37
CTEV,Claritev Corporation Class A Common Stock,EQUITY,NYSE,23.2
CTIF,Castellan Targeted Income ETF,ETF,BATS,52.61
CTJN,Corgi U.S. Equities 30% Structured Buffer ETF - June Series,ETF,BATS,25.43
CTOS,"Custom Truck One Source, Inc. Common Stock",EQUITY,NYSE,9.45
CVEO,Civeo Corporation (Canada) Common Shares,EQUITY,NYSE,32.47
CVLG,"Covenant Logistics Group, Inc. Class A Common Stock",EQUITY,NYSE,32.47
CVNA,Carvana Co. Class A Common Stock,EQUITY,NYSE,65.06
CWI,State Street SPDR MSCI ACWI ex-US ETF,ETF,NYSE ARCA,41.03
CWT,California Water Service Group Common Stock,EQUITY,NYSE,46.17
CWVX,Tradr 2X Long CRWV Daily ETF,ETF,BATS,15.46
CXM,"Sprinklr, Inc. Class A Common Stock",EQUITY,NYSE,5.07
DAMD,Defiance Daily Target 2X Short AMD ETF,ETF,NYSE ARCA,8.42
DAO,"Youdao, Inc. American Depositary Shares, each representing one Class A Ordinary Share",EQUITY,NYSE,14.7
DAPR,FT Vest U.S. Equity Deep Buffer ETF - April,ETF,BATS,41.86
DBC,Invesco DB Commodity Index Tracking Fund,ETF,NYSE ARCA,32.62
DBEU,Xtrackers MSCI Europe Hedged Equity ETF,ETF,NYSE ARCA,54.17
DBEZ,Xtrackers MSCI Eurozone Hedged Equity ETF,ETF,NYSE ARCA,62.64
DCO,Ducommun Incorporated Common Stock,EQUITY,NYSE,172.15
DDFN,Innovator Equity Dual Directional 15 Buffer ETF - November,ETF,BATS,20.55
DDTS,Innovator Equity Dual Directional 10 Buffer ETF - September,ETF,BATS,23.05
DDV,Defined Duration 5 ETF,ETF,BATS,25.21
DECK,Deckers Outdoor Corporation Common Stock,EQUITY,NYSE,78.67
DEEP,Acquirers Small and Micro Deep Value ETF,ETF,NYSE ARCA,41.49
DEHP,Dimensional Emerging Markets High Profitability ETF,ETF,NYSE ARCA,42.07
DELL,Dell Technologies Inc. Class C Common Stock,EQUITY,NYSE,562.89
DEPW,Google DeepMind AI Lab Ecosystem ETF,ETF,NYSE ARCA,25.3
DFAE,Dimensional Emerging Core Equity Market ETF,ETF,NYSE ARCA,39.94
DFEV,Dimensional Emerging Markets Value ETF,ETF,NYSE ARCA,42.84
DFGR,Dimensional Global Real Estate ETF,ETF,NYSE ARCA,27.34
DFIP,Dimensional Inflation-Protected Securities ETF,ETF,NYSE ARCA,39.26
DFVE,DoubleLine Fortune 500 Equal Weight ETF,ETF,NYSE ARCA,35.61
DGZ,"DB Gold Short ETN due February 15, 2038",EQUITY,NYSE ARCA,5.48
DHS,WisdomTree U.S. High Dividend Fund,ETF,NYSE ARCA,114.0
DIHP,Dimensional International High Profitability ETF,ETF,BATS,34.14
DINO,HF Sinclair Corporation Common Stock,EQUITY,NYSE,106.82
DIS,Walt Disney Company (The) Common Stock,EQUITY,NYSE,106.15
DIVP,Cullen Enhanced Equity Income ETF,ETF,NYSE ARCA,26.7
DIVS,Guinness Atkinson Dividend Builder ETF,ETF,NYSE ARCA,33.53
DJUN,FT Vest U.S. Equity Deep Buffer ETF - June,ETF,BATS,50.35
DKS,Dick's Sporting Goods Inc Common Stock,EQUITY,NYSE,136.43
DLR,"Digital Realty Trust, Inc. Common Stock",EQUITY,NYSE,178.61
DMAR,FT Vest U.S. Equity Deep Buffer ETF - March,ETF,BATS,45.78
DMXU,Xtrackers Bloomberg Developed Markets ex US Equity ETF,ETF,NYSE ARCA,38.42
DOC,"Healthpeak Properties, Inc. Common Stock",EQUITY,NYSE,20.31
DOCS,"Doximity, Inc. Class A Common Stock",EQUITY,NYSE,26.35
DOW,Dow Inc. Common Stock,EQUITY,NYSE,28.02
DQJN,FT Vest Nasdaq-100 Dual Directional Buffer ETF - June,ETF,BATS,30.29
DRD,DRDGOLD Limited American Depositary Shares,EQUITY,NYSE,25.21
DRI,"Darden Restaurants, Inc. Common Stock",EQUITY,NYSE,199.75
DRKY,VistaShares Target 15 DRUKMacro Distribution ETF,ETF,NYSE ARCA,22.62
DRN,Direxion Daily Real Estate Bull 3X ETF,ETF,NYSE ARCA,8.7
DTF,DTF Tax-Free Income 2028 Term Fund Inc. Common Stock,EQUITY,NYSE,11.27
DULL,"MicroSectors Gold -3X Inverse Leveraged ETNs due January 29, 2043",ETF,NYSE ARCA,59.21
DUNK,Dana Unconstrained Equity ETF,ETF,NYSE ARCA,28.35
DUST,Direxion Daily Gold Miners Index Bear 2X ETF,ETF,NYSE ARCA,36.0
DWMF,WisdomTree International Multifactor Fund,ETF,NYSE ARCA,33.64
DX,"Dynex Capital, Inc. Common Stock",EQUITY,NYSE,11.34
DXD,ProShares UltraShort Dow30,ETF,NYSE ARCA,17.5
DXUV,Dimensional US Vector Equity ETF,ETF,NYSE ARCA,68.15
EAPR,Innovator Emerging Markets Power Buffer ETF April,ETF,NYSE ARCA,34.07
EBS,Emergent BioSolutions Inc. Common Stock,EQUITY,NYSE,6.79
EC,Ecopetrol S.A. American Depositary Shares,EQUITY,NYSE,16.58
EDEN,iShares MSCI Denmark ETF,ETF,BATS,110.87
EDGQ,Global X Nasdaq-100 Income Edge ETF,ETF,NYSE ARCA,28.21
EDGU,3EDGE Dynamic US Equity ETF,ETF,NYSE ARCA,31.86
EDIV,State Street SPDR S&P Emerging Markets Dividend ETF,ETF,NYSE ARCA,40.82
EDOG,ALPS Emerging Sector Dividend Dogs ETF,ETF,NYSE ARCA,23.98
EDU,"New Oriental Education & Technology Group, Inc. Sponsored ADR representing 10 Ordinary Share (Cayman Islands)",EQUITY,NYSE,56.47
EE,"Excelerate Energy, Inc. Class A Common Stock",EQUITY,NYSE,33.09
EEMO,Invesco S&P Emerging Markets Momentum ETF,ETF,NYSE ARCA,23.06
EFAD,ProShares MSCI EAFE Dividend Growers ETF,ETF,BATS,43.62
EFAV,iShares MSCI EAFE Min Vol Factor ETF,ETF,BATS,92.84
EFFE,Harbor Osmosis Emerging Markets Resource Efficient ETF,ETF,NYSE ARCA,28.09
EFNL,iShares MSCI Finland ETF,ETF,BATS,54.88
EFOR,"Everforth, Inc. Common Stock",EQUITY,NYSE,33.12
EFT,Eaton Vance Floating Rate Income Trust Common Shares of Beneficial Interest,EQUITY,NYSE,10.5
EFX,"Equifax, Inc. Common Stock",EQUITY,NYSE,148.11
EFZ,ProShares Short MSCI EAFE,ETF,NYSE ARCA,22.58
EGUS,iShares ESG Aware MSCI USA Growth ETF,ETF,BATS,59.36
EIDO,iShares MSCI Indonesia ETF,ETF,NYSE ARCA,12.0
EINC,VanEck Energy Income ETF,ETF,NYSE ARCA,114.2
EJUL,Innovator Emerging Markets Power Buffer ETF July,ETF,NYSE ARCA,31.6
ELCV,Strategy Shares Eventide High Dividend ETF,ETF,NYSE ARCA,30.75
ELD,WisdomTree Emerging Markets Local Debt Fund,ETF,NYSE ARCA,28.08
ELM,Elm Market Navigator ETF,ETF,NYSE ARCA,29.48
EMM,Global X Emerging Markets ex-China ETF,ETF,NYSE ARCA,45.33
EMOT,First Trust S&P 500 Economic Moat ETF,ETF,NYSE ARCA,26.01
EMXX,Corgi Emerging Markets 2x Daily ETF,ETF,BATS,23.35
ENJ,"Entergy New Orleans, LLC First Mortgage Bonds, 5.0% Series due December 1, 2052",EQUITY,NYSE,19.14
ENOV,Enovis Corporation Common Stock,EQUITY,NYSE,18.46
ENRG,Ninepoint North American Energy Independence ETF,ETF,NYSE ARCA,19.35
ENS,EnerSys Common Stock,EQUITY,NYSE,178.89
EOD,Allspring Global Dividend Opportunity Fund Common Shares of Beneficial Interest,EQUITY,NYSE,6.41
EPC,Edgewell Personal Care Company Common Stock,EQUITY,NYSE,27.82
EPMB,Harbor Mid Cap Core ETF,ETF,NYSE ARCA,26.15
EQBK,"Equity Bancshares, Inc. Class A Common Stock",EQUITY,NYSE,48.36
EQH,"Equitable Holdings, Inc. Common Stock",EQUITY,NYSE,53.84
EROK,"EagleRock Land, LLC Class A shares representing limited liability company interests",EQUITY,NYSE,21.57
ESIM,Eventide International ETF,ETF,NYSE ARCA,29.06
ESML,iShares ESG Aware MSCI USA Small-Cap ETF,ETF,BATS,52.89
ESNT,Essent Group Ltd. Common Shares,EQUITY,NYSE,63.73
ESUM,Eventide US Market ETF,ETF,NYSE ARCA,30.56
ETG,Eaton Vance Tax-Advantaged Global Dividend Income Fund Common Shares of Beneficial Interest,EQUITY,NYSE,23.31
ETHT,ProShares Ultra Ether ETF,ETF,NYSE ARCA,19.65
EUDG,WisdomTree Europe Quality Dividend Growth Fund,ETF,NYSE ARCA,38.35
EVI,"EVI Industries, Inc.  Common Stock",EQUITY,NYSE AMERICAN,20.33
EVIM,Eaton Vance Intermediate Municipal Income ETF,ETF,NYSE ARCA,50.44
EVLU,iShares MSCI Emerging Markets Value Factor ETF,ETF,BATS,41.87
EVN,Eaton Vance Municipal Income Trust Common Stock,EQUITY,NYSE,9.79
EVSM,Eaton Vance Short Duration Municipal Income ETF,ETF,NYSE ARCA,49.25
EVTR,Eaton Vance Total Return Bond ETF,ETF,NYSE,48.75
EWG,iShares MSCI Germany Index Fund,ETF,NYSE ARCA,42.26
EWL,iShares MSCI Switzerland ETF,ETF,NYSE ARCA,60.66
EWM,iShares MSCI Malaysia Index Fund,ETF,NYSE ARCA,27.83
EWS,iShares MSCI Singapore ETF,ETF,NYSE ARCA,33.53
EWV,ProShares UltraShort MSCI Japan,ETF,NYSE ARCA,15.72
EXPD,"Expeditors International of Washington, Inc. Common Stock",EQUITY,NYSE,187.46
EYES,Corgi Data & Surveillance ETF,ETF,BATS,29.15
FARX,Frontier Asset Absolute Return ETF,ETF,NYSE ARCA,30.09
FAUG,FT Vest U.S. Equity Buffer ETF - August,ETF,BATS,58.03
FAZ,Direxion Financial Bear 3X ETF,ETF,NYSE ARCA,36.54
FBRT,"Franklin BSP Realty Trust, Inc. Common Stock",EQUITY,NYSE,6.97
FBY,YieldMax META Option Income Strategy ETF,ETF,NYSE ARCA,9.87
FC,Franklin Covey Company Common Stock,EQUITY,NYSE,17.31
FCLD,Fidelity Cloud Computing ETF,ETF,BATS,45.0
FCOR,Fidelity Corporate Bond ETF,ETF,NYSE ARCA,45.16
FDEC,FT Vest U.S. Equity Buffer ETF - December,ETF,BATS,56.21
FDLS,Inspire Fidelis Multi Factor ETF,ETF,NYSE ARCA,41.67
FDRR,Fidelity Dividend ETF for Rising Rates,ETF,NYSE ARCA,69.23
FDRV,Fidelity Electric Vehicles and Future Transportation ETF,ETF,BATS,16.39
FDXF,"FedEx Freight Holding Company, Inc. Common Stock",EQUITY,NYSE,113.18
FEDU,"Four Seasons Education (Cayman) Inc. American Depositary Shares, each ADS representing 10 ordinary shares",EQUITY,NYSE,10.0
FELC,Fidelity Enhanced Large Cap Core ETF,ETF,NYSE ARCA,43.82
FEMD,First Eagle Mid Cap Equity ETF,ETF,NYSE ARCA,34.47
FF,FutureFuel Corp.  Common shares,EQUITY,NYSE,5.12
FGRU,T-REX 2X Long FIGR Daily Target ETF,ETF,BATS,9.27
FIDI,Fidelity International High Dividend ETF,ETF,NYSE ARCA,28.3
FIVA,Fidelity International Value Factor ETF,ETF,NYSE ARCA,38.77
FIXP,FolioBeyond Enhanced Fixed Income Premium ETF,ETF,NYSE ARCA,19.34
FIXT,TCW Core Plus Bond ETF,ETF,NYSE,36.22
FIXX,Leverage Shares 2X Long FIX Daily ETF,ETF,BATS,13.02
FLBR,Franklin FTSE Brazil ETF,ETF,NYSE ARCA,22.92
FLC,Flaherty & Crumrine Total Return Fund Inc Common Stock,EQUITY,NYSE,15.76
FLCE,Frontier Asset U.S. Large Cap Equity ETF,ETF,NYSE ARCA,31.94
FLGR,Franklin FTSE Germany ETF,ETF,NYSE ARCA,32.87
FLMI,Franklin Dynamic Municipal Bond ETF,ETF,NYSE ARCA,23.43
FLMX,Franklin FTSE Mexico ETF,ETF,NYSE ARCA,35.5
FLV,American Century Focused Large Cap Value ETF,ETF,NYSE ARCA,83.91
FMAR,FT Vest U.S. Equity Buffer ETF - March,ETF,BATS,53.76
FMCE,FM Compounders Equity ETF,ETF,NYSE ARCA,28.65
FMDE,Fidelity Enhanced Mid Cap Core ETF,ETF,NYSE ARCA,40.84
FNV,Franco-Nevada Corporation,EQUITY,NYSE,257.87
FOPC,Frontier Asset Opportunistic Credit ETF,ETF,NYSE ARCA,24.73
FPAG,FPA Global Equity ETF,ETF,BATS,41.52
FPAS,FPA Short Duration Government ETF,ETF,BATS,23.86
FPI,Farmland Partners Inc. Common Stock,EQUITY,NYSE,10.86
FRO,Frontline Plc Ordinary Shares,EQUITY,NYSE,47.73
FRT,Federal Realty Investment Trust Common Stock,EQUITY,NYSE,110.52
FRUT,Yorkville America MANGOS Plus Index ETF,ETF,NYSE ARCA,28.04
FSEC,Fidelity Investment Grade Securitized ETF,ETF,NYSE ARCA,42.19
FSI,Flexible Solutions International Inc. Common Stock (CDA),EQUITY,NYSE AMERICAN,5.8
FSIG,First Trust Limited Duration Investment Grade Corporate ETF,ETF,NYSE ARCA,18.43
FSPC,First Trust Bloomberg Space Economy ETF,ETF,NYSE ARCA,18.99
FSSL,FS Specialty Lending Fund Common Shares of Beneficial Interest,EQUITY,NYSE,11.55
FTCE,First Trust New Constructs Core Earnings Leaders ETF,ETF,NYSE ARCA,27.52
FTLS,First Trust Long/Short Equity,ETF,NYSE ARCA,77.02
FTS,Fortis Inc. Common Shares,EQUITY,NYSE,53.09
FUL,H. B. Fuller Company Common Stock,EQUITY,NYSE,50.06
FUMB,First Trust Ultra Short Duration Municipal ETF,ETF,NYSE ARCA,19.92
FXA,Invesco CurrencyShares Australian Dollar Trust,ETF,NYSE ARCA,69.63
FXC,Invesco CurrencyShares Canadian Dollar Trust,ETF,NYSE ARCA,69.08
FXF,Invesco CurrencyShares Swiss Franc Trust,ETF,NYSE ARCA,106.29
FXH,First Trust Health Care AlphaDEX,ETF,NYSE ARCA,131.46
FXO,First Trust Financials AlphaDEX,ETF,NYSE ARCA,61.98
FXP,ProShares UltraShort FTSE China 50,ETF,NYSE ARCA,21.96
FXZ,First Trust Materials AlphaDEX Fund,ETF,NYSE ARCA,79.93
GAPR,FT Vest U.S. Equity Moderate Buffer ETF - April,ETF,BATS,42.72
GDIV,Harbor Dividend Growth Leaders ETF,ETF,NYSE,18.51
GDOT,"Green Dot Corporation Class A Common Stock, $0.001 par value",EQUITY,NYSE,12.25
GDXJ,VanEck Junior Gold Miners ETF,ETF,NYSE ARCA,121.11
GE,GE Aerospace Common Stock,EQUITY,NYSE,327.09
GENT,Genter Capital Taxable Quality Intermediate ETF,ETF,NYSE ARCA,9.97
GEVC,Corgi GEV 2x Daily ETF,ETF,BATS,18.26
GGM,GGM Macro Alignment ETF,ETF,NYSE ARCA,31.02
GGN,"GAMCO Global Gold, Natural Resources & Income Trust",EQUITY,NYSE AMERICAN,5.42
GGOV,iShares Global Government Bond USD Hedged Active ETF,ETF,NYSE ARCA,50.36
GGRW,Gabelli Growth Innovators ETF,ETF,NYSE ARCA,37.85
GHM,Graham Corporation Common Stock,EQUITY,NYSE,87.21
GHY,"PGIM Global High Yield Fund, Inc.",EQUITY,NYSE,11.02
GIAX,Nicholas Global Equity and Income ETF,ETF,NYSE ARCA,16.33
GIGL,Goldman Sachs Corporate Bond ETF,ETF,NYSE ARCA,48.33
GIL,"Gildan Activewear, Inc. Class A Sub. Vot. Common Stock",EQUITY,NYSE,40.98
GISC,Guggenheim Securitized Income ETF,ETF,NYSE ARCA,49.47
GJT,"Synthetic Fixed-Income Securities, Inc. Floating Rate Structured Repackaged Asset-Backed Trust Securities Certificates, Series 2006-3",EQUITY,NYSE,23.24
GKOS,Glaukos Corporation Common Stock,EQUITY,NYSE,154.43
GLOF,iShares Global Equity Factor ETF,ETF,NYSE ARCA,61.46
GLU,Gabelli Global Utility Common Shares of Beneficial Ownership,EQUITY,NYSE AMERICAN,17.82
GMEY,YieldMax GME Option Income Strategy ETF,ETF,NYSE ARCA,24.91
GMMA,GammaRoad Market Navigation ETF,ETF,NYSE ARCA,22.08
GMOD,GMO Dynamic Allocation ETF,ETF,NYSE ARCA,27.68
GMTL,Guardian Metal Resources PLC ADS,EQUITY,NYSE AMERICAN,10.09
GNMX,Corgi Genomics & Precision Medicine ETF,ETF,BATS,38.0
GNOV,FT Vest U.S. Equity Moderate Buffer ETF - November,ETF,BATS,42.94
GOOL,Leverage Shares 2X Long GOOGL Daily ETF,ETF,BATS,12.51
GOOS,Canada Goose Holdings Inc. Subordinate Voting Shares,EQUITY,NYSE,7.61
GOVM,iShares 1-10 Year Treasury Bond ETF,ETF,BATS,24.44
GPZ,VanEck Alternative Asset Manager ETF,ETF,NYSE ARCA,21.89
GQGU,GQG US Equity ETF,ETF,NYSE ARCA,26.64
GQI,Natixis Gateway Quality Income ETF,ETF,NYSE ARCA,60.87
GQRE,Northern Trust Global Quality Real Estate ETF,ETF,NYSE ARCA,60.18
GRDN,"Guardian Pharmacy Services, Inc. Class A Common Stock",EQUITY,NYSE,41.21
GRMN,Garmin Ltd. Common Stock (Switzerland),EQUITY,NYSE,294.14
GRND,Grindr Inc. Common Stock,EQUITY,NYSE,15.77
GRPM,Invesco S&P MidCap 400 GARP ETF,ETF,NYSE ARCA,137.01
GS,"Goldman Sachs Group, Inc. (The) Common Stock",EQUITY,NYSE,935.45
GSEE,Goldman Sachs MarketBeta Emerging Markets Equity ETF,ETF,BATS,69.96
GTN-A,"Gray Media, Inc. Class A Common Stock",EQUITY,NYSE,5.34
GTY,Getty Realty Corporation Common Stock,EQUITY,NYSE,28.66
GVAL,Cambria Global Value ETF,ETF,BATS,38.81
GVI,iShares Intermediate Government/Credit Bond ETF,ETF,BATS,103.39
GXPT,Global X PureCap MSCI Information Technology ETF,ETF,NYSE ARCA,35.41
GXRP,Grayscale XRP Trust ETF,ETF,NYSE ARCA,30.47
HALX,Tuttle Capital Heavy Assets Low Obsolescence ETF,ETF,BATS,24.49
HAP,VanEck Natural Resources ETF,ETF,NYSE ARCA,74.74
HBIT,Hedgeye Hedged Bitcoin ETF,ETF,NYSE ARCA,25.73
HBM,Hudbay Minerals Inc. Ordinary Shares (Canada),EQUITY,NYSE,26.63
HBRD,Invesco U.S. Hybrid Bond ETF,ETF,NYSE ARCA,23.87
HBTC,Fortuna Hedged Bitcoin ETF,ETF,BATS,22.01
HCI,"HCI Group, Inc. Common Stock",EQUITY,NYSE,174.94
HEFT,Hedgeye Fourth Turning ETF,ETF,NYSE ARCA,26.44
HEI,Heico Corporation Common Stock,EQUITY,NYSE,308.53
HFXI,NYLIM FTSE International Equity Currency Neutral ETF,ETF,NYSE ARCA,37.81
HG,"Hamilton Insurance Group, Ltd. Class B Common Shares",EQUITY,NYSE,33.29
HGV,Hilton Grand Vacations Inc. Common Stock,EQUITY,NYSE,35.77
HIDV,AB US High Dividend ETF,ETF,NYSE ARCA,90.11
HIG,"The Hartford Insurance Group, Inc. Common Stock",EQUITY,NYSE,124.23
HIGH,Simplify Enhanced Income ETF,ETF,NYSE ARCA,21.32
HIPO,Hippo Holdings Inc. Common Stock,EQUITY,NYSE,30.61
HOG,"Harley-Davidson, Inc. Common Stock",EQUITY,NYSE,25.45
HOOC,Corgi HOOD 2x Daily ETF,ETF,BATS,23.31
HOST,Host Digital Inc. Class A Common Stock,EQUITY,NYSE AMERICAN,6.14
HQH,abrdn Healthcare Investors Shares of Beneficial Interest,EQUITY,NYSE,21.24
HRB,"H&R Block, Inc. Common Stock",EQUITY,NYSE,42.19
HRI,Herc Holdings Inc. Common Stock,EQUITY,NYSE,135.36
HSBH,HSBC Holdings plc ADRhedged,ETF,NYSE ARCA,112.88
HSHP,Himalaya Shipping Ltd. Common Shares,EQUITY,NYSE,17.54
HSY,The Hershey Company Common Stock,EQUITY,NYSE,166.37
HTGC,"Hercules Capital, Inc. Common Stock",EQUITY,NYSE,16.97
HYBX,TCW High Yield Bond ETF,ETF,NYSE,28.91
HYDW,Xtrackers Low Beta High Yield Bond ETF,ETF,NYSE ARCA,45.91
HYEM,VanEck Emerging Markets High Yield Bond ETF,ETF,NYSE ARCA,19.66
HYGD,MicroSectors -3x Short High Yield Corporate Bond (HYG) ETNs,ETF,BATS,52.51
HYGM,Amplify HYG High Yield 10% Target Income ETF,ETF,BATS,24.03
IAGG,iShares International Aggregate Bond Fund,ETF,BATS,49.33
IAI,iShares U.S. Broker-Dealers & Securities Exchanges ETF,ETF,NYSE ARCA,180.88
IBDW,iShares iBonds Dec 2031 Term Corporate ETF,ETF,NYSE ARCA,20.13
IBDY,iShares iBonds Dec 2033 Term Corporate ETF,ETF,NYSE ARCA,24.64
IBIC,iShares iBonds Oct 2026 Term TIPS ETF,ETF,NYSE ARCA,25.74
IBID,iShares iBonds Oct 2027 Term TIPS ETF,ETF,NYSE ARCA,25.86
IBIE,iShares iBonds Oct 2028 Term TIPS ETF,ETF,NYSE ARCA,25.64
IBIG,iShares iBonds Oct 2030 Term TIPS ETF,ETF,NYSE ARCA,25.19
IBIK,iShares iBonds Oct 2034 Term TIPS ETF,ETF,NYSE ARCA,24.27
IBLC,iShares Blockchain and Tech ETF,ETF,NYSE ARCA,48.6
IBMU,iShares iBonds Dec 2032 Term Muni Bond ETF,ETF,BATS,24.1
IBMV,iShares iBonds Dec 2033 Term Muni Bond ETF,ETF,BATS,23.87
IBX,Tradr 2X Long IBM Daily ETF,ETF,BATS,16.18
ICF,iShares Select U.S. REIT ETF,ETF,BATS,63.73
ICLO,Invesco AAA CLO Floating Rate Note ETF,ETF,BATS,25.58
IDA,"IDACORP, Inc. Common Stock",EQUITY,NYSE,129.78
IDEV,iShares Core MSCI International Developed Markets ETF,ETF,NYSE ARCA,90.85
IDMO,Invesco S&P International Developed Momentum ETF,ETF,NYSE ARCA,61.85
IDOG,ALPS International Sector Dividend Dogs ETF,ETF,NYSE ARCA,42.89
IDRV,iShares Self-Driving EV and Tech ETF,ETF,NYSE ARCA,33.73
IDU,iShares U.S. Utilities ETF,ETF,NYSE ARCA,101.17
IEMG,iShares Core MSCI Emerging Markets ETF,ETF,NYSE ARCA,82.55
IEV,iShares Europe ETF,ETF,NYSE ARCA,72.68
IFF,"International Flavors & Fragrances, Inc. Common Stock",EQUITY,NYSE,85.69
IGHG,ProShares Investment Grade-Interest Rate Hedged,ETF,BATS,77.61
IGRO,iShares International Dividend Growth ETF,ETF,BATS,90.18
IHAK,iShares Cybersecurity and Tech ETF,ETF,NYSE ARCA,66.06
IIGD,Invesco Investment Grade Defensive ETF,ETF,NYSE ARCA,23.85
IIM,Invesco Value Municipal Income Trust Common Stock,EQUITY,NYSE,11.0
IIPR,"Innovative Industrial Properties, Inc. Common Stock",EQUITY,NYSE,55.52
IJJ,iShares S&P Mid-Cap 400 Value ETF,ETF,NYSE ARCA,140.49
IJS,iShares S&P SmallCap 600 Value ETF,ETF,NYSE ARCA,130.48
ILCB,iShares Morningstar Large-Cap ETF,ETF,NYSE ARCA,106.92
ILCG,iShares Morningstar Large-Cap Growth ETF,ETF,NYSE ARCA,117.88
ILTB,iShares Core 10  Year USD Bond ETF,ETF,NYSE ARCA,45.59
IMAY,Innovator International Developed Power Buffer ETF - May,ETF,NYSE ARCA,32.2
IMFL,Invesco International Developed Dynamic Multifactor ETF,ETF,BATS,33.88
IMO,Imperial Oil Limited Common Stock,EQUITY,NYSE AMERICAN,122.86
IMVP,Invesco India ETF,ETF,NYSE ARCA,19.31
INCM,Franklin Income Focus ETF,ETF,NYSE ARCA,28.83
INEQ,Columbia International Equity Income ETF,ETF,NYSE ARCA,40.55
INFL,Horizon Kinetics Inflation Beneficiaries ETF,ETF,NYSE ARCA,51.58
INN,"Summit Hotel Properties, Inc. Common Stock",EQUITY,NYSE,5.74
INSP,"Inspire Medical Systems, Inc. Common Stock",EQUITY,NYSE,70.5
INTL,Main International ETF,ETF,BATS,30.99
INTT,inTest Corporation Common Stock,EQUITY,NYSE AMERICAN,11.57
IONC,Corgi IONQ 2x Daily ETF,ETF,BATS,15.07
IPAC,iShares Core MSCI Pacific ETF,ETF,NYSE ARCA,85.68
IPB,"Merrill Lynch & Co., Inc. 6.0518% Index Plus Trust Certificates Series 2003-1",ETF,NYSE,25.03
IQSZ,Invesco Global Equity Net Zero ETF,ETF,NYSE ARCA,32.4
IREC,Corgi IREN 2x Daily ETF,ETF,BATS,23.62
IRVH,Global X Interest Rate Volatility & Inflation Hedge ETF,ETF,NYSE ARCA,18.52
ISRA,VanEck Israel ETF,ETF,NYSE ARCA,66.79
ISSB,IncomeSTKd 1x US Stocks & 1x Bitcoin Premium ETF,ETF,BATS,23.79
ITDB,iShares LifePath Target Date 2030 ETF,ETF,NYSE ARCA,34.97
ITOT,iShares Core S&P Total U.S. Stock Market ETF,ETF,NYSE ARCA,168.24
IVOG,Vanguard S&P Mid-Cap 400 Growth ETF,ETF,NYSE ARCA,138.03
IVZ,Invesco Ltd Common Stock,EQUITY,NYSE,30.92
IWFG,NYLIM Winslow Focused Large Cap Growth ETF,ETF,NYSE ARCA,55.96
IWMI,NEOS Russell 2000 High Income ETF,ETF,BATS,49.6
IWMY,Defiance R2000 Weekly Distribution ETF,ETF,NYSE ARCA,17.29
IWN,iShares Russell 2000 Value ETF,ETF,NYSE ARCA,213.49
IWR,iShares Russell Mid-Cap ETF,ETF,NYSE ARCA,108.3
IWS,iShares Russell Mid-Cap Value ETF,ETF,NYSE ARCA,163.25
IX,ORIX Corporation American Depositary Shares,EQUITY,NYSE,39.19
IXG,iShares Global Financial ETF,ETF,NYSE ARCA,130.21
IXP,iShares Global Comm Services ETF,ETF,NYSE ARCA,120.38
IYE,iShares U.S. Energy ETF,ETF,NYSE ARCA,65.38
IYG,iShares U.S. Financial Services ETF,ETF,NYSE ARCA,92.57
IYLD,iShares Morningstar Multi-Asset Income ETF,ETF,BATS,21.89
IYY,iShares Dow Jones U.S. ETF,ETF,NYSE ARCA,187.49
JANI,AllianzIM International Equity Buffer15 Uncapped Jan ETF,ETF,BATS,25.71
JANM,FT Vest U.S. Equity Max Buffer ETF - January,ETF,BATS,34.45
JANW,AllianzIM U.S. Large Cap Buffer20 Jan ETF,ETF,BATS,39.65
JAVA,JPMorgan Active Value ETF,ETF,NYSE ARCA,80.93
JBND,JPMorgan Active Bond ETF,ETF,NYSE,51.43
JCE,Nuveen Core Equity Alpha Fund Common Shares of Beneficial Interest,EQUITY,NYSE,16.81
JCI,Johnson Controls International plc Ordinary Share,EQUITY,NYSE,150.2
JDST,Direxion Daily Junior Gold Miners Index Bear 2X ETF,ETF,NYSE ARCA,22.59
JEMB,Janus Henderson Emerging Markets Debt Hard Currency ETF,ETF,NYSE ARCA,51.85
JENA,Jena Acquisition Corporation II Class A Ordinary Shares,EQUITY,NYSE,10.39
JFLI,JPMorgan Flexible Income ETF,ETF,NYSE ARCA,53.32
JFLX,JPMorgan Flexible Debt ETF,ETF,NYSE ARCA,48.99
JHI,John Hancock Investors Trust Common Stock,EQUITY,NYSE,12.25
JHS,John Hancock Income Securities Trust Common Stock,EQUITY,NYSE,10.41
JKS,JinkoSolar Holding Company Limited American Depositary Shares (each representing 4 Common Shares),EQUITY,NYSE,9.67
JMST,JPMorgan Ultra-Short Municipal Income ETF,ETF,NYSE ARCA,50.59
JMTG,JPMorgan Mortgage-Backed Securities ETF,ETF,NYSE ARCA,48.65
JNJ,Johnson & Johnson Common Stock,EQUITY,NYSE,271.22
JNUG,Direxion Daily Junior Gold Miners Index Bull 2X ETF,ETF,NYSE ARCA,168.88
JPEM,JPMorgan Diversified Return Emerging Markets Equity ETF,ETF,NYSE ARCA,64.43
JPSE,JPMorgan Diversified Return U.S. Small Cap Equity ETF,ETF,NYSE ARCA,57.18
JPSV,JPMorgan Active Small Cap Value ETF,ETF,NYSE ARCA,66.75
JRI,Nuveen Real Asset Income and Growth Fund Common Shares of Beneficial Interest,EQUITY,NYSE,11.02
JULC,Corgi U.S. Equities 10% Structured Buffer ETF - July Series,ETF,BATS,25.83
JULM,FT Vest U.S. Equity Max Buffer ETF - July,ETF,BATS,35.01
JUST,Goldman Sachs JUST U.S. Large Cap Equity ETF,ETF,NYSE ARCA,110.01
KAMO,Kensington Credit Opportunities ETF,ETF,BATS,24.32
KAUG,Innovator US Small Cap Power Buffer ETF - August,ETF,BATS,28.51
KBE,State Street SPDR S&P Bank ETF,ETF,NYSE ARCA,65.36
KCCA,KraneShares California Carbon Allowance Strategy ETF,ETF,NYSE ARCA,16.49
KCSH,KraneShares Sustainable Ultra Short Duration Index ETF,ETF,NYSE ARCA,25.1
KD,"Kyndryl Holdings, Inc. Common Stock",EQUITY,NYSE,11.6
KEN,Kenon Holdings Ltd. Ordinary Shares,EQUITY,NYSE,63.75
KF,"Korea Fund, Inc. (The) New Common Stock",EQUITY,NYSE,67.11
KGLD,Kurv Gold Enhanced Income ETF,ETF,BATS,26.76
KHC,The Kraft Heinz Company Common Stock,EQUITY,NYSE,23.63
KMCA,PLUS Korea Manufacturing Core Alliance Index ETF,ETF,NYSE ARCA,20.0
KMI,"Kinder Morgan, Inc. Common Stock",EQUITY,NYSE,30.75
KMT,Kennametal Inc. Common Stock,EQUITY,NYSE,31.03
KMX,CarMax Inc,EQUITY,NYSE,57.21
KNF,Knife Riv Holding Co. Common Stock,EQUITY,NYSE,54.58
KNOV,Innovator U.S. Small Cap Power Buffer ETF - November,ETF,BATS,31.76
KNOW,Fundamentals First ETF,ETF,BATS,12.65
KNSL,"Kinsale Capital Group, Inc. Common Stock",EQUITY,NYSE,330.49
KOMP,State Street SPDR S&P Kensho New Economies Composite ETF,ETF,NYSE ARCA,67.63
KPHO,KraneShares Dragon Capital Growth of Vietnam Index ETF,ETF,NYSE ARCA,22.81
KREF,KKR Real Estate Finance Trust Inc. Common Stock,EQUITY,NYSE,6.35
KRSP,Rice Acquisition Corporation 3 Class A Ordinary Shares,EQUITY,NYSE,11.0
KSPY,KraneShares Hedgeye Hedged Equity Index ETF,ETF,NYSE ARCA,30.18
KTN,Structured Products Corp 8.205% CorTS 8.205% Corporate Backed Trust Securities (CorTS),EQUITY,NYSE,25.6
KVUE,Kenvue Inc. Common Stock,EQUITY,NYSE,17.8
KVYO,"Klaviyo, Inc. Series A Common Stock",EQUITY,NYSE,15.8
KXI,iShares Global Consumer Staples ETF,ETF,NYSE ARCA,66.62
KYN,"Kayne Anderson Energy Infrastructure Fund, Inc.",EQUITY,NYSE,13.83
LBRT,Liberty Energy Inc. Class A common stock,EQUITY,NYSE,18.94
LCLN,"Lincoln International, Inc. Class A Common Stock",EQUITY,NYSE,23.37
LCOW,Pacer S&P 500 Quality FCF Aristocrats ETF,ETF,BATS,26.87
LCTD,iShares World ex U.S. Carbon Transition Readiness Aware Active ETF,ETF,NYSE ARCA,58.86
LCTU,iShares U.S. Carbon Transition Readiness Aware Active ETF,ETF,NYSE ARCA,82.64
LDUR,PIMCO Enhanced Low Duration Active Exchange-Traded Fund,ETF,NYSE ARCA,94.31
LEGO,Legato Merger Corp. IV Ordinary Shares,EQUITY,NYSE AMERICAN,10.0
LEVI,Levi Strauss & Co Class A Common Stock,EQUITY,NYSE,19.73
LFT,"Lument Finance Trust, Inc. Common Stock",EQUITY,NYSE,5.19
LH,Labcorp Holdings Inc. Common Stock,EQUITY,NYSE,309.64
LITG,Leverage Shares 2X Long LITE Daily ETF,ETF,BATS,17.85
LITX,Tradr 2X Long LITE Daily ETF,ETF,BATS,32.08
LKOR,Northern Trust Credit-Scored US Long Corporate Bond ETF,ETF,BATS,38.79
LMUB,iShares Long-Term National Muni Bond ETF,ETF,NYSE ARCA,46.78
LNGX,Global X U.S. Natural Gas ETF,ETF,NYSE ARCA,42.57
LOUP,Innovator Deepwater Frontier Tech ETF,ETF,NYSE ARCA,90.66
LOW,"Lowe's Companies, Inc. Common Stock",EQUITY,NYSE,189.28
LPRE,Long Pond Real Estate Select ETF,ETF,NYSE ARCA,27.38
LQAI,LG QRAFT AI-Powered U.S. Large Cap Core ETF,ETF,NYSE ARCA,46.98
LQDB,iShares BBB Rated Corporate Bond ETF,ETF,NYSE ARCA,82.89
LQDD,MicroSectors -3x Short Investment Grade Corporate Bond (LQD) ETNs,ETF,BATS,53.6
LQDM,Amplify LQD Investment Grade 12% Target Income ETF,ETF,BATS,23.22
LQTI,FT Vest Investment Grade & Target Income ETF,ETF,NYSE ARCA,18.23
LRCC,Corgi LRCX 2x Daily ETF,ETF,BATS,17.74
LRCU,Tradr 2X Long LRCX Daily ETF,ETF,BATS,50.66
LRNX,Corgi LRN 2x Daily ETF,ETF,BATS,20.48
LSAT,LeaderShares AlphaFactor Tactical Focused ETF,ETF,NYSE ARCA,44.94
LST,Leuthold Select Industries ETF,ETF,NYSE ARCA,47.42
LTPZ,Pimco 15  Year U.S. TIPS Index Exchange-Traded Fund,ETF,NYSE ARCA,45.83
LUV,Southwest Airlines Company Common Stock,EQUITY,NYSE,42.68
LXP,LXP Industrial Trust Common Stock (Maryland REIT),EQUITY,NYSE,60.88
MAIN,Main Street Capital Corporation Common Stock,EQUITY,NYSE,55.1
MAMB,Monarch Ambassador Income Index ETF,ETF,BATS,23.2
MARM,FT Vest U.S. Equity Max Buffer ETF - March,ETF,BATS,34.56
MATR,Harbor Multi-Asset Explorer ETF,ETF,NYSE ARCA,28.17
MBBA,iShares Mortgage-Backed Securities Active ETF,ETF,BATS,47.35
MBGL,Mobility Global Inc. Common Stock,EQUITY,NYSE,17.87
MCB,Metropolitan Bank Holding Corp. Common Stock,EQUITY,NYSE,89.6
MCH,Matthews China Active ETF,ETF,NYSE ARCA,27.52
MCVT,Miller Convertible Total Return ETF,ETF,NYSE ARCA,27.55
MDY,State Street SPDR S&P MIDCAP 400 ETF Trust,ETF,NYSE ARCA,665.87
MDYV,State Street SPDR S&P 400 Mid Cap Value ETF,ETF,NYSE ARCA,90.29
MEC,"Mayville Engineering Company, Inc. Common Stock",EQUITY,NYSE,17.16
MEMY,Tuttle Capital Meme Stock Income Blast ETF,ETF,BATS,16.37
METW,Roundhill META WeeklyPay ETF,ETF,BATS,30.69
MFDX,PIMCO RAFI Dynamic Multi-Factor International Equity ETF,ETF,NYSE ARCA,42.08
MFG,"Mizuho Financial Group, Inc. Sponosred ADR (Japan)",EQUITY,NYSE,11.07
MGC,Vanguard Morningstar Mega Cap ETF,ETF,NYSE ARCA,286.19
MIC,Corgi MU 2x Daily ETF,ETF,BATS,16.48
MICC,The Magnum Ice Cream Company N.V. Ordinary Shares,EQUITY,NYSE,18.98
MJSC,MUFG Japan Small Cap Active ETF,ETF,NYSE ARCA,62.37
MLPA,Global X MLP ETF,ETF,NYSE ARCA,54.55
MLPX,Global X MLP & Energy Infrastructure ETF,ETF,NYSE ARCA,70.93
MLR,"Miller Industries, Inc. Common Stock",EQUITY,NYSE,54.04
MMAR,Pacer Swan SOS Moderate March ETF,ETF,BATS,33.1
MMMA,NYLIM MacKay Muni Allocation ETF,ETF,NYSE ARCA,23.95
MNSX,Corgi MNST 2x Daily ETF,ETF,BATS,20.21
MOV,Movado Group Inc. Common Stock,EQUITY,NYSE,34.12
MPA,Blackrock MuniYield Pennsylvania Quality Fund Common Stock,EQUITY,NYSE,9.83
MPC,Marathon Petroleum Corporation Common Stock,EQUITY,NYSE,393.52
MPDY,m+ DualYield Autocall ETF,ETF,NYSE ARCA,24.3
MPTI,"M-tron Industries, Inc. Common Stock",EQUITY,NYSE AMERICAN,74.05
MRVX,Corgi MRVL 2x Daily ETF,ETF,BATS,30.7
MSFC,Corgi MSFT 2x Daily ETF,ETF,BATS,50.45
MSFY,Kurv Yield Premium Strategy Microsoft (MSFT) ETF,ETF,BATS,20.97
MSGE,Madison Square Garden Entertainment Corp. Class A Common Stock,EQUITY,NYSE,79.09
MSTQ,LHA Market State Tactical Q ETF,ETF,BATS,40.38
MSTW,Roundhill MSTR WeeklyPay ETF,ETF,BATS,5.21
MTAW,Meta AI Lab Ecosystem ETF,ETF,NYSE ARCA,26.53
MTRA,Invesco International Growth Focus ETF,ETF,BATS,26.66
MTUS,Metallus Inc. Common Shares,EQUITY,NYSE,18.84
MUNF,Northern Trust 2036 Tax-Exempt Distributing Ladder ETF,ETF,NYSE ARCA,98.18
MUSE,TCW Multisector Credit Income ETF,ETF,NYSE,48.67
MVAL,VanEck Morningstar Wide Moat Value ETF,ETF,BATS,37.12
MVRL,ETRACS Monthly Pay 1.5X Leveraged Mortgage REIT ETN,ETF,NYSE ARCA,10.66
MWHS,Skylar Electricity Futures ETF,ETF,NYSE ARCA,19.96
MZYX,MOZAYYX Acquisition Corp. Class A Ordinary Shares,EQUITY,NYSE,10.0
MZZ,ProShares UltraShort MidCap400,ETF,NYSE ARCA,6.44
NAIL,Direxion Daily Homebuilders & Supplies Bull 3X ETF,ETF,NYSE ARCA,30.58
NBCM,Neuberger Commodity Strategy ETF,ETF,NYSE ARCA,31.35
NBDS,Neuberger Disrupters ETF,ETF,NYSE ARCA,41.06
NBFC,Neuberger Flexible Credit Income ETF,ETF,NYSE ARCA,49.58
NBIZ,Tradr 2X Short NBIS Daily ETF,ETF,BATS,20.53
NBSD,Neuberger Short Duration Income ETF,ETF,NYSE ARCA,49.92
NCLH,Norwegian Cruise Line Holdings Ltd. Ordinary Shares,EQUITY,NYSE,14.61
NE,Noble Corporation plc A Ordinary Shares,EQUITY,NYSE,42.82
NEAR,iShares Short Duration Bond Active ETF,ETF,BATS,50.0
NECK,xETFs AI Bottlenecks ETF,ETF,NYSE ARCA,25.2
NEE,"NextEra Energy, Inc. Common Stock",EQUITY,NYSE,76.08
NERD,Roundhill Video Games ETF,ETF,BATS,22.06
NEU,NewMarket Corp Common Stock,EQUITY,NYSE,898.04
NEWP,New Pacific Metals Corp. Common Shares,EQUITY,NYSE AMERICAN,6.62
NFG,National Fuel Gas Company Common Stock,EQUITY,NYSE,78.99
NFLY,YieldMax NFLX Option Income Strategy ETF,ETF,NYSE ARCA,6.92
NGVC,"Natural Grocers by Vitamin Cottage, Inc. Common Stock",EQUITY,NYSE,29.71
NIQ,NIQ Global Intelligence plc Ordinary Shares,EQUITY,NYSE,17.83
NITE,The Nightview Fund NITE,ETF,NYSE ARCA,38.69
NJUL,Innovator Growth-100 Power Buffer ETF - July,ETF,BATS,78.8
NKE,"Nike, Inc. Common Stock",EQUITY,NYSE,35.75
NLOP,Net Lease Office Properties Common Shares of Beneficial Interest,EQUITY,NYSE,9.93
NLR,VanEck Uranium and Nuclear ETF,ETF,NYSE ARCA,105.78
NNN,"NNN REIT, Inc. Common Stock",EQUITY,NYSE,41.3
NOK,Nokia Corporation Sponsored American Depositary Shares,EQUITY,NYSE,10.39
NOVP,PGIM S&P 500 Buffer 12 ETF - November,ETF,BATS,33.72
NOW,"ServiceNow, Inc. Common Stock",EQUITY,NYSE,135.62
NPKI,NPK International Inc. Common Stock,EQUITY,NYSE,11.72
NSP,"Insperity, Inc. Common Stock",EQUITY,NYSE,47.83
NU,Nu Holdings Ltd. Class A Ordinary Shares,EQUITY,NYSE,13.59
NUGO,Nuveen Growth Opportunities ETF,ETF,NYSE ARCA,44.51
NURE,Nuveen Short-Term REIT ETF,ETF,BATS,29.82
NUSC,Nuveen ESG Small-Cap ETF,ETF,BATS,49.28
NUV,"Nuveen Municipal Value Fund, Inc. Common Stock",EQUITY,NYSE,8.18
NVDQ,T-Rex 2X Inverse NVIDIA Daily Target ETF,ETF,BATS,8.41
NVIB,Direxion NVDA Defined Income Boost ETF,ETF,BATS,28.1
NVIT,YieldMax NVDA Performance & Distribution Target 25 ETF,ETF,BATS,50.95
NVO,Novo Nordisk A/S Common Stock,EQUITY,NYSE,38.8
NVRI,Enviri Corporation Common Stock,EQUITY,NYSE,19.15
NVST,Envista Holdings Corporation Common Stock,EQUITY,NYSE,23.95
NWN,Northwest Natural Holding Company Common Stock,EQUITY,NYSE,47.04
NXPX,Tradr 2X Long NXPI Daily ETF,ETF,BATS,11.93
NYC,American Strategic Investment Co. Class A Common Stock,EQUITY,NYSE,6.5
NYF,iShares New York Muni Bond ETF,ETF,NYSE ARCA,50.61
OASC,OneAscent Enhanced Small and Mid Cap ETF,ETF,NYSE ARCA,34.22
OEC,Orion S.A. Common Shares,EQUITY,NYSE,5.89
OGS,"ONE Gas, Inc. Common Stock",EQUITY,NYSE,71.8
OGSP,Obra High Grade Structured Products ETF,ETF,NYSE ARCA,9.97
OILU,MicroSectors Oil & Gas Exp. & Prod. 3x Leveraged ETN,ETF,NYSE ARCA,47.3
OMFL,Invesco Russell 1000 Dynamic Multifactor ETF,ETF,BATS,70.4
ONEV,State Street SPDR Russell 1000 Low Volatility Focus ETF,ETF,NYSE ARCA,140.67
ONLN,ProShares Online Retail ETF,ETF,NYSE ARCA,54.51
OPER,ETF ClearShares Ultra-Short Maturity ETF,ETF,NYSE ARCA,100.41
OPHC,"OptimumBank Holdings, Inc. Common Stock",EQUITY,NYSE AMERICAN,8.85
ORCZ,Tradr 2X Short ORCL Daily ETF,ETF,BATS,18.09
OSK,Oshkosh Corporation (Holding Company)Common Stock,EQUITY,NYSE,132.75
OTIS,Otis Worldwide Corporation Common Stock,EQUITY,NYSE,65.94
OVL,Overlay Shares Large Cap Equity ETF,ETF,BATS,57.77
PAI,Western Asset Investment Grade Income Fund Inc.,EQUITY,NYSE,11.49
PALC,Pacer Lunt Large Cap Multi-Factor Alternator ETF,ETF,NYSE ARCA,54.81
PAM,Pampa Energia S.A.,EQUITY,NYSE,77.82
PAYH,TrueShares S&P Autocallable High Income ETF,ETF,BATS,25.22
PBAP,PGIM S&P 500 Buffer 20 ETF - April,ETF,BATS,31.7
PBDE,PGIM S&P 500 Buffer 20 ETF - December,ETF,BATS,31.78
PBE,Invesco Biotechnology & Genome ETF,ETF,NYSE ARCA,97.26
PBT,Permian Basin Royalty Trust Common Stock,EQUITY,NYSE,33.53
PBTP,Invesco 0-5 Yr US TIPS ETF,ETF,BATS,25.47
PCF,High Income Securities Fund Common Stock,EQUITY,NYSE,5.27
PCG,Pacific Gas & Electric Co. Common Stock,EQUITY,NYSE,12.34
PCI,PGIM Corporate Bond 5-10 Year ETF,ETF,BATS,47.79
PCLO,VIRTUS SEIX AAA Private Credit CLO ETF,ETF,NYSE ARCA,24.91
PCN,Pimco Corporate & Income Strategy Fund Common Stock,EQUITY,NYSE,10.78
PDO,PIMCO Dynamic Income Opportunities Fund Common Shares of Beneficial Interest,EQUITY,NYSE,11.73
PDS,Precision Drilling Corporation Common Stock,EQUITY,NYSE,81.87
PFGC,Performance Food Group Company Common Stock,EQUITY,NYSE,91.55
PFN,PIMCO Income Strategy Fund II,EQUITY,NYSE,6.25
PFSI,"PennyMac Financial Services, Inc. Common Stock",EQUITY,NYSE,65.46
PGRO,Putnam Focused Large Cap Growth ETF,ETF,NYSE ARCA,48.34
PGZ,Principal Real Estate Income Fund Common Shares of Beneficial Interest,EQUITY,NYSE,9.1
PHDG,Invesco S&P 500 Downside Hedged ETF,ETF,NYSE ARCA,41.53
PHYS,Sprott Physical Gold Trust ETV,ETF,NYSE ARCA,32.35
PINE,"Alpine Income Property Trust, Inc. Common Stock",EQUITY,NYSE,17.07
PIPE,Invesco SteelPath MLP & Energy Infrastructure ETF,ETF,BATS,28.92
PJT,PJT Partners Inc. Class A Common Stock,EQUITY,NYSE,151.77
PLGO,Pelagos Insurance Capital Limited Common Shares,EQUITY,NYSE,23.96
PLIB,Direxion PLTR Defined Income Boost ETF,ETF,BATS,36.49
PLTW,Roundhill PLTR WeeklyPay ETF,ETF,BATS,25.55
PMAP,PGIM S&P 500 Max Buffer ETF - April,ETF,BATS,27.62
PML,Pimco Municipal Income Fund II Common Shares of Beneficial Interest,EQUITY,NYSE,6.56
PMMF,iShares Prime Money Market ETF,ETF,NYSE,100.26
PMT,PennyMac Mortgage Investment Trust Common Shares of Beneficial Interest,EQUITY,NYSE,8.33
PNR,Pentair plc. Ordinary Share,EQUITY,NYSE,53.66
POEL,Defiance Daily Target 2X Long POET ETF,ETF,BATS,8.32
POWR,iShares U.S. Power Infrastructure ETF,ETF,NYSE ARCA,24.45
PPTY,U.S. Diversified Real Estate ETF,ETF,NYSE ARCA,31.85
PQXV,PGIM S&P 500 Quarterly Buffer 15 ETF,ETF,BATS,25.62
PQXX,PGIM S&P 500 Quarterly Buffer 20 ETF,ETF,BATS,25.55
PRAE,PlanRock Equity Plus Alternatives ETF,ETF,NYSE ARCA,41.79
PRAM,Defiance Memory & Photonics ETF,ETF,BATS,25.92
PRAY,FIS Christian Stock Fund,ETF,NYSE ARCA,35.02
PRG,"PROG Holdings, Inc. Common Stock",EQUITY,NYSE,32.68
PRGO,Perrigo Company plc Ordinary Shares,EQUITY,NYSE,15.42
PRMB,Primo Brands Corporation Class A Common Stock,EQUITY,NYSE,19.5
PRSD,State Street Short Duration IG Public & Private Credit ETF,ETF,NYSE ARCA,24.69
PRTO,RCN Pareto Strategic Allocation ETF,ETF,NYSE ARCA,27.58
PRXG,Praxis Impact Large Cap Growth ETF,ETF,NYSE ARCA,41.16
PSCJ,Pacer Swan SOS Conservative (July) ETF,ETF,BATS,32.39
PSMO,Pacer Swan SOS Moderate (October) ETF,ETF,BATS,33.53
PSMR,Pacer Swan SOS Moderate (April) ETF,ETF,BATS,32.97
PSN,Parsons Corporation Common Stock,EQUITY,NYSE,43.07
PSOX,Tema MLCC & PowerSemi ETF,ETF,BATS,48.04
PSQA,Palmer Square CLO Senior Debt ETF,ETF,NYSE ARCA,20.47
PST,ProShares UltraShort Lehman 7-10 Year Treasury,ETF,NYSE ARCA,24.96
PSTL,"Postal Realty Trust, Inc. Class A Common Stock",EQUITY,NYSE,23.65
PTEU,Pacer TrendpilotTM European Index ETF,ETF,BATS,33.17
PWB,Invesco Large Cap Growth ETF,ETF,NYSE ARCA,163.46
PYPY,YieldMax PYPL Option Income Strategy ETF,ETF,NYSE ARCA,26.22
PZLV,Pzena U.S. Large Cap Value ETF,ETF,NYSE ARCA,30.51
QARP,Xtrackers Russell 1000 US Quality at a Reasonable Price ETF ETF,ETF,NYSE ARCA,67.43
QBQV,AllianzIM Growth-100 Buffer5 ETF,ETF,BATS,27.37
QCAP,FT Vest Nasdaq-100 Conservative Buffer ETF - April,ETF,BATS,25.54
QDTE,Roundhill Nasdaq-100 0DTE Covered Call ETF Strategy ETF,ETF,BATS,29.33
QDVO,Amplify CWP Growth & Income ETF,ETF,NYSE ARCA,30.45
QGRW,WisdomTree U.S. Quality Growth Fund,ETF,NYSE ARCA,69.16
QHY,WisdomTree U.S. High Yield Corporate Bond Fund,ETF,BATS,44.64
QID,ProShares UltraShort QQQ,ETF,NYSE ARCA,13.01
QINT,American Century Quality Diversified International ETF,ETF,NYSE ARCA,70.77
QLD,ProShares Ultra QQQ,ETF,NYSE ARCA,96.95
QLTI,GMO International Quality ETF,ETF,NYSE ARCA,26.99
QLTY,GMO U.S. Quality ETF,ETF,NYSE ARCA,43.23
QLV,Northern Trust US Quality Low Volatility ETF,ETF,NYSE ARCA,78.83
QPX,AdvisorShares Q Dynamic Growth ETF,ETF,NYSE ARCA,48.96
QTJL,Innovator Growth Accelerated Plus ETF - July,ETF,BATS,43.76
QUA,Corgi QBTS 2x Daily ETF,ETF,BATS,13.92
QUAD,"Quad Graphics, Inc Class A Common Stock",EQUITY,NYSE,9.43
QUBX,Tradr 2X Long QUBT Daily ETF,ETF,BATS,31.69
QUS,State Street SPDR MSCI USA StrategicFactors ETF,ETF,NYSE ARCA,192.25
RACK,VanEck Data Center Supply Chain ETF,ETF,BATS,49.63
RAMP,"LiveRamp Holdings, Inc. Common Stock",EQUITY,NYSE,37.5
RBLU,T-REX 2X Long RBLX Daily Target ETF,ETF,BATS,5.09
RBUF,Innovator U.S. Small Cap 10 Buffer ETF - Quarterly,ETF,BATS,31.0
RCLY,Reckoner BBB-B CLO Annual ETF,ETF,NYSE ARCA,103.64
RCTR,First Trust Bloomberg Nuclear Power ETF,ETF,NYSE ARCA,32.25
RCUS,"Arcus Biosciences, Inc. Common Stock",EQUITY,NYSE,24.97
RDFI,Rareview Dynamic Fixed Income ETF,ETF,BATS,21.85
RDTE,Roundhill Russell 2000 0DTE Covered Call Strategy ETF,ETF,BATS,26.62
RDWU,T-REX 2X Long RDW Daily Target ETF,ETF,BATS,7.1
RECS,Columbia Research Enhanced Core ETF,ETF,NYSE ARCA,45.57
RFMZ,"RiverNorth Flexible Municipal Income Fund II, Inc. Common Stock",EQUITY,NYSE,11.78
RGTC,Corgi RGTI 2x Daily ETF,ETF,BATS,25.26
RGTU,Tradr 2X Long RGTI Daily ETF,ETF,BATS,11.81
RHP,"Ryman Hospitality Properties, Inc. (REIT)",EQUITY,NYSE,121.46
RIG,Transocean Ltd (Switzerland) Common Stock,EQUITY,NYSE,5.38
RILA,Indexperts Gorilla Aggressive Growth ETF,ETF,NYSE ARCA,12.22
RIO,Rio Tinto Plc Common Stock,EQUITY,NYSE,94.56
RISN,Inspire Capital Appreciation ETF,ETF,NYSE ARCA,30.11
RITA,ETFB Green SRI REITs ETF,ETF,NYSE ARCA,20.33
RJMI,RJ Eagle Municipal Income ETF,ETF,NYSE ARCA,24.03
RKT,"Rocket Companies, Inc. Class A Common Stock",EQUITY,NYSE,12.17
RLJ,RLJ Lodging Trust Common Shares of Beneficial Interest $0.01 par value,EQUITY,NYSE,11.2
RM,Regional Management Corp. Common Stock,EQUITY,NYSE,30.82
RNGR,"Ranger Energy Services, Inc. Class A Common Stock",EQUITY,NYSE,15.51
ROM,ProShares Ultra Technology,ETF,NYSE ARCA,160.18
ROMO,Strategy Shares Newfound/ReSolve Robust Momentum ETF,ETF,BATS,34.59
ROSC,Hartford Multifactor Small Cap ETF,ETF,NYSE ARCA,53.94
RPAR,RPAR Risk Parity ETF,ETF,NYSE ARCA,21.61
RPM,RPM International Inc. Common Stock,EQUITY,NYSE,100.44
RSBT,Return Stacked Bonds & Managed Futures ETF,ETF,BATS,19.58
RSEE,Rareview Systematic Equity ETF,ETF,BATS,39.45
RSG,"Republic Services, Inc. Common Stock",EQUITY,NYSE,212.1
RSPS,Invesco S&P 500 Equal Weight Consumer Staples ETF,ETF,NYSE ARCA,29.21
RSPU,Invesco S&P 500 Equal Weight Utilities ETF,ETF,NYSE ARCA,70.15
RSSL,Global X Russell 2000 ETF,ETF,NYSE ARCA,110.79
RSST,Return Stacked U.S. Stocks & Managed Futures ETF,ETF,BATS,35.78
RVI,Robinhood Ventures Fund I Common Shares of Beneficial Interest,EQUITY,NYSE,27.92
RVII,Robinhood Ventures Fund II Common Shares of Beneficial Interest,EQUITY,NYSE,22.11
RVT,"Royce Small-Cap Trust, Inc. Common Stock",EQUITY,NYSE,17.27
RWJ,Invesco S&P SmallCap 600 Revenue ETF,ETF,NYSE ARCA,57.43
RWK,Invesco S&P MidCap 400 Revenue ETF,ETF,NYSE ARCA,141.42
RWM,ProShares Short Russell2000,ETF,NYSE ARCA,14.18
RWR,State Street SPDR Dow Jones REIT ETF,ETF,NYSE ARCA,106.24
RZG,Invesco S&P SmallCap 600 Pure Growth ETF,ETF,NYSE ARCA,63.7
SAMM,Strategas Macro Momentum ETF,ETF,NYSE ARCA,35.42
SAP,SAP  SE ADS,EQUITY,NYSE,210.68
SAR,Saratoga Investment Corp New,EQUITY,NYSE,17.11
SBIT,ProShares UltraShort Bitcoin ETF,ETF,NYSE ARCA,30.08
SBMT,Silver Bow Mining Corp. Common Shares,EQUITY,NYSE AMERICAN,8.46
SBSW,D/B/A Sibanye-Stillwater Limited ADS,EQUITY,NYSE,10.61
SCAP,Infrastructure Capital Small Cap Income ETF,ETF,NYSE ARCA,37.09
SCCR,Schwab Core Bond ETF,ETF,NYSE ARCA,24.48
SCEP,Sterling Capital Hedged Equity Premium Income ETF,ETF,BATS,24.97
SCHF,Schwab International Equity ETF,ETF,NYSE ARCA,27.92
SCHO,Schwab Short-Term U.S. Treasury ETF,ETF,NYSE ARCA,23.88
SCHQ,Schwab Long-Term U.S. Treasury ETF,ETF,NYSE ARCA,28.92
SCHV,Schwab U.S. Large-Cap Value ETF,ETF,NYSE ARCA,33.81
SCJ,iShares MSCI Japan Sm Cap,ETF,NYSE ARCA,110.8
SCOW,Pacer S&P SmallCap 600 Quality FCF Aristocrats ETF,ETF,BATS,22.07
SCSB,Sterling Capital Short Duration Bond ETF,ETF,BATS,24.63
SCYB,Schwab High Yield Bond ETF,ETF,NYSE ARCA,25.43
SDIV,Global X SuperDividend ETF,ETF,NYSE ARCA,23.68
SDOW,UltraPro Short Dow30,ETF,NYSE ARCA,24.71
SDP,ProShares UltraShort Utilities,ETF,NYSE ARCA,27.78
SDS,ProShares UltraShort S&P500,ETF,NYSE ARCA,53.26
SEA,U.S. Global Sea to Sky Cargo ETF,ETF,NYSE ARCA,19.9
SEIQ,SEI Enhanced U.S. Large Cap Quality Factor ETF,ETF,BATS,41.35
SEPU,AllianzIM U.S. Equity Buffer15 Uncapped Sep ETF,ETF,BATS,31.91
SFEB,FT Vest U.S. Small Cap Moderate Buffer ETF - February,ETF,BATS,25.96
SGDM,Sprott Gold Miners ETF,ETF,NYSE ARCA,78.31
SGVT,Schwab Government Money Market ETF,ETF,NYSE ARCA,100.74
SHEL,Shell PLC American Depositary Shares (each representing two (2) Ordinary Shares),EQUITY,NYSE,95.78
SHM,State Street SPDR Nuveen ICE Short Term Municipal Bond ETF,ETF,NYSE ARCA,46.68
SHYG,iShares 0-5 Year High Yield Corporate Bond ETF,ETF,NYSE ARCA,41.49
SIFI,Harbor Ares Systematic Multi-Sector Income ETF,ETF,NYSE ARCA,42.38
SIMS,State Street SPDR S&P Kensho Intelligent Structures ETF,ETF,NYSE ARCA,42.74
SIO,Touchstone Strategic Income ETF,ETF,NYSE ARCA,24.81
SIXA,ETC 6 Meridian Mega Cap Equity ETF,ETF,NYSE ARCA,57.76
SIXL,ETC 6 Meridian Low Beta Equity ETF,ETF,NYSE ARCA,37.55
SIXP,AllianzIM U.S. Large Cap 6 Month Buffer10 Mar/Sep ETF,ETF,BATS,34.67
SIXZ,AllianzIM U.S. Large Cap 6 Month Buffer10 May/Nov ETF,ETF,BATS,32.5
SJB,ProShares Short High Yield,ETF,NYSE ARCA,15.35
SKHA,Tradr 2X Long SK hynix Daily ETF,ETF,BATS,39.47
SKHU,ProShares Ultra SK hynix,ETF,NYSE ARCA,23.88
SKYH,Sky Harbour Group Corporation Class A Common Stock,EQUITY,NYSE,10.01
SLGN,Silgan Holdings Inc. Common Stock,EQUITY,NYSE,35.91
SLJY,Amplify SILJ Junior Silver Miners Covered Call ETF,ETF,NYSE ARCA,29.88
SMB,VanEck Short Muni ETF,ETF,BATS,16.92
SMCP,SMART Mid Cap ETF,ETF,NYSE ARCA,26.93
SMDX,Intech S&P Small-Mid Cap Diversified Alpha ETF,ETF,NYSE ARCA,25.7
SMIZ,Zacks Small/Mid Cap ETF,ETF,NYSE ARCA,41.48
SMLF,iShares U.S. Small-Cap Equity Factor ETF,ETF,NYSE ARCA,84.79
SMZ,Tradr 2X Short SMR Daily ETF,ETF,BATS,16.84
SN,"SharkNinja, Inc. Ordinary Shares",EQUITY,NYSE,177.74
SNDG,Leverage Shares 2X Long SNDK Daily ETF,ETF,BATS,10.86
SNPG,Xtrackers S&P 500 Growth Scored & Screened ETF,ETF,BATS,59.79
SNTQ,MRP SynthEquity Nasdaq 100 ETF,ETF,BATS,25.01
SOFR,Amplify Samsung SOFR ETF,ETF,NYSE ARCA,100.39
SOLM,Amplify Solana 3% Monthly Option Income ETF,ETF,BATS,11.16
SON,Sonoco Products Company Common Stock,EQUITY,NYSE,50.06
SONY,Sony Group Corporation American Depositary Shares,EQUITY,NYSE,23.55
SOR,"Source Capital, Inc. Cmn Shs of BI",EQUITY,NYSE,45.4
SPAL,GraniteShares 2x Long SpaceX Daily ETF,ETF,BATS,16.63
SPBO,State Street SPDR Portfolio Corporate Bond ETF,ETF,NYSE ARCA,27.74
SPBW,AllianzIM Buffer20 Allocation ETF,ETF,BATS,29.41
SPBX,AllianzIM 6 Month Buffer10 Allocation ETF,ETF,BATS,29.96
SPCG,Tradr 2X Short SpaceX Daily ETF,ETF,BATS,15.6
SPCH,Leverage Shares 2X Long SPCX Daily ETF,ETF,BATS,9.79
SPCL,Defiance Pure Space Daily 2X Strategy ETF,ETF,BATS,23.11
SPDG,State Street SPDR Portfolio S&P Sector Neutral Dividend ETF,ETF,NYSE ARCA,45.28
SPDW,State Street SPDR Portfolio Developed World ex-US ETF,ETF,NYSE ARCA,51.07
SPE,"Special Opportunities Fund, Inc Common Stock",EQUITY,NYSE,12.93
SPGI,S&P Global Inc. Common Stock,EQUITY,NYSE,403.3
SPHD,Invesco S&P 500 High Dividend Low Volatility ETF,ETF,NYSE ARCA,48.95
SPLB,State Street SPDR Portfolio Long Term Corporate Bond ETF,ETF,NYSE ARCA,20.72
SPTS,State Street SPDR Portfolio Short Term Treasury ETF,ETF,NYSE ARCA,28.68
SPUC,Simplify US Equity Income ETF,ETF,NYSE ARCA,49.21
SPXC,"SPX Technologies, Inc. Common Stock",EQUITY,NYSE,172.79
SPXU,ProShares UltraPro Short S&P500,ETF,NYSE ARCA,33.59
SPXV,ProShares S&P 500 Ex-Health Care ETF,ETF,NYSE ARCA,84.46
SPYD,State Street SPDR Portfolio S&P 500 High Dividend ETF,ETF,NYSE ARCA,46.19
SPYT,Defiance S&P 500 Target Income ETF,ETF,NYSE ARCA,17.34
SQBA,FT Vest U.S. Equity Quarterly 15 Buffer ETF,ETF,BATS,30.84
SQLT,iShares MSCI USA Small-Cap Quality Factor ETF,ETF,BATS,27.94
SSL,Sasol Ltd. American Depositary Shares,EQUITY,NYSE,14.03
STLR,Stellar ETF,ETF,BATS,25.44
STRN,SMART Trend 25 ETF,ETF,NYSE ARCA,26.6
STXG,Strive 1000 Growth ETF,ETF,NYSE,57.16
STXK,Strive Small-Cap ETF,ETF,NYSE,36.59
SU,Suncor Energy  Inc. Common Stock,EQUITY,NYSE,68.19
SYF,Synchrony Financial Common Stock,EQUITY,NYSE,72.94
SYLD,Cambria Shareholder Yield ETF,ETF,BATS,82.17
T,AT&T Inc.,EQUITY,NYSE,25.38
TALO,"Talos Energy, Inc. Common Stock",EQUITY,NYSE,16.47
TAWN,MicroSectors 3x Long Taiwan ETNs,ETF,BATS,31.49
TCAF,T. Rowe Price Capital Appreciation Equity ETF,ETF,NYSE ARCA,42.72
TCAL,T. Rowe Price Capital Appreciation Premium Income ETF,ETF,NYSE ARCA,22.23
TCHP,T. Rowe Price Blue Chip Growth ETF,ETF,NYSE ARCA,51.71
TCPB,Thrivent Core Plus Bond ETF,ETF,NYSE ARCA,48.79
TDC,Teradata Corporation Common Stock,EQUITY,NYSE,28.94
TECS,Direxion Technology Bear 3X ETF,ETF,NYSE ARCA,51.4
TEMC,Corgi TEM 2x Daily ETF,ETF,BATS,39.01
TESL,Simplify Volt TSLA Revolution ETF,ETF,NYSE ARCA,14.19
TFIN,"Triumph Financial, Inc. Common Stock",EQUITY,NYSE,61.45
THTA,SoFi Enhanced Yield ETF,ETF,NYSE ARCA,15.7
TIMB,TIM S.A. American Depositary Shares (Each representing 5 Common Shares),EQUITY,NYSE,18.16
TIME,Clockwise U.S. Core Equity ETF,ETF,NYSE ARCA,27.83
TIP,iShares TIPS Bond ETF,ETF,NYSE ARCA,104.54
TIPF,Northern Trust 2036 Inflation-Linked Distributing Ladder ETF,ETF,NYSE ARCA,97.98
TIPX,State Street SPDR Bloomberg 1a??10 Year TIPS ETF,ETF,NYSE ARCA,18.25
TIZE,TCW Securitized Income ETF,ETF,NYSE ARCA,34.01
TLTP,Amplify TLT U.S. Treasury 12% Option Income ETF,ETF,BATS,19.36
TMAR,FT Vest Emerging Markets Buffer ETF - March,ETF,BATS,27.03
TMF,Direxion Daily 20-Yr Treasury Bull 3x Shrs,ETF,NYSE ARCA,27.21
TMFC,Motley Fool 100 Index ETF,ETF,BATS,80.87
TMFX,Motley Fool Next Index ETF,ETF,BATS,23.79
TMLP,Tortoise MLP ETF,ETF,NYSE ARCA,28.37
TMP,Tompkins Financial Corporation Common Stock,EQUITY,NYSE AMERICAN,99.57
TMV,Direxion Daily 20-Year Treasury Bear 3X,ETF,NYSE ARCA,47.11
TNET,"TriNet Group, Inc. Common Stock",EQUITY,NYSE,65.11
TOAO,Twin Oak Active Opportunities III ETF,ETF,BATS,27.48
TOK,iShares MSCI Kokusai ETF,ETF,NYSE ARCA,154.48
TOPT,iShares Top 20 U.S. Stocks ETF,ETF,NYSE ARCA,35.34
TOTR,T. Rowe Price Total Return ETF,ETF,NYSE ARCA,38.45
TPLC,Timothy Plan US Large/Mid Cap Core ETF,ETF,NYSE ARCA,48.91
TPOR,Direxion Daily Transportation Bull 3X ETF,ETF,NYSE ARCA,31.11
TRAK,"ReposiTrak, Inc. Common Stock",EQUITY,NYSE,8.23
TRIO,MC Trio Equity Buffered ETF,ETF,BATS,66.13
TRN,"Trinity Industries, Inc. Common Stock",EQUITY,NYSE,27.91
TRP,TC Energy Corporation Common Stock,EQUITY,NYSE,58.78
TRPA,Hartford AAA CLO ETF,ETF,BATS,39.05
TSIB,Direxion TSLA Defined Income Boost ETF,ETF,BATS,29.43
TSLP,Kurv Yield Premium Strategy Tesla (TSLA) ETF,ETF,BATS,15.34
TSLW,Roundhill TSLA WeeklyPay ETF,ETF,BATS,18.22
TSLX,"Sixth Street Specialty Lending, Inc. Common Stock",EQUITY,NYSE,18.14
TSM,Taiwan Semiconductor Manufacturing Company Ltd.,EQUITY,NYSE,450.61
TSMY,YieldMax TSM Option Income Strategy ETF,ETF,NYSE ARCA,15.54
TSNF,Truth Social American Next Frontiers ETF,ETF,NYSE ARCA,31.99
TTDU,T-REX 2X Long TTD Daily Target ETF,ETF,BATS,10.74
TTMX,Tradr 2X Long TTMI Daily ETF,ETF,BATS,9.52
TUSB,Thrivent Ultra Short Bond ETF,ETF,NYSE ARCA,50.54
TXBC,21Shares FTSE Crypto 10 ex-BTC Index ETF,ETF,NYSE ARCA,18.96
TYYY,xETFs TSLA Daily Income ETF,ETF,NYSE ARCA,38.67
UAUG,Innovator U.S. Equity Ultra Buffer ETF - August,ETF,BATS,43.2
UDIV,Franklin U.S. Core Dividend Tilt Index ETF,ETF,NYSE ARCA,61.89
UEC,Uranium Energy Corp. Common Stock,EQUITY,NYSE AMERICAN,9.41
UFEB,Innovator U.S. Equity Ultra Buffer ETF - February,ETF,BATS,39.65
UGA,United States Gasoline Fund LP,ETF,NYSE ARCA,143.45
UGI,UGI Corporation Common Stock,EQUITY,NYSE,36.51
UI,Ubiquiti Inc. Common Stock,EQUITY,NYSE,560.67
UJUL,Innovator U.S. Equity Ultra Buffer ETF - July,ETF,BATS,41.56
UJUN,Innovator U.S. Equity Ultra Buffer ETF - June,ETF,BATS,39.32
UMCU,Tradr 2X Long UMC Daily ETF,ETF,BATS,39.94
UMDD,UltraPro MidCap400,ETF,NYSE ARCA,31.07
UN,Corgi UNH 2x Daily ETF,ETF,BATS,19.86
UNH,UnitedHealth Group Incorporated Common Stock (DE),EQUITY,NYSE,376.59
UNOV,Innovator U.S. Equity Ultra Buffer ETF - November,ETF,BATS,41.46
UPLT,ProShares Ultra Platinum K-1 Free ETF,ETF,NYSE ARCA,24.58
URAA,Direxion Daily Uranium Industry Bull 2X ETF,ETF,NYSE ARCA,20.45
URAN,Themes Uranium & Nuclear ETF,ETF,BATS,35.95
URNM,Sprott Uranium Miners ETF,ETF,NYSE ARCA,49.13
URTH,iShares MSCI World ETF,ETF,NYSE ARCA,208.73
USA,Liberty All-Star Equity Fund Common Stock,EQUITY,NYSE,5.87
USAI,Pacer American Energy Infrastructure ETF,ETF,NYSE ARCA,44.22
USAX,Tradr 2X Long USAR Daily ETF,ETF,BATS,7.91
USDU,WisdomTree Bloomberg U.S. Dollar Bullish Fund,ETF,NYSE ARCA,26.83
USEW,Cambria US EW ETF,ETF,BATS,56.16
USHY,iShares Broad USD High Yield Corporate Bond ETF,ETF,BATS,36.03
USLV,Direxion Daily Silver Bull 2X ETF,ETF,NYSE ARCA,15.54
USMV,iShares MSCI USA Min Vol Factor ETF,ETF,BATS,98.34
USNG,Amplify Samsung U.S. Natural Gas Infrastructure ETF,ETF,NYSE ARCA,34.85
USNZ,Xtrackers Net Zero Pathway Paris Aligned US Equity ETF,ETF,NYSE ARCA,49.27
UST,ProShares Ultra 7-10 Year Treasury,ETF,NYSE ARCA,38.43
USX,Corgi Total U.S. Market 2x Daily ETF,ETF,BATS,25.02
UYM,ProShares Ultra Materials,ETF,NYSE ARCA,28.11
V,Visa Inc.,EQUITY,NYSE,367.38
VAW,Vanguard Materials ETF,ETF,NYSE ARCA,223.62
VBK,Vanguard Morningstar Small-Cap Growth ETF,ETF,NYSE ARCA,341.36
VCLN,Virtus Duff & Phelps Clean Energy ETF,ETF,NYSE ARCA,27.67
VDG,Vanguard Developed Markets ex-US Growth Index ETF,ETF,BATS,80.26
VDIG,Vanguard Wellington Dividend Growth Active ETF,ETF,BATS,62.81
VEGX,International Vegan Climate ETF,ETF,BATS,24.69
VETZ,Academy Veteran Bond ETF,ETF,NYSE ARCA,18.98
VICI,VICI Properties Inc. Common Stock,EQUITY,NYSE,23.51
VIDI,Vident International Equity Strategy ETF,ETF,NYSE ARCA,40.05
VIK,Viking Holdings Ltd Ordinary Shares,EQUITY,NYSE,80.3
VIRT,"Virtu Financial, Inc. Class A Common Stock",EQUITY,NYSE,53.4
VIV,Telefonica Brasil S.A. American Depositary Shares (Each representing One Common Share),EQUITY,NYSE,11.6
VKQ,Invesco Municipal Trust Common Stock,EQUITY,NYSE,8.71
VLTO,Veralto Corp Common Stock,EQUITY,NYSE,97.14
VLU,State Street SPDR S&P 1500 Value Tilt ETF,ETF,NYSE ARCA,242.77
VMC,Vulcan Materials Company (Holding Company) Common Stock,EQUITY,NYSE,245.0
VMRK,Vivmark Residential Common Shares of Beneficial Interest,EQUITY,NYSE,61.51
VOE,Vanguard Morningstar Mid-Cap Value ETF,ETF,NYSE ARCA,199.85
VOO,Vanguard S&P 500 ETF,ETF,NYSE ARCA,710.79
VOX,Vanguard Communication Services  ETF,ETF,NYSE ARCA,194.15
VOXP,Vox Populi ETF,ETF,BATS,40.24
VPL,Vanguard FTSE Pacific ETF,ETF,NYSE ARCA,117.42
VSH,"Vishay Intertechnology, Inc. Common Stock",EQUITY,NYSE,32.55
VSHY,Virtus Newfleet Short Duration High Yield Bond ETF,ETF,NYSE ARCA,21.34
VSXY,Victorias Secret & Co. Common Stock,EQUITY,NYSE,82.91
VUSE,Vident U.S. Equity Strategy ETF,ETF,NYSE ARCA,73.28
W,Wayfair Inc. Class A Common Stock,EQUITY,NYSE,98.15
WAL,Western Alliance Bancorporation Common Stock (DE),EQUITY,NYSE,77.61
WATS,Corgi Battery Energy Storage Systems ETF,ETF,BATS,20.33
WEA,Western Asset Bond Fund Share of Beneficial Interest,EQUITY,NYSE,9.88
WEC,"WEC Energy Group, Inc. Common Stock",EQUITY,NYSE,101.45
WEEK,Roundhill Weekly T-Bill ETF,ETF,BATS,100.04
WEEL,Peerless Option Income Wheel ETF,ETF,NYSE ARCA,20.06
WEPN,Nicholas Defense and Rare Earth Income ETF,ETF,NYSE ARCA,42.47
WFG,West Fraser Timber Co. Ltd Common stock,EQUITY,NYSE,71.68
WGO,"Winnebago Industries, Inc. Common Stock",EQUITY,NYSE,27.15
WHG,Westwood Holdings Group Inc Common Stock,EQUITY,NYSE,19.03
WK,Workiva Inc. Class A Common Stock,EQUITY,NYSE,69.64
WLDU,Leverage Shares 2x Long World Stock Daily ETF,ETF,BATS,17.61
WLTG,WealthTrust DBS Long Term Growth ETF,ETF,NYSE,38.38
WMS,"Advanced Drainage Systems, Inc. Common Stock",EQUITY,NYSE,133.13
WPP,WPP plc American Depositary Shares,EQUITY,NYSE,25.99
WQTM,WisdomTree Quantum Computing Fund,ETF,BATS,32.69
WR,Corgi U.S. War Machine ETF,ETF,BATS,26.46
WRBY,Warby Parker Inc. Class A Common Stock,EQUITY,NYSE,26.71
WSDB,Weitz Short Duration Bond ETF,ETF,NYSE ARCA,24.66
WSM,"Williams-Sonoma, Inc. Common Stock (DE)",EQUITY,NYSE,231.9
WTAI,WisdomTree Artificial Intelligence and Innovation Fund,ETF,BATS,43.95
WTPI,WisdomTree Equity Premium Income Fund,ETF,NYSE ARCA,32.98
WTRE,WisdomTree New Economy Real Estate Fund,ETF,NYSE ARCA,22.88
WTTR,"Select Water Solutions, Inc. Class A common stock",EQUITY,NYSE,19.84
WWW,"Wolverine World Wide, Inc. Common Stock",EQUITY,NYSE,19.07
WXET,Teucrium 2x Daily Wheat ETF,ETF,NYSE ARCA,22.52
WZRD,Opportunistic Trader ETF,ETF,BATS,6.0
XAR,State Street SPDR S&P Aerospace & Defense ETF,ETF,NYSE ARCA,239.46
XBI,State Street SPDR S&P Biotech ETF,ETF,NYSE ARCA,155.03
XBOC,Innovator U.S. Equity Accelerated 9 Buffer ETF - October,ETF,BATS,36.4
XBOX,Roundhill Ultra Short Duration No Dividend Target ETF,ETF,BATS,101.11
XCOM,Corgi All Commodities 2x Daily ETF,ETF,BATS,27.56
XCOR,FundX ETF,ETF,NYSE ARCA,90.53
XDAT,Franklin Exponential Data ETF,ETF,BATS,28.06
XDSQ,Innovator U.S. Equity Accelerated ETF - Quarterly,ETF,BATS,45.38
XDTE,Roundhill S&P 500 0DTE Covered Call Strategy ETF,ETF,BATS,38.51
XHR,"Xenia Hotels & Resorts, Inc. Common Stock",EQUITY,NYSE,18.17
XIDE,FT Vest U.S. Equity Buffer & Premium Income  ETF - December,ETF,BATS,30.4
XIGV,Defiance US 100 Tech Ex Software ETF,ETF,BATS,24.5
XIJN,FT Vest U.S. Equity Buffer & Premium Income ETF - June,ETF,BATS,30.87
XJUL,FT Vest U.S. Equity Enhance & Moderate Buffer ETF - July,ETF,BATS,41.81
XLB,State Street Materials Select Sector SPDR ETF,ETF,NYSE ARCA,49.8
XLE,State Street Energy Select Sector SPDR ETF,ETF,NYSE ARCA,62.04
XLF,State Street Financial Select Sector SPDR ETF,ETF,NYSE ARCA,54.84
XLSI,State Street Consumer Staples Select Sector SPDR Premium Income ETF,ETF,NYSE ARCA,22.86
XLU,State Street Utilities Select Sector SPDR ETF,ETF,NYSE ARCA,39.51
XME,State Street SPDR S&P Metals & Mining ETF,ETF,NYSE ARCA,108.33
XNAV,FundX Aggressive ETF,ETF,NYSE ARCA,93.32
XNTK,State Street SPDR NYSE Technology ETF,ETF,NYSE ARCA,383.08
XPER,Xperi Inc. Common Stock,EQUITY,NYSE,5.56
XPH,State Street SPDR S&P Pharmaceuticals ETF,ETF,NYSE ARCA,66.09
XPRO,Expro Ltd Ordinary Shares,EQUITY,NYSE,16.33
XQTM,Corgi Quantum Computing 2x Daily ETF,ETF,BATS,13.73
XRLX,FundX Conservative ETF,ETF,NYSE ARCA,49.43
XRPM,Amplify XRP 3% Monthly Option Income ETF,ETF,BATS,10.41
XRPR,REX-Osprey XRP ETF,ETF,BATS,12.85
XSEP,FT Vest U.S. Equity Enhance & Moderate Buffer ETF - September,ETF,BATS,45.42
XSVM,Invesco S&P SmallCap Value with Momentum ETF,ETF,NYSE ARCA,66.76
XTEN,BondBloxx Bloomberg Ten Year Target Duration US Treasury ETF,ETF,NYSE ARCA,42.84
XVSP,FT Vest SPCX & Target Income ETF,ETF,BATS,31.78
XVTS,FT Vest TSLA & Target Income ETF,ETF,BATS,32.78
YELP,Yelp Inc. Common Stock,EQUITY,NYSE,18.03
YMAR,FT Vest International Equity Moderate Buffer ETF - March,ETF,BATS,29.21
ZCBA,Global X Zero Coupon Bond 2030 ETF,ETF,NYSE ARCA,47.85
ZCBC,Global X Zero Coupon Bond 2032 ETF,ETF,NYSE ARCA,47.22
ZCBG,Global X Zero Coupon Bond 2035 ETF,ETF,NYSE ARCA,46.51
ZDEK,Innovator Equity Defined Protection ETF - 1 Yr December,ETF,BATS,26.86
ZETA,Zeta Global Holdings Corp. Class A Common Stock,EQUITY,NYSE,29.45
ZIM,ZIM Integrated Shipping Services Ltd. Ordinary Shares,EQUITY,NYSE,29.19
ZJUN,Innovator Equity Defined Protection ETF - 1 Yr June,ETF,BATS,27.75
ZMAR,Innovator Equity Defined Protection ETF - 1 Yr March,ETF,BATS,28.68
ZNOV,Innovator Equity Defined Protection ETF - 1 Yr November,ETF,BATS,27.97
ZOCT,Innovator Equity Defined Protection ETF - 1 Yr October,ETF,BATS,28.07
^GSPC,S&P 500,INDEX,,NA
^DJI,Dow Jones Industrial Average,INDEX,,NA
^IXIC,Nasdaq Composite,INDEX,,NA
^NDX,Nasdaq 100,INDEX,,NA
^RUT,Russell 2000,INDEX,,NA
^VIX,CBOE Volatility Index,INDEX,,NA
