symbol,company_name,group,exchange
AAAP,Pacer Barings CLO Market Flex ETF,ETF,NASDAQ
AACG,"ATA Creativity Global - American Depositary Shares, each representing two common shares",EQUITY,NASDAQ
AACI,Armada Acquisition Corp. III - Class A Ordinary Share,EQUITY,NASDAQ
AACO,Abony Acquisition Corp. I - Class A Ordinary Share,EQUITY,NASDAQ
AACP,Apogee Acquisition Corp - Class A Ordinary Shares,EQUITY,NASDAQ
AADR,AdvisorShares Dorsey Wright ADR ETF,ETF,NASDAQ
AAEQ,Alpha Architect US Equity 2 ETF,ETF,NASDAQ
AAL,"American Airlines Group, Inc. - Common Stock",EQUITY,NASDAQ
AALG,Leverage Shares 2X Long AAL Daily ETF,ETF,NASDAQ
AAME,Atlantic American Corporation - Common Stock,EQUITY,NASDAQ
AAOI,"Applied Optoelectronics, Inc. - Common Stock",EQUITY,NASDAQ
AAON,"AAON, Inc. - Common Stock",EQUITY,NASDAQ
AAPB,GraniteShares 2x Long AAPL Daily ETF,ETF,NASDAQ
AAPD,Direxion Daily AAPL Bear 1X ETF,ETF,NASDAQ
AAPG,Ascentage Pharma Group International - American Depository Shares,EQUITY,NASDAQ
AAPL,Apple Inc. - Common Stock,EQUITY,NASDAQ
AAPU,Direxion Daily AAPL Bull 2X ETF,ETF,NASDAQ
AARD,"Aardvark Therapeutics, Inc. - Common Stock",EQUITY,NASDAQ
AAUB,Alpha Architect US Equity 4 ETF,ETF,NASDAQ
AAUS,Alpha Architect US Equity ETF,ETF,NASDAQ
AAVM,Alpha Architect Global Factor Equity ETF,ETF,NASDAQ
AAXJ,iShares MSCI All Country Asia ex Japan ETF,ETF,NASDAQ
ABAT,American Battery Technology Company - Common Stock,EQUITY,NASDAQ
ABCL,AbCellera Biologics Inc. - Common Shares,EQUITY,NASDAQ
ABCS,Alpha Blue Capital US Small-Mid Cap Dynamic ETF,ETF,NASDAQ
ABEO,Abeona Therapeutics Inc. - Common Stock,EQUITY,NASDAQ
ABI,VictoryShares Pioneer Asset-Based Income ETF,ETF,NASDAQ
ABIG,Argent Large Cap ETF,ETF,NASDAQ
ABLV,Able View Global Inc. - Class B Ordinary Shares,EQUITY,NASDAQ
ABNB,"Airbnb, Inc. - Class A Common Stock",EQUITY,NASDAQ
ABOS,"Acumen Pharmaceuticals, Inc. - Common Stock",EQUITY,NASDAQ
ABSI,Absci Corporation - Common Stock,EQUITY,NASDAQ
ABTC,American Bitcoin Corp. - Class A Common Stock,EQUITY,NASDAQ
ABTS,Abits Group Inc - Ordinary Shares,EQUITY,NASDAQ
ABUS,Arbutus Biopharma Corporation - Common Stock,EQUITY,NASDAQ
ABVC,"ABVC BioPharma, Inc. - Common Stock",EQUITY,NASDAQ
ABVX,Abivax SA - American Depositary Shares,EQUITY,NASDAQ
ACAA,Averin Capital Acquisition Corp. - Class A Ordinary Shares,EQUITY,NASDAQ
ACAD,ACADIA Pharmaceuticals Inc. - Common Stock,EQUITY,NASDAQ
ACB,Aurora Cannabis Inc. - Common Shares,EQUITY,NASDAQ
ACBE,Pacer Metaurus Enhanced Core Income Autocallable ETF,ETF,NASDAQ
ACBH,Pacer Metaurus High Income Autocallable ETF,ETF,NASDAQ
ACCL,Acco Group Holdings Limited - Class A Ordinary Shares,EQUITY,NASDAQ
ACDC,ProFrac Holding Corp. - Class A Common Stock,EQUITY,NASDAQ
ACEP,ARS Core Equity Portfolio ETF,ETF,NASDAQ
ACET,"Adicet Bio, Inc. - Common Stock",EQUITY,NASDAQ
ACFN,"Acorn Energy, Inc. - Common Stock",EQUITY,NASDAQ
ACGC,ACP Holdings Acquisition Corp. - Class A Ordinary Shares,EQUITY,NASDAQ
ACGL,Arch Capital Group Ltd. - Common Stock,EQUITY,NASDAQ
ACHC,"Acadia Healthcare Company, Inc. - Common Stock",EQUITY,NASDAQ
ACHV,"Achieve Life Sciences, Inc.  - Common Shares",EQUITY,NASDAQ
ACIC,American Coastal Insurance Corporation - Common Stock,EQUITY,NASDAQ
ACIU,AC Immune SA - Common Stock,EQUITY,NASDAQ
ACIW,"ACI Worldwide, Inc. - Common Stock",EQUITY,NASDAQ
ACLS,"Axcelis Technologies, Inc. - Common Stock",EQUITY,NASDAQ
ACMR,"ACM Research, Inc. - Class A Common Stock",EQUITY,NASDAQ
ACNB,ACNB Corporation - Common Stock,EQUITY,NASDAQ
ACNT,Ascent Industries Co. - Common Stock,EQUITY,NASDAQ
ACOG,Alpha Cognition Inc. - Common Stock,EQUITY,NASDAQ
ACON,"Aclarion, Inc. - Common Stock",EQUITY,NASDAQ
ACQQ,ProShares Nasdaq-100 Autocallable Income ETF,ETF,NASDAQ
ACRS,"Aclaris Therapeutics, Inc. - Common Stock",EQUITY,NASDAQ
ACRT,ProShares Russell 2000 Autocallable Income ETF,ETF,NASDAQ
ACRV,"Acrivon Therapeutics, Inc. - Common Stock",EQUITY,NASDAQ
ACSP,ProShares S&P 500 Autocallable Income ETF,ETF,NASDAQ
ACT,"Enact Holdings, Inc. - Common Stock",EQUITY,NASDAQ
ACTG,Acacia Research Corporation - Common Stock,EQUITY,NASDAQ
ACTU,"Actuate Therapeutics, Inc. - Common stock",EQUITY,NASDAQ
ACWI,iShares MSCI ACWI ETF,ETF,NASDAQ
ACWX,iShares MSCI ACWI ex U.S. ETF,ETF,NASDAQ
ACXP,"Acurx Pharmaceuticals, Inc. - Common Stock",EQUITY,NASDAQ
ADAC,American Drive Acquisition Company - Class A Ordinary Shares,EQUITY,NASDAQ
ADAG,"Adagene Inc. - ADS, each representing 1.25 ordinary shares",EQUITY,NASDAQ
ADAM,"Adamas Trust, Inc. - Common Stock",EQUITY,NASDAQ
ADBE,Adobe Inc. - Common Stock,EQUITY,NASDAQ
ADBG,Leverage Shares 2X Long ADBE Daily ETF,ETF,NASDAQ
ADBT,"Advasa Holdings, Inc. - Common stock",EQUITY,NASDAQ
ADEA,Adeia Inc.  - Common Stock,EQUITY,NASDAQ
ADGM,"Adagio Medical Holdings, Inc - Common Stock",EQUITY,NASDAQ
ADI,"Analog Devices, Inc. - Common Stock",EQUITY,NASDAQ
ADIL,"Adial Pharmaceuticals, Inc - Common Stock",EQUITY,NASDAQ
ADMA,ADMA Biologics Inc - Common Stock,EQUITY,NASDAQ
ADP,"Automatic Data Processing, Inc. - Common Stock",EQUITY,NASDAQ
ADPT,Adaptive Biotechnologies Corporation - Common Stock,EQUITY,NASDAQ
ADRX,"ADARx Pharmaceuticals, Inc. - Common stock",EQUITY,NASDAQ
ADSE,ADS-TEC ENERGY PLC - Ordinary Shares,EQUITY,NASDAQ
ADSK,"Autodesk, Inc. - Common Stock",EQUITY,NASDAQ
ADTN,"ADTRAN Holdings, Inc. - Common Stock",EQUITY,NASDAQ
ADUR,Aduro Clean Technologies Inc. - Common Stock,EQUITY,NASDAQ
ADUS,Addus HomeCare Corporation - Common Stock,EQUITY,NASDAQ
ADV,Advantage Solutions Inc.  - Class A Common Stock,EQUITY,NASDAQ
ADVB,Advanced Biomed Inc. - Common Stock,EQUITY,NASDAQ
ADXN,Addex Therapeutics Ltd - American Depositary Shares,EQUITY,NASDAQ
AEAQ,Activate Energy Acquisition Corp. - Class A Ordinary Share,EQUITY,NASDAQ
AEBI,Aebi Schmidt Holding AG - Common Stock,EQUITY,NASDAQ
AEC,Anfield Energy Inc. - Common Shares,EQUITY,NASDAQ
AEHL,Antelope Enterprise Holdings Limited - Class A Ordinary Shares,EQUITY,NASDAQ
AEHR,Aehr Test Systems - Common Stock,EQUITY,NASDAQ
AEI,Alset Inc. - Common Stock,EQUITY,NASDAQ
AEIS,"Advanced Energy Industries, Inc. - Common Stock",EQUITY,NASDAQ
AEMD,"Aethlon Medical, Inc. - Common Stock",EQUITY,NASDAQ
AENT,Alliance Entertainment Holding Corporation - common stock,EQUITY,NASDAQ
AEP,"American Electric Power Company, Inc. - Common Stock",EQUITY,NASDAQ
AERT,"Aeries Technology, Inc. - Class A Ordinary Share",EQUITY,NASDAQ
AESP,Aeon Acquisition I Corp. - Class A Ordinary Shares,EQUITY,NASDAQ
AEVA,"Aeva Technologies, Inc. - Common Stock",EQUITY,NASDAQ
AEYE,"AudioEye, Inc. - Common Stock",EQUITY,NASDAQ
AFCG,Advanced Flower Capital Inc. - Common Stock,EQUITY,NASDAQ
AFDM,First Trust Active Factor International ETF,ETF,NASDAQ
AFEM,First Trust Active Factor Emerging Markets ETF,ETF,NASDAQ
AFJK,"Aimei Health Technology Co., Ltd - Ordinary Share",EQUITY,NASDAQ
AFOS,ARS Focused Opportunity Strategy ETF,ETF,NASDAQ
AFRI,Forafric Global PLC - Ordinary Shares,EQUITY,NASDAQ
AFRM,"Affirm Holdings, Inc. - Class A Common Stock",EQUITY,NASDAQ
AFSC,abrdn Focused U.S. Small Cap Active ETF,ETF,NASDAQ
AFYA,Afya Limited - Class A Common Shares,EQUITY,NASDAQ
AGCC,Agencia Comercial Spirits Ltd - Class A Ordinary Share,EQUITY,NASDAQ
AGEM,abrdn Emerging Markets Dividend Active ETF,ETF,NASDAQ
AGEN,Agenus Inc. - Common Stock,EQUITY,NASDAQ
AGGA,EA Astoria Beacon Dynamic Core US Fixed Income ETF,ETF,NASDAQ
AGIO,"Agios Pharmaceuticals, Inc. - Common Stock",EQUITY,NASDAQ
AGIX,KraneShares Public-Private AI & Technology ETF,ETF,NASDAQ
AGMB,AgomAb Therapeutics NV - ADRs representing one common share.,EQUITY,NASDAQ
AGMH,AGM Group Holdings Inc. - Class A Ordinary Shares,EQUITY,NASDAQ
AGMI,Themes Silver Miners ETF,ETF,NASDAQ
AGNC,AGNC Investment Corp. - Common Stock,EQUITY,NASDAQ
AGNG,Global X Aging Population ETF,ETF,NASDAQ
AGNT,"AGNT, Inc. - Common Stock",EQUITY,NASDAQ
AGPU,Axe Compute Inc. - Common Stock,EQUITY,NASDAQ
AGRZ,Agroz Inc. - Class A Ordinary Shares,EQUITY,NASDAQ
AGYS,"Agilysys, Inc. - Common Stock",EQUITY,NASDAQ
AGZD,WisdomTree Interest Rate Hedged U.S. Aggregate Bond Fund,ETF,NASDAQ
AHCO,AdaptHealth Corp.  - Common Stock,EQUITY,NASDAQ
AHD,GraniteShares Autocallable HOOD ETF,ETF,NASDAQ
AHG,Akso Health Group - American Depositary Shares,EQUITY,NASDAQ
AHMA,Ambitions Enterprise Management Co. L.L.C - Class A Ordinary Shares,EQUITY,NASDAQ
AIA,iShares Asia 50 ETF,ETF,NASDAQ
AIAI,AIAI Holdings Corporation - Class A common stock,EQUITY,NASDAQ
AIBZ,Bitzero Holdings Inc. - Common Shares,EQUITY,NASDAQ
AICH,China AI ETF,ETF,NASDAQ
AIDX,"20/20 Biolabs, Inc. - Common Stock",EQUITY,NASDAQ
AIFA,"All In FutureTech Alliance, Inc. - Common Stock",EQUITY,NASDAQ
AIFC,AI Financial Corporation - Common Stock,EQUITY,NASDAQ
AIFD,TCW Artificial Intelligence ETF,ETF,NASDAQ
AIFF,"Firefly Neuroscience, Inc.  - Common Stock",EQUITY,NASDAQ
AIFR,Defiance Global Foundries ETF,ETF,NASDAQ
AIFU,AIFU Inc. - Class A Ordinary Share,EQUITY,NASDAQ
AIIO,Robo.ai Inc. - Class B Ordinary Shares,EQUITY,NASDAQ
AIIR,Air Global PLC - Ordinary shares,EQUITY,NASDAQ
AIMD,"Ainos, Inc. - Common Stock",EQUITY,NASDAQ
AIMG,Defiance AI Magnificent 10 ETF,ETF,NASDAQ
AIMS,Acuitas Small Cap Active ETF,ETF,NASDAQ
AINF,Defiance Inference AI Chip ETF,ETF,NASDAQ
AIOS,AIOS Tech Inc. - Class A Common Shares,EQUITY,NASDAQ
AIOT,"PowerFleet, Inc. - Common Stock",EQUITY,NASDAQ
AIP,"Arteris, Inc.  - Common Stock",EQUITY,NASDAQ
AIPI,REX AI Equity Premium Income ETF,ETF,NASDAQ
AIPO,Defiance AI & Power Infrastructure ETF,ETF,NASDAQ
AIQ,Global X Artificial Intelligence & Technology ETF,ETF,NASDAQ
AIRE,reAlpha Tech Corp. - Common Stock,EQUITY,NASDAQ
AIRG,"Airgain, Inc. - Common Stock",EQUITY,NASDAQ
AIRJ,AirJoule Technologies Corporation - Class A Common Stock,EQUITY,NASDAQ
AIRO,"AIRO Group Holdings, Inc. - Common Stock",EQUITY,NASDAQ
AIRR,First Trust RBA American Industrial Renaissance ETF,ETF,NASDAQ
AIRS,"AirSculpt Technologies, Inc. - Common Stock",EQUITY,NASDAQ
AIRT,"Air T, Inc. - Common Stock",EQUITY,NASDAQ
AISP,"Airship AI Holdings, Inc - Class A Common Stock",EQUITY,NASDAQ
AIX,Defiance US 100 Tech AI Moat ETF,ETF,NASDAQ
AIXC,"AIxCrypto Holdings, Inc. - Common Stock",EQUITY,NASDAQ
AIXI,XIAO-I Corporation - American Depositary Shares,EQUITY,NASDAQ
AKAM,"Akamai Technologies, Inc. - Common Stock",EQUITY,NASDAQ
AKAN,Akanda Corp. - Common Shares,EQUITY,NASDAQ
AKBA,"Akebia Therapeutics, Inc. - Common Stock",EQUITY,NASDAQ
AKTS,"Aktis Oncology, Inc. - Common stock",EQUITY,NASDAQ
AKTX,Akari Therapeutics Plc - American Depositary Shares,EQUITY,NASDAQ
ALAB,"Astera Labs, Inc. - Common Stock",EQUITY,NASDAQ
ALAR,Alarum Technologies Ltd. - American Depositary Shares,EQUITY,NASDAQ
ALBG,Leverage Shares 2X Long ALB Daily ETF,ETF,NASDAQ
ALCO,"Alico, Inc. - Common Stock",EQUITY,NASDAQ
ALDF,Aldel Financial II Inc. - Class A Ordinary Shares,EQUITY,NASDAQ
ALDX,"Aldeyra Therapeutics, Inc. - Common Stock",EQUITY,NASDAQ
ALEC,"Alector, Inc. - Common Stock",EQUITY,NASDAQ
ALF,Centurion Acquisition Corp. - Class A Ordinary Shares,EQUITY,NASDAQ
ALGM,"Allegro MicroSystems, Inc. - Common Stock",EQUITY,NASDAQ
ALGN,"Align Technology, Inc. - Common Stock",EQUITY,NASDAQ
ALGS,"Aligos Therapeutics, Inc. - Common stock",EQUITY,NASDAQ
ALGT,Allegiant Travel Company - Common Stock,EQUITY,NASDAQ
ALHC,"Alignment Healthcare, Inc. - Common Stock",EQUITY,NASDAQ
ALIL,Argent Focused Small Cap ETF,ETF,NASDAQ
ALIS,Calisa Acquisition Corp - Ordinary shares,EQUITY,NASDAQ
ALKS,Alkermes plc - Ordinary Shares,EQUITY,NASDAQ
ALKT,"Alkami Technology, Inc. - Common Stock",EQUITY,NASDAQ
ALLO,"Allogene Therapeutics, Inc. - Common Stock",EQUITY,NASDAQ
ALLR,"Allarity Therapeutics, Inc. - Common stock",EQUITY,NASDAQ
ALLT,Allot Ltd. - Ordinary Shares,EQUITY,NASDAQ
ALLW,State Street Bridgewater All Weather ETF,ETF,NASDAQ
ALM,Almonty Industries Inc. - Common Shares,EQUITY,NASDAQ
ALMR,"Alamar Biosciences, Inc. - Class A common stock",EQUITY,NASDAQ
ALMS,Alumis Inc. - Common Stock,EQUITY,NASDAQ
ALMU,"Aeluma, Inc. - Common Stock",EQUITY,NASDAQ
ALNT,Allient Inc. - Common Stock,EQUITY,NASDAQ
ALNY,"Alnylam Pharmaceuticals, Inc. - Common Stock",EQUITY,NASDAQ
ALOV,"Aldabra 4 Liquidity Opportunity Vehicle, Inc. - Class A Ordinary Shares",EQUITY,NASDAQ
ALOY,REalloys Inc. - Common Stock,EQUITY,NASDAQ
ALP,Alpha Compute Corp  - Ordinary Shares,EQUITY,NASDAQ
ALPS,ALPS Group Inc - Ordinary Share,EQUITY,NASDAQ
ALPX,Alpex Acquisition Corporation - Class A Ordinary Shares,EQUITY,NASDAQ
ALRM,"Alarm.com Holdings, Inc. - Common Stock",EQUITY,NASDAQ
ALRS,Alerus Financial Corporation - Common Stock,EQUITY,NASDAQ
ALT,"Altimmune, Inc. - Common Stock",EQUITY,NASDAQ
ALTI,"AlTi Global, Inc. - Class A Common Stock",EQUITY,NASDAQ
ALTO,"Alto Ingredients, Inc. - Common Stock",EQUITY,NASDAQ
ALTY,Global X Alternative Income ETF,ETF,NASDAQ
ALVO,Alvotech - Ordinary Shares,EQUITY,NASDAQ
ALXO,ALX Oncology Holdings Inc. - Common Stock,EQUITY,NASDAQ
ALZN,"Alzamend Neuro, Inc. - Common Stock",EQUITY,NASDAQ
AMA,Defiance Daily Target 2X Long AMAT ETF,ETF,NASDAQ
AMAC,AMR Resources Acquisition Corp - Class A Ordinary Shares,EQUITY,NASDAQ
AMAL,Amalgamated Financial Corp. - Common Stock,EQUITY,NASDAQ
AMAN,Amanat Acquisition Corp - Class A Ordinary Shares,EQUITY,NASDAQ
AMAT,"Applied Materials, Inc. - Common Stock",EQUITY,NASDAQ
AMBA,"Ambarella, Inc. - Ordinary Shares",EQUITY,NASDAQ
AMBR,Amber International Holding Limited - American Depositary Shares,EQUITY,NASDAQ
AMCI,AMC Robotics Corporation - Common Stock,EQUITY,NASDAQ
AMCX,AMC Global Media Inc. - Class A Common Stock,EQUITY,NASDAQ
AMD,"Advanced Micro Devices, Inc. - Common Stock",EQUITY,NASDAQ
AMDD,Direxion Daily AMD Bear 1X ETF,ETF,NASDAQ
AMDG,Leverage Shares 2X Long AMD Daily ETF,ETF,NASDAQ
AMDL,GraniteShares 2x Long AMD Daily ETF,ETF,NASDAQ
AMEI,Amana Equity Income ETF,ETF,NASDAQ
AMEM,Amana Developing World ETF,ETF,NASDAQ
AMGN,Amgen Inc. - Common Stock,EQUITY,NASDAQ
AMGR,Amana Growth ETF,ETF,NASDAQ
AMID,Argent Mid Cap ETF,ETF,NASDAQ
AMIX,"Autonomix Medical, Inc. - Common Stock",EQUITY,NASDAQ
AMKR,"Amkor Technology, Inc. - Common Stock",EQUITY,NASDAQ
AMLX,"Amylyx Pharmaceuticals, Inc. - Common Stock",EQUITY,NASDAQ
AMOD,"Alpha Modus Holdings, Inc. - Class A Common Stock",EQUITY,NASDAQ
AMPG,"Amplitech Group, Inc. - Common Stock",EQUITY,NASDAQ
AMPH,"Amphastar Pharmaceuticals, Inc. - Common Stock",EQUITY,NASDAQ
AMPL,"Amplitude, Inc. - Class A Common Stock",EQUITY,NASDAQ
AMRN,Amarin Corporation plc - American Depositary Shares,EQUITY,NASDAQ
AMRX,"Amneal Pharmaceuticals, Inc. - Class A Common Stock",EQUITY,NASDAQ
AMSC,American Superconductor Corporation - Common Stock,EQUITY,NASDAQ
AMSF,"AMERISAFE, Inc. - Common Stock",EQUITY,NASDAQ
AMSS,AMASS Brands Inc. - Common Stock,EQUITY,NASDAQ
AMST,Amesite Inc. - Common Stock,EQUITY,NASDAQ
AMTX,"Aemetis, Inc - Common Stock",EQUITY,NASDAQ
AMUN,abrdn Ultra Short Municipal Income Active ETF,ETF,NASDAQ
AMUU,Direxion Daily AMD Bull 2X ETF,ETF,NASDAQ
AMYY,GraniteShares YieldBOOST AMD ETF,ETF,NASDAQ
AMZD,Direxion Daily AMZN Bear 1X ETF,ETF,NASDAQ
AMZN,"Amazon.com, Inc. - Common Stock",EQUITY,NASDAQ
AMZU,Direxion Daily AMZN Bull 2X ETF,ETF,NASDAQ
AMZZ,GraniteShares 2x Long AMZN Daily ETF,ETF,NASDAQ
ANAB,"AnaptysBio, Inc. - Common Stock",EQUITY,NASDAQ
ANDE,"The Andersons, Inc. - Common Stock",EQUITY,NASDAQ
ANEL,Defiance Daily Target 2x Long ANET ETF,ETF,NASDAQ
ANGH,Anghami Inc. - Ordinary Shares,EQUITY,NASDAQ
ANGI,Angi Inc. - Class A Common Stock,EQUITY,NASDAQ
ANGL,VanEck Fallen Angel High Yield Bond ETF,ETF,NASDAQ
ANGO,"AngioDynamics, Inc. - Common Stock",EQUITY,NASDAQ
ANGU,SEI Ang Research Enhanced U.S. Large Cap ETF,ETF,NASDAQ
ANIK,Anika Therapeutics Inc. - Common Stock,EQUITY,NASDAQ
ANIP,"ANI Pharmaceuticals, Inc. - Common Stock",EQUITY,NASDAQ
ANIX,"Anixa Biosciences, Inc. - Common Stock",EQUITY,NASDAQ
ANL,Adlai Nortye Group Ltd. - American Depositary Shares,EQUITY,NASDAQ
ANNA,"AleAnna, Inc. - Class A Common Stock",EQUITY,NASDAQ
ANNX,"Annexon, Inc. - common stock",EQUITY,NASDAQ
ANPA,Rich Sparkle Holdings Limited - Ordinary Shares,EQUITY,NASDAQ
ANTA,Antalpha Platform Holding Company - Class A Ordinary Shares,EQUITY,NASDAQ
ANTX,"AN2 Therapeutics, Inc. - Common Stock",EQUITY,NASDAQ
ANV,GraniteShares Autocallable NVDA ETF,ETF,NASDAQ
AOHY,Angel Oak High Yield Opportunities ETF,ETF,NASDAQ
AOSL,Alpha and Omega Semiconductor Limited - Common Shares,EQUITY,NASDAQ
AOTG,AOT Growth and Innovation ETF,ETF,NASDAQ
AOUT,"American Outdoor Brands, Inc. - Common Stock",EQUITY,NASDAQ
APA,APA Corporation - Common Stock,EQUITY,NASDAQ
APAC,StoneBridge Acquisition II Corporation - Class A Ordinary Shares,EQUITY,NASDAQ
APC,ARKO Petroleum Corp. - Class A Common Stock,EQUITY,NASDAQ
APEI,"American Public Education, Inc. - Common Stock",EQUITY,NASDAQ
API,"Agora, Inc. - ADS",EQUITY,NASDAQ
APLD,Applied Digital Corporation - Common Stock,EQUITY,NASDAQ
APLM,Apollomics Inc. - Class A Ordinary Shares,EQUITY,NASDAQ
APMC,AmperCap Acquisition Company - Ordinary Shares,EQUITY,NASDAQ
APMD,"Apnimed, Inc. - Common Stock",EQUITY,NASDAQ
APOG,"Apogee Enterprises, Inc. - Common Stock",EQUITY,NASDAQ
APP,Applovin Corporation - Class A Common Stock,EQUITY,NASDAQ
APPF,"AppFolio, Inc. - Class A Common Stock",EQUITY,NASDAQ
APPN,Appian Corporation - Class A Common Stock,EQUITY,NASDAQ
APPS,"Digital Turbine, Inc. - Common Stock",EQUITY,NASDAQ
APPX,Tradr 2X Long APP Daily ETF,ETF,NASDAQ
APRE,"Aprea Therapeutics, Inc. - Common Stock",EQUITY,NASDAQ
APUR,Aperture AC - Class A Ordinary Shares,EQUITY,NASDAQ
APVO,Aptevo Therapeutics Inc. - Common Stock,EQUITY,NASDAQ
APWC,"Asia Pacific Wire & Cable Corporation Limited  - Common shares, Par value .01 per share",EQUITY,NASDAQ
APXT,Apex Treasury Corporation - Class A Ordinary Share,EQUITY,NASDAQ
APYX,Apyx Medical Corporation - Common Stock,EQUITY,NASDAQ
AQB,"AquaBounty Technologies, Inc. - Common Stock",EQUITY,NASDAQ
AQLG,HCM Large Cap Growth ETF,ETF,NASDAQ
AQMS,"Aqua Metals, Inc. - Common Stock",EQUITY,NASDAQ
AQST,"Aquestive Therapeutics, Inc. - Common Stock",EQUITY,NASDAQ
AQWA,Global X Clean Water ETF,ETF,NASDAQ
ARAI,Arrive AI Inc. - Common Stock,EQUITY,NASDAQ
ARAY,Accuray Incorporated - Common Stock,EQUITY,NASDAQ
ARBB,ARB IOT Group Limited - Ordinary Shares,EQUITY,NASDAQ
ARBE,Arbe Robotics Ltd. - Ordinary Shares,EQUITY,NASDAQ
ARBK,Argo Blockchain plc - American Depositary Shares,EQUITY,NASDAQ
ARCB,ArcBest Corporation - Common Stock,EQUITY,NASDAQ
ARCC,Ares Capital Corporation - Closed End Fund,EQUITY,NASDAQ
ARCI,Archimedes Tech SPAC Partners III Co. - Ordinary Share,EQUITY,NASDAQ
ARCL,ARC Group Acquisition I Corp - Class A Ordinary Shares,EQUITY,NASDAQ
ARCT,Arcturus Therapeutics Holdings Inc. - Common Stock,EQUITY,NASDAQ
ARDX,"Ardelyx, Inc. - Common Stock",EQUITY,NASDAQ
AREC,American Resources Corporation - Class A Common Stock,EQUITY,NASDAQ
ARGX,argenx SE - American Depositary Shares,EQUITY,NASDAQ
ARHS,"Arhaus, Inc. - Class A Common Stock",EQUITY,NASDAQ
ARKO,ARKO Corp. - Common Stock,EQUITY,NASDAQ
ARKR,Ark Restaurants Corp. - Common Stock,EQUITY,NASDAQ
ARM,Arm Holdings plc - American Depositary Shares,EQUITY,NASDAQ
ARMG,Leverage Shares 2X Long ARM Daily ETF,ETF,NASDAQ
ARMY,Tema International Defense ETF,ETF,NASDAQ
AROW,Arrow Financial Corporation - Common Stock,EQUITY,NASDAQ
ARQ,"Arq, Inc. - Common Stock",EQUITY,NASDAQ
ARQQ,Arqit Quantum Inc. - Ordinary Shares,EQUITY,NASDAQ
ARQT,"Arcutis Biotherapeutics, Inc. - Common stock",EQUITY,NASDAQ
ARRY,"Array Technologies, Inc. - Common Stock",EQUITY,NASDAQ
ARTC,Art Technology Acquisition Corp. - Class A Ordinary Shares,EQUITY,NASDAQ
ARTL,"Artelo Biosciences, Inc. - Common Stock",EQUITY,NASDAQ
ARTNA,Artesian Resources Corporation - Class A Non-Voting Common Stock,EQUITY,NASDAQ
ARTV,"Artiva Biotherapeutics, Inc. - Common Stock",EQUITY,NASDAQ
ARTW,"Art's-Way Manufacturing Co., Inc. - Common Stock",EQUITY,NASDAQ
ARVN,"Arvinas, Inc. - Common Stock",EQUITY,NASDAQ
ARVR,First Trust Indxx Metaverse ETF,ETF,NASDAQ
ARWR,"Arrowhead Pharmaceuticals, Inc. - Common Stock",EQUITY,NASDAQ
ARXS,"Arxis, Inc. - Class A Common Stock",EQUITY,NASDAQ
ASBP,"Aspire-Lakewood Holdings, Inc. - Common Stock",EQUITY,NASDAQ
ASCI,abrdn International Small Cap Active ETF,ETF,NASDAQ
ASD,Defiance Autism Impact ETF,ETF,NASDAQ
ASEC,American Century Securitized Credit ETF,ETF,NASDAQ
ASLE,AerSale Corporation - Common Stock,EQUITY,NASDAQ
ASMB,"Assembly Biosciences, Inc. - Common Stock",EQUITY,NASDAQ
ASMG,Leverage Shares 2X Long ASML Daily ETF,ETF,NASDAQ
ASML,ASML Holding N.V. - New York Registry Shares,EQUITY,NASDAQ
ASMU,Direxion Daily ASML Bull 2X ETF,ETF,NASDAQ
ASND,Ascendis Pharma A/S - Ordinary Share,EQUITY,NASDAQ
ASO,"Academy Sports and Outdoors, Inc. - Common Stock",EQUITY,NASDAQ
ASPC,A SPAC III Acquisition Corp. - Class A Ordinary Shares,EQUITY,NASDAQ
ASPI,ASP Isotopes Inc. - Common Stock,EQUITY,NASDAQ
ASPS,Altisource Portfolio Solutions S.A. - Common Stock,EQUITY,NASDAQ
ASRV,AmeriServ Financial Inc. - Common Stock,EQUITY,NASDAQ
ASST,"Strive, Inc. - Class A Common Stock",EQUITY,NASDAQ
ASTC,Astrotech Corporation - Common Stock,EQUITY,NASDAQ
ASTE,"Astec Industries, Inc. - Common Stock",EQUITY,NASDAQ
ASTH,Astrana Health Inc. - Common Stock,EQUITY,NASDAQ
ASTI,"Ascent Solar Technologies, Inc - Common Stock",EQUITY,NASDAQ
ASTL,Algoma Steel Group Inc. - Common Shares,EQUITY,NASDAQ
ASTS,"AST SpaceMobile, Inc. - Class A Common Stock",EQUITY,NASDAQ
ASUR,Asure Software Inc - Common Stock,EQUITY,NASDAQ
ASYS,"Amtech Systems, Inc. - Common Stock",EQUITY,NASDAQ
ATAT,Atour Lifestyle Holdings Limited - American Depositary Shares,EQUITY,NASDAQ
ATC,GraniteShares Autocallable COIN ETF,ETF,NASDAQ
ATCX,Atlas Critical Minerals Corporation - Common Stock,EQUITY,NASDAQ
ATEC,"Alphatec Holdings, Inc. - Common Stock",EQUITY,NASDAQ
ATER,"Aterian, Inc. - Common Stock",EQUITY,NASDAQ
ATEX,Anterix Inc. - Common Stock,EQUITY,NASDAQ
ATGL,Alpha Technology Group Limited - Class A Ordinary Shares,EQUITY,NASDAQ
ATHE,Alterity Therapeutics Limited - American Depositary Shares,EQUITY,NASDAQ
ATHR,"Aether Holdings, Inc. - Common Stock",EQUITY,NASDAQ
ATII,Archimedes Tech SPAC Partners II Co. - Ordinary Shares,EQUITY,NASDAQ
ATLC,Atlanticus Holdings Corporation - Common Stock,EQUITY,NASDAQ
ATLO,Ames National Corporation - Common Stock,EQUITY,NASDAQ
ATLQ,JAB Acquisition Corp I - Class A Ordinary Shares,EQUITY,NASDAQ
ATLX,Atlas Lithium Corporation - Common Stock,EQUITY,NASDAQ
ATNI,"ATN International, Inc. - Common Stock",EQUITY,NASDAQ
ATOM,Atomera Incorporated - Common Stock,EQUITY,NASDAQ
ATOS,"Atossa Therapeutics, Inc. - Common Stock",EQUITY,NASDAQ
ATPC,Agape ATP Corporation - Common Stock,EQUITY,NASDAQ
ATRA,"Atara Biotherapeutics, Inc. - Common Stock",EQUITY,NASDAQ
ATRC,"AtriCure, Inc. - Common Stock",EQUITY,NASDAQ
ATRO,Astronics Corporation - Common Stock,EQUITY,NASDAQ
ATTO,"Attovia Therapeutics, Inc. - Common Stock",EQUITY,NASDAQ
ATTT,Atlas Trinity Tech Limited - Ordinary Shares,EQUITY,NASDAQ
ATXG,Addentax Group Corp. - Common Stock,EQUITY,NASDAQ
ATYR,"aTyr Pharma, Inc. - Common Stock",EQUITY,NASDAQ
AUBN,"Auburn National Bancorporation, Inc. - Common Stock",EQUITY,NASDAQ
AUC,ATIF Holdings Limited - Ordinary Shares,EQUITY,NASDAQ
AUDC,AudioCodes Ltd. - Ordinary Shares,EQUITY,NASDAQ
AUGO,Aura Minerals Inc. - Common Shares,EQUITY,NASDAQ
AUID,authID Inc. - Common Stock,EQUITY,NASDAQ
AUMI,Themes Gold Miners ETF,ETF,NASDAQ
AUPH,Aurinia Pharmaceuticals Inc - Common Shares,EQUITY,NASDAQ
AUR,"Aurora Innovation, Inc.  - Class A Common Stock",EQUITY,NASDAQ
AURA,"Aura Biosciences, Inc. - Common Stock",EQUITY,NASDAQ
AURE,Aurelion Inc.  - Class A Ordinary Shares,EQUITY,NASDAQ
AUTL,Autolus Therapeutics plc - American Depositary Shares,EQUITY,NASDAQ
AUUD,Auddia Inc. - Common Stock,EQUITY,NASDAQ
AVAH,Aveanna Healthcare Holdings Inc. - Common Stock,EQUITY,NASDAQ
AVAT,Avalanche Treasury Corporation - Class A Common Stock,EQUITY,NASDAQ
AVAV,"AeroVironment, Inc. - Common Stock",EQUITY,NASDAQ
AVBH,"Avidbank Holdings, Inc. - Common Stock",EQUITY,NASDAQ
AVBP,"ArriVent BioPharma, Inc. - Common Stock",EQUITY,NASDAQ
AVGB,Avantis Credit ETF,ETF,NASDAQ
AVGG,Leverage Shares 2X Long AVGO Daily ETF,ETF,NASDAQ
AVGO,Broadcom Inc. - Common Stock,EQUITY,NASDAQ
AVGU,GraniteShares 2x Long AVGO Daily ETF,ETF,NASDAQ
AVGX,Defiance Daily Target 2X Long AVGO ETF,ETF,NASDAQ
AVIR,"Atea Pharmaceuticals, Inc. - common stock",EQUITY,NASDAQ
AVL,Direxion Daily AVGO Bull 2X ETF,ETF,NASDAQ
AVLN,Avalyn Pharma Inc. - common stock,EQUITY,NASDAQ
AVNW,"Aviat Networks, Inc. - Common Stock",EQUITY,NASDAQ
AVO,"Mission Produce, Inc. - Common Stock",EQUITY,NASDAQ
AVOS,Avos Global Equities ETF,ETF,NASDAQ
AVPT,"AvePoint, Inc. - Class A Common Stock",EQUITY,NASDAQ
AVR,Anteris Technologies Global Corp. - Common Stock,EQUITY,NASDAQ
AVS,Direxion Daily AVGO Bear 1X ETF,ETF,NASDAQ
AVT,"Avnet, Inc. - Common Stock",EQUITY,NASDAQ
AVTX,"Avalo Therapeutics, Inc. - Common Stock",EQUITY,NASDAQ
AVUQ,Avantis U.S. Quality ETF,ETF,NASDAQ
AVX,Avax One Technology Ltd. - Common Shares,EQUITY,NASDAQ
AVXC,Avantis Emerging Markets ex-China Equity ETF,ETF,NASDAQ
AVXL,Anavex Life Sciences Corp. - Common Stock,EQUITY,NASDAQ
AVXX,Defiance Daily Target 2x Long AVAV ETF,ETF,NASDAQ
AWRE,"Aware, Inc. - Common Stock",EQUITY,NASDAQ
AXG,Solowin Holdings - Class A Ordinary Share,EQUITY,NASDAQ
AXGN,"Axogen, Inc. - Common Stock",EQUITY,NASDAQ
AXIN,Axiom Intelligence Acquisition Corp 1 - Class A Ordinary Shares,EQUITY,NASDAQ
AXON,"Axon Enterprise, Inc. - Common Stock",EQUITY,NASDAQ
AXSM,"Axsome Therapeutics, Inc. - Common Stock",EQUITY,NASDAQ
AXTI,AXT Inc - Common Stock,EQUITY,NASDAQ
AYA,Aya Gold & Silver Inc. - Common Shares,EQUITY,NASDAQ
AYTU,"Aytu BioPharma, Inc.  - Common Stock",EQUITY,NASDAQ
AZ,A2Z Cust2Mate Solutions Corp. - Common Shares,EQUITY,NASDAQ
AZI,Autozi Internet Technology (Global) Ltd. - Class A Ordinary Shares,EQUITY,NASDAQ
AZIO,"Azio AI Holdings, Inc. - Common stock",EQUITY,NASDAQ
AZTA,"Azenta, Inc. - Common Stock",EQUITY,NASDAQ
AZYY,GraniteShares YieldBoost AMZN ETF,ETF,NASDAQ
BABU,Direxion Daily BABA Bull 2X ETF,ETF,NASDAQ
BABX,GraniteShares 2x Long BABA Daily ETF,ETF,NASDAQ
BACC,Blue Acquisition Corp. - Class A Ordinary Shares,EQUITY,NASDAQ
BAER,"Bridger Aerospace Group Holdings, Inc. - Common Stock",EQUITY,NASDAQ
BAFE,Brown Advisory Flexible Equity ETF,ETF,NASDAQ
BAFN,BayFirst Financial Corp. - Common Stock,EQUITY,NASDAQ
BAIG,Leverage Shares 2X Long BBAI Daily ETF,ETF,NASDAQ
BAIV,Brown Advisory International Value Select ETF,ETF,NASDAQ
BALQ,iShares Nasdaq Premium Income Active ETF,ETF,NASDAQ
BAND,Bandwidth Inc. - Class A Common Stock,EQUITY,NASDAQ
BANF,BancFirst Corporation - Common Stock,EQUITY,NASDAQ
BANL,CBL International Limited - Class B Ordinary Shares,EQUITY,NASDAQ
BANR,Banner Corporation - Common Stock,EQUITY,NASDAQ
BANX,ArrowMark Financial Corp. - Closed End Fund,EQUITY,NASDAQ
BAOS,Baosheng Media Group Holdings Limited - Ordinary shares,EQUITY,NASDAQ
BASG,Brown Advisory Sustainable Growth ETF,ETF,NASDAQ
BASV,Brown Advisory Sustainable Value ETF,ETF,NASDAQ
BATRA,"Atlanta Braves Holdings, Inc. - Series A Common Stock",EQUITY,NASDAQ
BATRK,"Atlanta Braves Holdings, Inc. - Series C Common Stock",EQUITY,NASDAQ
BBB,CYBER HORNET S&P 500 and Bitcoin 75/25 Strategy ETF,ETF,NASDAQ
BBCP,"Concrete Pumping Holdings, Inc.  - Common Stock",EQUITY,NASDAQ
BBGI,"Beasley Broadcast Group, Inc. - Class A Common Stock",EQUITY,NASDAQ
BBH,VanEck Biotech ETF,ETF,NASDAQ
BBIO,"BridgeBio Pharma, Inc. - Common Stock",EQUITY,NASDAQ
BBLG,Bone Biologics Corp - Common Stock,EQUITY,NASDAQ
BBNX,"Beta Bionics, Inc. - Common Stock",EQUITY,NASDAQ
BBOT,"BridgeBio Oncology Therapeutics, Inc. - Common Stock",EQUITY,NASDAQ
BBSI,"Barrett Business Services, Inc. - Common Stock",EQUITY,NASDAQ
BBUL,GraniteShares 2x Long BB Daily ETF,ETF,NASDAQ
BBYY,GraniteShares YieldBOOST BABA ETF,ETF,NASDAQ
BCAL,California BanCorp - Common Stock,EQUITY,NASDAQ
BCAX,Bicara Therapeutics Inc. - Common Stock,EQUITY,NASDAQ
BCBP,"BCB Bancorp, Inc. (NJ) - Common Stock",EQUITY,NASDAQ
BCCQ,Bleichroeder Acquisition Corp. III - Class A Ordinary Shares,EQUITY,NASDAQ
BCDA,"BioCardia, Inc. - Common Stock",EQUITY,NASDAQ
BCFN,Baron Financials ETF,ETF,NASDAQ
BCG,"Binah Capital Group, Inc. - Common Stock",EQUITY,NASDAQ
BCIC,BCP Investment Corporation - Closed End Fund,EQUITY,NASDAQ
BCLO,iShares BBB-B CLO Active ETF,ETF,NASDAQ
BCML,BayCom Corp - Common Stock,EQUITY,NASDAQ
BCPC,Balchem Corporation - Common Stock,EQUITY,NASDAQ
BCRX,"BioCryst Pharmaceuticals, Inc. - Common Stock",EQUITY,NASDAQ
BCTK,Baron Technology ETF,ETF,NASDAQ
BCTX,BriaCell Therapeutics Corp. - Common Shares,EQUITY,NASDAQ
BCYC,Bicycle Therapeutics plc - American Depositary Shares,EQUITY,NASDAQ
BDCI,BTC Development Corp. - Class A Ordinary Shares,EQUITY,NASDAQ
BDGS,Bridges Capital Tactical ETF,ETF,NASDAQ
BDMD,Baird Medical Investment Holdings Ltd - Ordinary Share,EQUITY,NASDAQ
BDRX,Biodexa Pharmaceuticals plc - American Depositary Shares,EQUITY,NASDAQ
BDSX,"Biodesix, Inc. - Common Stock",EQUITY,NASDAQ
BDTX,"Black Diamond Therapeutics, Inc. - Common Stock",EQUITY,NASDAQ
BDVL,iShares Disciplined Volatility Equity Active ETF,ETF,NASDAQ
BDYN,iShares Dynamic Equity Active ETF,ETF,NASDAQ
BEAG,Bold Eagle Acquisition Corp. - Class A Ordinary Shares,EQUITY,NASDAQ
BEAM,Beam Therapeutics Inc. - Common Stock,EQUITY,NASDAQ
BEAT,"Heartbeam, Inc. - Common Stock",EQUITY,NASDAQ
BEDY,BNY Mellon Enhanced Dividend and Income ETF,ETF,NASDAQ
BEEM,Beam Global - Common Stock,EQUITY,NASDAQ
BEEP,Mobile Infrastructure Corporation - Common Stock,EQUITY,NASDAQ
BEEX,The Beehive ETF,ETF,NASDAQ
BEEZ,Honeytree U.S. Equity ETF,ETF,NASDAQ
BEG,Leverage Shares 2x Long BE Daily ETF,ETF,NASDAQ
BELFA,Bel Fuse Inc. - Class A Common Stock,EQUITY,NASDAQ
BELFB,Bel Fuse Inc. - Class B Common Stock,EQUITY,NASDAQ
BENF,Beneficient - Class A Common Stock,EQUITY,NASDAQ
BESO,GSR Crypto Core3 ETF,ETF,NASDAQ
BETR,Better Home & Finance Holding Company - Class A Common Stock,EQUITY,NASDAQ
BFC,Bank First Corporation - Common Stock,EQUITY,NASDAQ
BFLX,iShares Flexible Equity Active ETF,ETF,NASDAQ
BFRG,"Bullfrog AI Holdings, Inc. - Common Stock",EQUITY,NASDAQ
BFRI,Biofrontera Inc. - Common Stock,EQUITY,NASDAQ
BFST,"Business First Bancshares, Inc. - Common Stock",EQUITY,NASDAQ
BGC,"BGC Group, Inc. - Class A Common Stock",EQUITY,NASDAQ
BGCG,Baillie Gifford International Concentrated Growth ETF,ETF,NASDAQ
BGDE,"Big Digital Energy, Inc. - Common Stock",EQUITY,NASDAQ
BGEG,Baillie Gifford Emerging Markets ETF,ETF,NASDAQ
BGGG,Baillie Gifford Long Term Global Growth ETF,ETF,NASDAQ
BGIA,Baillie Gifford International Alpha ETF,ETF,NASDAQ
BGIN,Bgin Blockchain Limited - Class A Ordinary Shares,EQUITY,NASDAQ
BGL,Blue Gold Limited - Class A ordinary shares,EQUITY,NASDAQ
BGLC,BioNexus Gene Lab Corp - Common stock,EQUITY,NASDAQ
BGM,BGM Group Ltd. - Class A Ordinary Shares,EQUITY,NASDAQ
BGMS,"Bio Green Med Solution, Inc. - Common Stock",EQUITY,NASDAQ
BGRN,iShares USD Green Bond ETF,ETF,NASDAQ
BGRO,iShares Large Cap Growth Active ETF,ETF,NASDAQ
BGUS,Baillie Gifford U.S. Equity Growth ETF,ETF,NASDAQ
BHAV,BHAV Acquisition Corp - Class A Ordinary Shares,EQUITY,NASDAQ
BHDG,Nicholas Bitcoin Tail ETF,ETF,NASDAQ
BHF,"Brighthouse Financial, Inc. - Common Stock",EQUITY,NASDAQ
BHFAL,"Brighthouse Financial, Inc. - Junior Subordinated Debentures due 2058",EQUITY,NASDAQ
BHRB,Burke & Herbert Financial Services Corp. - Common Stock,EQUITY,NASDAQ
BHST,BioHarvest Sciences Inc. - Common Stock,EQUITY,NASDAQ
BIAF,"bioAffinity Technologies, Inc. - Common Stock",EQUITY,NASDAQ
BIB,ProShares Ultra Nasdaq Biotechnology,ETF,NASDAQ
BID,Tribeca Strategic Acquisition Corp. - Class A Ordinary Shares,EQUITY,NASDAQ
BIDG,Leverage Shares 2X Long BIDU Daily ETF,ETF,NASDAQ
BIDU,"Baidu, Inc. - American Depositary Shares, each representing 8 ordinary share",EQUITY,NASDAQ
BIIB,Biogen Inc. - Common Stock,EQUITY,NASDAQ
BILI,Bilibili Inc. - American Depositary Shares,EQUITY,NASDAQ
BIOA,"BioAge Labs, Inc. - Common Stock",EQUITY,NASDAQ
BIOT,Instinct Bio Technical Company Holdings Inc. - Common stock,EQUITY,NASDAQ
BIOX,Bioceres Crop Solutions Corp. - Ordinary Shares,EQUITY,NASDAQ
BIOY,GraniteShares YieldBOOST Biotech ETF,ETF,NASDAQ
BIRD,"Smartbird, Inc. - Class A Common Stock",EQUITY,NASDAQ
BIS,ProShares UltraShort Nasdaq Biotechnology,ETF,NASDAQ
BITA,iShares Bitcoin Premium Income ETF,ETF,NASDAQ
BITS,Global X Blockchain & Bitcoin Strategy ETF,ETF,NASDAQ
BIVI,BioVie Inc. - Common stock,EQUITY,NASDAQ
BIXI,Bitcoin Infrastructure Acquisition Corp Ltd. - Class A Ordinary Shares,EQUITY,NASDAQ
BIYA,Baiya International Group Inc.  - Ordinary Shares,EQUITY,NASDAQ
BJDX,"Bluejay Diagnostics, Inc. - Common Stock",EQUITY,NASDAQ
BJRI,"BJ's Restaurants, Inc. - Common Stock",EQUITY,NASDAQ
BKCH,Global X Blockchain ETF,ETF,NASDAQ
BKHA,Black Hawk Acquisition Corporation - Class A Ordinary Shares,EQUITY,NASDAQ
BKMI,BNY Mellon Municipal Intermediate ETF,ETF,NASDAQ
BKMS,BNY Mellon Municipal Short Duration ETF,ETF,NASDAQ
BKNG,Booking Holdings Inc. - Common Stock,EQUITY,NASDAQ
BKR,Baker Hughes Company - Common Stock,EQUITY,NASDAQ
BKYI,"BIO-key International, Inc. - Common Stock",EQUITY,NASDAQ
BL,"BlackLine, Inc. - Common Stock",EQUITY,NASDAQ
BLBD,Blue Bird Corporation - Common Stock,EQUITY,NASDAQ
BLCR,iShares Large Cap Core Active ETF,ETF,NASDAQ
BLDP,"Ballard Power Systems, Inc. - Common Shares",EQUITY,NASDAQ
BLFS,"BioLife Solutions, Inc. - Common Stock",EQUITY,NASDAQ
BLIN,"Bridgeline Digital, Inc. - Common Stock",EQUITY,NASDAQ
BLIV,BeLive Holdings - ordinary shares,EQUITY,NASDAQ
BLKB,"Blackbaud, Inc. - Common Stock",EQUITY,NASDAQ
BLLN,"BillionToOne, Inc. - Class A common stock",EQUITY,NASDAQ
BLMN,"Bloomin' Brands, Inc. - Common Stock",EQUITY,NASDAQ
BLNE,"Beeline Holdings, Inc. - Common Stock",EQUITY,NASDAQ
BLNK,Blink Charging Co. - Common Stock,EQUITY,NASDAQ
BLRK,Bluerock Acquisition Corp. - Class A Ordinary Shares,EQUITY,NASDAQ
BLRX,BioLineRx Ltd. - American Depositary Shares,EQUITY,NASDAQ
BLSG,Leverage Shares 2X Long BLSH Daily ETF,ETF,NASDAQ
BLSM,"BlossomHill Therapeutics, Inc. - Common Stock",EQUITY,NASDAQ
BLTE,"Belite Bio, Inc - American Depositary Shares",EQUITY,NASDAQ
BLUW,Blue Water Acquisition Corp. III - Class A Ordinary Shares,EQUITY,NASDAQ
BLZE,"Backblaze, Inc. - Common Stock",EQUITY,NASDAQ
BLZR,Trailblazer Acquisition Corp. - Class A Ordinary Shares,EQUITY,NASDAQ
BMBL,Bumble Inc. - common stock,EQUITY,NASDAQ
BMEA,"Biomea Fusion, Inc. - Common Stock",EQUITY,NASDAQ
BMGL,Basel Medical Group Ltd - ordinary shares,EQUITY,NASDAQ
BMHL,Bluemount Holdings Limited - Class B Ordinary Shares,EQUITY,NASDAQ
BMM,Blue Moon Metals Inc. - Common Shares,EQUITY,NASDAQ
BMNG,Leverage Shares 2X Long BMNR Daily ETF,ETF,NASDAQ
BMOP,BNY Mellon Municipal Opportunities ETF,ETF,NASDAQ
BMR,Beamr Imaging Ltd. - Ordinary Share,EQUITY,NASDAQ
BMRA,"Biomerica, Inc. - Common Stock",EQUITY,NASDAQ
BMRC,Bank of Marin Bancorp - Common Stock,EQUITY,NASDAQ
BMRN,BioMarin Pharmaceutical Inc. - Common Stock,EQUITY,NASDAQ
BNAI,Brand Engagement Network Inc. - Common Stock,EQUITY,NASDAQ
BNC,CEA Industries Inc. - Common Stock,EQUITY,NASDAQ
BND,Vanguard Total Bond Market ETF,ETF,NASDAQ
BNDP,Vanguard Core-Plus Bond Index ETF,ETF,NASDAQ
BNDW,Vanguard Total World Bond ETF,ETF,NASDAQ
BNDX,Vanguard Total International Bond ETF,ETF,NASDAQ
BNGO,"Bionano Genomics, Inc. - Common Stock",EQUITY,NASDAQ
BNKK,"Bonk, Inc. - Common Stock",EQUITY,NASDAQ
BNR,Burning Rock Biotech Limited - American Depositary Shares,EQUITY,NASDAQ
BNTC,Benitec Biopharma Inc. - Common Stock,EQUITY,NASDAQ
BNTX,BioNTech SE - American Depositary Shares,EQUITY,NASDAQ
BODI,"The Beachbody Company, Inc. - Class A Common Stock",EQUITY,NASDAQ
BOEG,Leverage Shares 2X Long BA Daily ETF,ETF,NASDAQ
BOEU,Direxion Daily BA Bull 2X ETF,ETF,NASDAQ
BOF,BranchOut Food Inc. - Common Stock,EQUITY,NASDAQ
BOKF,BOK Financial Corporation - Common Stock,EQUITY,NASDAQ
BOLD,"Boundless Bio, Inc. - Common Stock",EQUITY,NASDAQ
BOLT,"Bolt Biotherapeutics, Inc. - Common Stock",EQUITY,NASDAQ
BON,Bon Natural Life Limited - Class A Ordinary Shares,EQUITY,NASDAQ
BOOM,DMC Global Inc. - Common Stock,EQUITY,NASDAQ
BOSC,B.O.S. Better Online Solutions - Ordinary Shares,EQUITY,NASDAQ
BOT,"RoboStrategy, Inc. - Common Stock",EQUITY,NASDAQ
BOTJ,"Bank of the James Financial Group, Inc. - Common Stock",EQUITY,NASDAQ
BOTT,Themes Humanoid Robotics ETF,ETF,NASDAQ
BOTZ,Global X Robotics & Artificial Intelligence ETF,ETF,NASDAQ
BOXL,Boxlight Corporation - Class A Common Stock,EQUITY,NASDAQ
BPAC,Blueport Acquisition Ltd - Class A Ordinary Shares,EQUITY,NASDAQ
BPOP,"Popular, Inc. - Common Stock",EQUITY,NASDAQ
BPRN,"Princeton Bancorp, Inc. - Common Stock",EQUITY,NASDAQ
BRAG,Bragg Gaming Group Inc. - Common Shares,EQUITY,NASDAQ
BRAI,Braiin Limited - Common Stock,EQUITY,NASDAQ
BRBI,BRBI BR Partners S.A. - ADSs,EQUITY,NASDAQ
BRCB,"Black Rock Coffee Bar, Inc. - Class A Common Stock",EQUITY,NASDAQ
BREM,iShares Emerging Markets Bond Active ETF,ETF,NASDAQ
BRES,Burney U.S. Equity Select ETF,ETF,NASDAQ
BREZ,Breeze Acquisition Corp. II - Ordinary Shares,EQUITY,NASDAQ
BRFH,Barfresh Food Group Inc. - Common Stock,EQUITY,NASDAQ
BRHY,iShares High Yield Active ETF,ETF,NASDAQ
BRID,Bridgford Foods Corporation - Common Stock,EQUITY,NASDAQ
BRKH,Burtech Acquisition Corp II - Class A Ordinary Shares,EQUITY,NASDAQ
BRKR,Bruker Corporation - Common Stock,EQUITY,NASDAQ
BRKU,Direxion Daily BRKB Bull 2X ETF,ETF,NASDAQ
BRLS,Borealis Foods Inc. - Class A Common Shares,EQUITY,NASDAQ
BRLT,"Brilliant Earth Group, Inc. - Class A Common Stock",EQUITY,NASDAQ
BRNX,BrenX Ltd. - Ordinary Shares,EQUITY,NASDAQ
BRNY,Burney U.S. Factor Rotation ETF,ETF,NASDAQ
BRRR,Coinshares Bitcoin ETF,ETF,NASDAQ
BRTM,B&R Technology Merger Corp. - Class A Ordinary Shares,EQUITY,NASDAQ
BRTR,iShares Total Return Active ETF,ETF,NASDAQ
BRTX,"BioRestorative Therapies, Inc. - Common Stock",EQUITY,NASDAQ
BRUN,Boost Run Inc. - Class A Common Stock,EQUITY,NASDAQ
BRVE,"Braveheart Bio, Inc. - Common Stock",EQUITY,NASDAQ
BRZE,"Braze, Inc. - Class A Common Stock",EQUITY,NASDAQ
BSAA,BEST SPAC I Acquisition Corp. - Class A Ordinary Shares,EQUITY,NASDAQ
BSBK,Bogota Financial Corp. - Common Stock,EQUITY,NASDAQ
BSCA,Invesco BulletShares 2036 Corporate Bond ETF,ETF,NASDAQ
BSCQ,Invesco BulletShares 2026 Corporate Bond ETF,ETF,NASDAQ
BSCR,Invesco BulletShares 2027 Corporate Bond ETF,ETF,NASDAQ
BSCS,Invesco BulletShares 2028 Corporate Bond ETF,ETF,NASDAQ
BSCT,Invesco BulletShares 2029 Corporate Bond ETF,ETF,NASDAQ
BSCU,Invesco BulletShares 2030 Corporate Bond ETF,ETF,NASDAQ
BSCV,Invesco BulletShares 2031 Corporate Bond ETF,ETF,NASDAQ
BSCW,Invesco BulletShares 2032 Corporate Bond ETF,ETF,NASDAQ
BSCX,Invesco BulletShares 2033 Corporate Bond ETF,ETF,NASDAQ
BSCY,Invesco BulletShares 2034 Corporate Bond ETF,ETF,NASDAQ
BSCZ,Invesco BulletShares 2035 Corporate Bond ETF,ETF,NASDAQ
BSEM,"BioStem Technologies, Inc. - Common Stock",EQUITY,NASDAQ
BSET,"Bassett Furniture Industries, Incorporated - Common Stock",EQUITY,NASDAQ
BSGR,Invesco BulletShares 2027 Treasury Bond ETF,ETF,NASDAQ
BSGT,Invesco BulletShares 2029 Treasury Bond ETF,ETF,NASDAQ
BSIN,Big Sky Industrial Inc. - Common Stock,EQUITY,NASDAQ
BSJQ,Invesco BulletShares 2026 High Yield Corporate Bond ETF,ETF,NASDAQ
BSJR,Invesco BulletShares 2027 High Yield Corporate Bond ETF,ETF,NASDAQ
BSJS,Invesco BulletShares 2028 High Yield Corporate Bond ETF,ETF,NASDAQ
BSJT,Invesco BulletShares 2029 High Yield Corporate Bond ETF,ETF,NASDAQ
BSJU,Invesco BulletShares 2030 High Yield Corporate Bond ETF,ETF,NASDAQ
BSJV,Invesco BulletShares 2031 High Yield Corporate Bond ETF,ETF,NASDAQ
BSJW,Invesco BulletShares 2032 High Yield Corporate Bond ETF,ETF,NASDAQ
BSJX,Invesco BulletShares 2033 High Yield Corporate Bond ETF,ETF,NASDAQ
BSJY,Invesco BulletShares 2034 High Yield Corporate Bond ETF,ETF,NASDAQ
BSMA,Invesco BulletShares 2036 Municipal Bond ETF,ETF,NASDAQ
BSMQ,Invesco BulletShares 2026 Municipal Bond ETF,ETF,NASDAQ
BSMR,Invesco BulletShares 2027 Municipal Bond ETF,ETF,NASDAQ
BSMS,Invesco BulletShares 2028 Municipal Bond ETF,ETF,NASDAQ
BSMT,Invesco BulletShares 2029 Municipal Bond ETF,ETF,NASDAQ
BSMU,Invesco BulletShares 2030 Municipal Bond ETF,ETF,NASDAQ
BSMV,Invesco BulletShares 2031 Municipal Bond ETF,ETF,NASDAQ
BSMW,Invesco BulletShares 2032 Municipal Bond ETF,ETF,NASDAQ
BSMY,Invesco BulletShares 2034 Municipal Bond ETF,ETF,NASDAQ
BSMZ,Invesco BulletShares 2035 Municipal Bond ETF,ETF,NASDAQ
BSP,Bending Spoons S.p.A. - Ordinary Shares,EQUITY,NASDAQ
BSRR,Sierra Bancorp - Common Stock,EQUITY,NASDAQ
BSSX,Invesco BulletShares 2033 Municipal Bond ETF,ETF,NASDAQ
BSTS,Invesco BulletShares 2028 Treasury Bond ETF,ETF,NASDAQ
BSTU,Invesco BulletShares 2030 Treasury Bond ETF,ETF,NASDAQ
BSTV,Invesco BulletShares 2031 Treasury Bond ETF,ETF,NASDAQ
BSVN,Bank7 Corp. - Common stock,EQUITY,NASDAQ
BSVO,EA Bridgeway Omni Small-Cap Value ETF,ETF,NASDAQ
BSY,"Bentley Systems, Incorporated - Class B Common Stock",EQUITY,NASDAQ
BTBD,"BT Brands, Inc. - Common Stock",EQUITY,NASDAQ
BTBT,"Bit Digital, Inc. - Ordinary Share",EQUITY,NASDAQ
BTCS,BTCS Inc. - Common Stock,EQUITY,NASDAQ
BTCT,BTC Digital Ltd. - Ordinary Shares,EQUITY,NASDAQ
BTDL,GraniteShares 2x Long BTDR Daily ETF,ETF,NASDAQ
BTDR,Bitdeer Technologies Group - Ordinary Shares,EQUITY,NASDAQ
BTF,CoinShares Bitcoin and Ether ETF,ETF,NASDAQ
BTGD,STKd 100% Bitcoin & 100% Gold ETF,ETF,NASDAQ
BTLN,"Brightline Interactive, Inc. - Common Stock",EQUITY,NASDAQ
BTMD,Biote Corp. - Class A common stock,EQUITY,NASDAQ
BTOC,Armlogi Holding Corp. - common stock,EQUITY,NASDAQ
BTQ,BTQ Technologies Corp. - Common Stock,EQUITY,NASDAQ
BTSG,"BrightSpring Health Services, Inc. - Common Stock",EQUITY,NASDAQ
BTTC,Black Titan Corp - Ordinary Shares,EQUITY,NASDAQ
BUFC,AB Conservative Buffer ETF,ETF,NASDAQ
BUFI,AB International Buffer ETF,ETF,NASDAQ
BUFM,AB Moderate Buffer ETF,ETF,NASDAQ
BUG,Global X Cybersecurity ETF,ETF,NASDAQ
BULD,Pacer BlueStar Engineering the Future ETF,ETF,NASDAQ
BULG,Leverage Shares 2X Long BULL Daily ETF,ETF,NASDAQ
BULL,Webull Corporation - Class A Ordinary Shares,EQUITY,NASDAQ
BUSE,First Busey Corporation - Common Stock,EQUITY,NASDAQ
BUUU,BUUU Group Limited - Class A Ordinary Share,EQUITY,NASDAQ
BVC,BitVentures Limited - Ordinary Share,EQUITY,NASDAQ
BVFL,"BV Financial, Inc. - Common Stock",EQUITY,NASDAQ
BVS,Bioventus Inc. - Class A Common Stock,EQUITY,NASDAQ
BWAY,BrainsWay Ltd. - American Depositary Shares,EQUITY,NASDAQ
BWB,"Bridgewater Bancshares, Inc. - Common Stock",EQUITY,NASDAQ
BWEN,"Broadwind, Inc. - Common Stock",EQUITY,NASDAQ
BWFG,"Bankwell Financial Group, Inc. - Common Stock",EQUITY,NASDAQ
BWIN,"The Baldwin Insurance Group, Inc. - Class A Common Stock",EQUITY,NASDAQ
BWMN,Bowman Consulting Group Ltd. - Common Stock,EQUITY,NASDAQ
BXBL,"BOXABL, Inc.  - Common stock",EQUITY,NASDAQ
BYAH,"Park Ha Biological Technology Co., Ltd. - Class A Ordinary Shares",EQUITY,NASDAQ
BYFC,Broadway Financial Corporation - Class A Common Stock,EQUITY,NASDAQ
BYND,"Beyond Meat, Inc. - Common stock",EQUITY,NASDAQ
BYRN,"Byrna Technologies, Inc. - Common Stock",EQUITY,NASDAQ
BYSI,"BeyondSpring, Inc. - Ordinary Shares",EQUITY,NASDAQ
BZ,KANZHUN LIMITED - American Depository Shares,EQUITY,NASDAQ
BZAI,"Blaize Holdings, Inc. - Common Stock",EQUITY,NASDAQ
BZFD,"BuzzFeed, Inc. - Class A Common Stock",EQUITY,NASDAQ
BZUN,Baozun Inc. - American Depositary Shares,EQUITY,NASDAQ
CAAS,"China Automotive Systems, Inc. - Ordinary Share",EQUITY,NASDAQ
CABA,"Cabaletta Bio, Inc. - Common Stock",EQUITY,NASDAQ
CABR,"Caring Brands, Inc. - Common Stock",EQUITY,NASDAQ
CAC,Camden National Corporation - Common Stock,EQUITY,NASDAQ
CACC,Credit Acceptance Corporation - Common Stock,EQUITY,NASDAQ
CADL,"Candel Therapeutics, Inc. - Common Stock",EQUITY,NASDAQ
CAE,CAE Inc - Common Shares,EQUITY,NASDAQ
CAES,"Cantor Equity Partners VII, Inc. - Class A Ordinary Shares",EQUITY,NASDAQ
CAFG,Pacer US Small Cap Cash Cows Growth Leaders ETF,ETF,NASDAQ
CAI,"Caris Life Sciences, Inc. - Common Stock",EQUITY,NASDAQ
CAII,Collective Acquisition Corp. II - Class A Ordinary Shares,EQUITY,NASDAQ
CAIQ,Calamos Nasdaq Autocallable Income ETF,ETF,NASDAQ
CAKE,The Cheesecake Factory Incorporated - Common Stock,EQUITY,NASDAQ
CALC,"CalciMedica, Inc. - Common Stock",EQUITY,NASDAQ
CALI,iShares Short-Term California Muni Active ETF,ETF,NASDAQ
CALM,"Cal-Maine Foods, Inc. - Common Stock",EQUITY,NASDAQ
CAMP,CAMP4 Therapeutics Corporation - Common Stock,EQUITY,NASDAQ
CAMT,Camtek Ltd. - Ordinary Shares,EQUITY,NASDAQ
CAN,Canaan Inc. - American Depositary Shares,EQUITY,NASDAQ
CANC,Tema Oncology ETF,ETF,NASDAQ
CANQ,Calamos Nasdaq Equity & Income ETF,ETF,NASDAQ
CAPN,Cayson Acquisition Corp - Ordinary Shares,EQUITY,NASDAQ
CAPR,"Capricor Therapeutics, Inc. - Common Stock",EQUITY,NASDAQ
CAPS,Capstone Holding Corp. - Common Stock,EQUITY,NASDAQ
CAQ,Cambridge Acquisition Corp. - Class A Ordinary Shares,EQUITY,NASDAQ
CAR,"Avis Budget Group, Inc. - Common Stock",EQUITY,NASDAQ
CARE,"Carter Bankshares, Inc. - Common Stock",EQUITY,NASDAQ
CARG,"CarGurus, Inc. - Class A Common Stock",EQUITY,NASDAQ
CARL,"Carlsmed, Inc. - Common Stock",EQUITY,NASDAQ
CART,Maplebear Inc. - Common Stock,EQUITY,NASDAQ
CARY,Angel Oak Income ETF,ETF,NASDAQ
CARZ,First Trust S-Network Future Vehicles & Technology ETF,ETF,NASDAQ
CASH,"Pathward Financial, Inc. - Common Stock",EQUITY,NASDAQ
CASS,"Cass Information Systems, Inc - Common Stock",EQUITY,NASDAQ
CAST,"FreeCast, Inc. - Class A common stock",EQUITY,NASDAQ
CASY,"Caseys General Stores, Inc. - Common Stock",EQUITY,NASDAQ
CATH,Global X S&P 500 Catholic Values ETF,ETF,NASDAQ
CATL,Catalyst Acquisition Corp. - Class A Ordinary Share,EQUITY,NASDAQ
CATY,Cathay General Bancorp - Common Stock,EQUITY,NASDAQ
CBAT,CBAK Energy Technology Limited - Ordinary Shares,EQUITY,NASDAQ
CBC,"Central Bancompany, Inc. - Class A Common Stock",EQUITY,NASDAQ
CBFV,"CB Financial Services, Inc. - Common Stock",EQUITY,NASDAQ
CBIO,"Crescent Biopharma, Inc. - Common Stock",EQUITY,NASDAQ
CBK,"Commercial Bancgroup, Inc. - Common Stock",EQUITY,NASDAQ
CBLL,"CeriBell, Inc. - Common Stock",EQUITY,NASDAQ
CBNK,"Capital Bancorp, Inc. - Common Stock",EQUITY,NASDAQ
CBRL,"Cracker Barrel Old Country Store, Inc. - Common Stock",EQUITY,NASDAQ
CBRS,Cerebras Systems Inc. - Class A Common Stock,EQUITY,NASDAQ
CBSH,"Commerce Bancshares, Inc. - Common Stock",EQUITY,NASDAQ
CBUS,"Cibus, Inc. - Class A Common Stock",EQUITY,NASDAQ
CCAP,"Crescent Capital BDC, Inc. - Common Stock",EQUITY,NASDAQ
CCAQ,Collective Acquisition Corp. - Class A ordinary shares,EQUITY,NASDAQ
CCB,Coastal Financial Corporation - Common Stock,EQUITY,NASDAQ
CCBG,Capital City Bank Group - Common Stock,EQUITY,NASDAQ
CCC,CCC Intelligent Solutions Holdings Inc. - Common Stock,EQUITY,NASDAQ
CCCC,"C4 Therapeutics, Inc. - Common Stock",EQUITY,NASDAQ
CCCT,Columbus Circle Capital Corp III - Class A Ordinary Shares,EQUITY,NASDAQ
CCD,Calamos Dynamic Convertible & Income Fund - Closed End Fund,EQUITY,NASDAQ
CCEC,Capital Clean Energy Carriers Corp. - Common Share,EQUITY,NASDAQ
CCEP,Coca-Cola Europacific Partners plc - Ordinary Shares,EQUITY,NASDAQ
CCFE,Concourse Capital Focused Equity ETF,ETF,NASDAQ
CCG,Cheche Group Inc. - Class A Ordinary Shares,EQUITY,NASDAQ
CCHH,CCH Holdings Ltd - Class A Ordinary Shares,EQUITY,NASDAQ
CCII,Cohen Circle Acquisition Corp. II - Class A Ordinary Shares,EQUITY,NASDAQ
CCLD,"CareCloud, Inc. - Common Stock",EQUITY,NASDAQ
CCML,Roundhill MLCC & Electronic Components ETF,ETF,NASDAQ
CCNE,CNB Financial Corporation - Common Stock,EQUITY,NASDAQ
CCNR,ALPS/CoreCommodity Natural Resources ETF,ETF,NASDAQ
CCOI,"Cogent Communications Holdings, Inc. - Common Stock",EQUITY,NASDAQ
CCSB,Carbon Collective Short Duration Green Bond ETF,ETF,NASDAQ
CCSI,"Consensus Cloud Solutions, Inc. - Common Stock",EQUITY,NASDAQ
CCSO,Carbon Collective Climate Solutions U.S. Equity ETF,ETF,NASDAQ
CCTG,CCSC Technology International Holdings Limited - Class A Ordinary Shares,EQUITY,NASDAQ
CCXI,Churchill Capital Corp XI - Class A Ordinary Shares,EQUITY,NASDAQ
CD,Chaince Digital Holdings Inc. - American Ordinary Shares,EQUITY,NASDAQ
CDC,VictoryShares US EQ Income Enhanced Volatility Wtd ETF,ETF,NASDAQ
CDIG,City Different Investments Global Equity ETF,ETF,NASDAQ
CDIO,Cardio Diagnostics Holdings Inc. - Common stock,EQUITY,NASDAQ
CDL,VictoryShares US Large Cap High Div Volatility Wtd ETF,ETF,NASDAQ
CDLX,"Cardlytics, Inc. - Common Stock",EQUITY,NASDAQ
CDNA,"CareDx, Inc. - Common Stock",EQUITY,NASDAQ
CDNL,Cardinal Infrastructure Group Inc. - Class A Common Stock,EQUITY,NASDAQ
CDNS,"Cadence Design Systems, Inc. - Common Stock",EQUITY,NASDAQ
CDRO,"Codere Online Luxembourg, S.A. - Ordinary Shares",EQUITY,NASDAQ
CDT,CDT Equity Inc. - Common Stock,EQUITY,NASDAQ
CDTG,CDT Environmental Technology Investment Holdings Limited - ordinary shares,EQUITY,NASDAQ
CDW,CDW Corporation - Common Stock,EQUITY,NASDAQ
CDXS,"Codexis, Inc. - Common Stock",EQUITY,NASDAQ
CDZI,"Cadiz, Inc. - Common Stock",EQUITY,NASDAQ
CDZIP,"Cadiz, Inc. - Depositary Shares",EQUITY,NASDAQ
CECO,CECO Environmental Corp. - Common Stock,EQUITY,NASDAQ
CEFA,Global X S&P Catholic Values Developed ex-U.S. ETF,ETF,NASDAQ
CEG,Constellation Energy Corporation - Common Stock When-Issued,EQUITY,NASDAQ
CELC,Celcuity Inc. - Common Stock,EQUITY,NASDAQ
CELH,"Celsius Holdings, Inc. - Common Stock",EQUITY,NASDAQ
CELU,Celularity Inc. - Class A Common Stock,EQUITY,NASDAQ
CELZ,"Creative Medical Technology Holdings, Inc. - Common Stock",EQUITY,NASDAQ
CENN,Cenntro Inc. - Common Stock,EQUITY,NASDAQ
CENT,Central Garden & Pet Company - Common Stock,EQUITY,NASDAQ
CENTA,Central Garden & Pet Company - Class A Common Stock Nonvoting,EQUITY,NASDAQ
CENX,Century Aluminum Company - Common Stock,EQUITY,NASDAQ
CEPF,"Cantor Equity Partners IV, Inc. - Class A Ordinary Shares",EQUITY,NASDAQ
CEPI,REX Crypto Equity Premium Income ETF,ETF,NASDAQ
CEPL,"Capstone Energy Plus, Inc. - Common Stock",EQUITY,NASDAQ
CEPO,"Cantor Equity Partners I, Inc. - Class A Ordinary Shares",EQUITY,NASDAQ
CEPS,"Cantor Equity Partners VI, Inc. - Class A Ordinary Shares",EQUITY,NASDAQ
CEPV,"Cantor Equity Partners V, Inc. - Class A Ordinary Shares",EQUITY,NASDAQ
CERS,Cerus Corporation - Common Stock,EQUITY,NASDAQ
CERT,"Certara, Inc. - Common Stock",EQUITY,NASDAQ
CETX,Cemtrex Inc. - Common Stock,EQUITY,NASDAQ
CETY,"Clean Energy Technologies, Inc. - Common Stock",EQUITY,NASDAQ
CEVA,"CEVA, Inc. - Common Stock",EQUITY,NASDAQ
CFA,VictoryShares US 500 Volatility Wtd ETF,ETF,NASDAQ
CFBK,CF Bankshares Inc. - Common Stock,EQUITY,NASDAQ
CFFI,C&F Financial Corporation - Common Stock,EQUITY,NASDAQ
CFFN,"Capitol Federal Financial, Inc. - Common Stock",EQUITY,NASDAQ
CFO,VictoryShares US 500 Enhanced Volatility Wtd ETF,ETF,NASDAQ
CG,The Carlyle Group Inc. - Common Stock,EQUITY,NASDAQ
CGBD,"Carlyle Secured Lending, Inc. - Closed End Fund",EQUITY,NASDAQ
CGC,Canopy Growth Corporation - Common Shares,EQUITY,NASDAQ
CGCF,Cartesian Growth Corporation IV - Class A Ordinary Shares,EQUITY,NASDAQ
CGEM,"Cullinan Therapeutics, Inc. - Common Stock",EQUITY,NASDAQ
CGEN,Compugen Ltd. - Ordinary Shares,EQUITY,NASDAQ
CGNT,Cognyte Software Ltd. - Ordinary Shares,EQUITY,NASDAQ
CGNX,Cognex Corporation - Common Stock,EQUITY,NASDAQ
CGO,Calamos Global Total Return Fund - Closed End Fund,EQUITY,NASDAQ
CGON,"CG Oncology, Inc. - Common stock",EQUITY,NASDAQ
CGPT,VegaShares AI Inference ETF,ETF,NASDAQ
CGTL,Creative Global Technology Holdings Limited - Class A Ordinary Shares,EQUITY,NASDAQ
CGTX,"Cognition Therapeutics, Inc. - Common Stock",EQUITY,NASDAQ
CHA,"Chagee Holdings Limited - American Depositary Shares, each representing 1 Class A ordinary share",EQUITY,NASDAQ
CHAI,"Core AI Holdings, Inc. - Common Shares",EQUITY,NASDAQ
CHAR,Charlton Aria Acquisition Corporation - Class A Ordinary Shares,EQUITY,NASDAQ
CHCI,"Comstock Holding Companies, Inc. - Class A Common Stock",EQUITY,NASDAQ
CHCO,City Holding Company - Common Stock,EQUITY,NASDAQ
CHDN,"Churchill Downs, Incorporated - Common Stock",EQUITY,NASDAQ
CHEC,Chenghe Acquisition III Co. - Class A Ordinary Shares,EQUITY,NASDAQ
CHEF,"The Chefs' Warehouse, Inc. - Common Stock",EQUITY,NASDAQ
CHGA,Change Agents Corporation  - Common Stock,EQUITY,NASDAQ
CHGX,Stance Sustainable Beta ETF,ETF,NASDAQ
CHI,Calamos Convertible Opportunities and Income Fund - Closed End Fund,EQUITY,NASDAQ
CHIP,REX AI Chipmaking ETF,ETF,NASDAQ
CHKP,Check Point Software Technologies Ltd. - Ordinary Shares,EQUITY,NASDAQ
CHMG,Chemung Financial Corp  - Common Stock,EQUITY,NASDAQ
CHNR,"China Natural Resources, Inc. - Common Shares",EQUITY,NASDAQ
CHPG,ChampionsGate Acquisition Corporation - Class A Ordinary Share,EQUITY,NASDAQ
CHPS,Xtrackers Semiconductor Select Equity ETF,ETF,NASDAQ
CHPX,Global X AI Semiconductor & Quantum ETF,ETF,NASDAQ
CHR,"Cheer Holding, Inc.  - Class A Ordinary Share",EQUITY,NASDAQ
CHRD,Chord Energy Corporation - Common Stock,EQUITY,NASDAQ
CHRI,Global X S&P 500 Christian Values ETF,ETF,NASDAQ
CHRN,ChronoScale Holdings Corporation - Common Stock,EQUITY,NASDAQ
CHRS,"Coherus Oncology, Inc. - Common Stock",EQUITY,NASDAQ
CHRW,"C.H. Robinson Worldwide, Inc. - Common Stock",EQUITY,NASDAQ
CHSN,Chanson International Holding - Class A Ordinary Shares,EQUITY,NASDAQ
CHTR,"Charter Communications, Inc. - Class A Common Stock",EQUITY,NASDAQ
CHW,Calamos Global Dynamic Income Fund - Closed End Fund,EQUITY,NASDAQ
CHY,Calamos Convertible and High Income Fund - Closed End Fund,EQUITY,NASDAQ
CHYM,"Chime Financial, Inc. - Class A Common Stock",EQUITY,NASDAQ
CIBR,First Trust NASDAQ Cybersecurity ETF,ETF,NASDAQ
CIFG,Leverage Shares 2X Long CIFR Daily ETF,ETF,NASDAQ
CIFR,Cipher Digital Inc. - Common Stock,EQUITY,NASDAQ
CIGI,Colliers International Group Inc.  - Subordinate Voting Shares,EQUITY,NASDAQ
CIGL,Concorde International Group Ltd - Class A Ordinary Shares,EQUITY,NASDAQ
CIIT,"Tianci International, Inc. - Common Stock",EQUITY,NASDAQ
CINF,Cincinnati Financial Corporation - Common Stock,EQUITY,NASDAQ
CING,Cingulate Inc. - Common Stock,EQUITY,NASDAQ
CIRC,"Circle8 Group, Inc. - Common Stock",EQUITY,NASDAQ
CISO,"CISO Global, Inc. - Common Stock",EQUITY,NASDAQ
CISS,C3is Inc. - Common Stock,EQUITY,NASDAQ
CIVB,"Civista Bancshares, Inc.  - Common Stock",EQUITY,NASDAQ
CJMB,Callan JMB Inc. - Common Stock,EQUITY,NASDAQ
CLAR,Clarus Corporation - Common Stock,EQUITY,NASDAQ
CLBK,"Columbia Financial, Inc. - Common Stock",EQUITY,NASDAQ
CLBT,Cellebrite DI Ltd. - Ordinary Shares,EQUITY,NASDAQ
CLDX,"Celldex Therapeutics, Inc. - Common Stock",EQUITY,NASDAQ
CLFD,"Clearfield, Inc. - Common Stock",EQUITY,NASDAQ
CLGN,CollPlant Biotechnologies Ltd. - Ordinary Shares,EQUITY,NASDAQ
CLIK,Click Holdings Limited - Ordinary Share,EQUITY,NASDAQ
CLIR,ClearSign Technologies Corporation - Common Stock,EQUITY,NASDAQ
CLLS,Cellectis S.A. - American Depositary Shares,EQUITY,NASDAQ
CLMB,"Climb Global Solutions, Inc. - Common Stock",EQUITY,NASDAQ
CLMT,"Calumet, Inc - Common Stock",EQUITY,NASDAQ
CLNE,Clean Energy Fuels Corp. - Common Stock,EQUITY,NASDAQ
CLNN,Clene Inc. - Common Stock,EQUITY,NASDAQ
CLOA,iShares AAA CLO Active ETF,ETF,NASDAQ
CLOD,Themes Cloud Computing ETF,ETF,NASDAQ
CLOU,Global X Cloud Computing ETF,ETF,NASDAQ
CLOV,"Clover Health Investments, Corp.  - Class A Common stock",EQUITY,NASDAQ
CLPS,CLPS Incorporation - Common Stock,EQUITY,NASDAQ
CLPT,ClearPoint Neuro Inc. - Common Stock,EQUITY,NASDAQ
CLRB,"Cellectar Biosciences, Inc. - Common Stock",EQUITY,NASDAQ
CLRO,"ClearOne, Inc. - Common Stock",EQUITY,NASDAQ
CLSK,"CleanSpark, Inc. - Common Stock",EQUITY,NASDAQ
CLSM,ETC Cabana Target Leading Sector Moderate ETF,ETF,NASDAQ
CLST,"Catalyst Bancorp, Inc. - common stock",EQUITY,NASDAQ
CLWT,Euro Tech Holdings Company Limited - Ordinary Shares,EQUITY,NASDAQ
CLYM,"Climb Bio, Inc. - Common Stock",EQUITY,NASDAQ
CMBO,Wayfinder Dynamic U.S. Interest Rate ETF,ETF,NASDAQ
CMCO,Columbus McKinnon Corporation - Common Stock,EQUITY,NASDAQ
CMCSA,Comcast Corporation - Class A Common Stock,EQUITY,NASDAQ
CMCT,Creative Media  - Common Stock,EQUITY,NASDAQ
CME,CME Group Inc. - Class A Common Stock,EQUITY,NASDAQ
CMMB,Chemomab Therapeutics Ltd.  - American Depositary Shares,EQUITY,NASDAQ
CMND,Clearmind Medicine Inc. - Common Shares,EQUITY,NASDAQ
CMPR,Cimpress plc - Ordinary Shares,EQUITY,NASDAQ
CMPS,COMPASS Pathways Plc - American Depository Shares,EQUITY,NASDAQ
CMPX,"Compass Therapeutics, Inc. - Common Stock",EQUITY,NASDAQ
CMRC,"Commerce.com, Inc. - Series 1 Common Stock",EQUITY,NASDAQ
CMTL,Comtech Telecommunications Corp. - Common Stock,EQUITY,NASDAQ
CMTV,Community Bancorp.  - Common stock,EQUITY,NASDAQ
CNCK,Coincheck Group N.V. - Ordinary Shares,EQUITY,NASDAQ
CNDT,Conduent Incorporated - Common Stock,EQUITY,NASDAQ
CNET,ZW Data Action Technologies Inc. - Common Stock,EQUITY,NASDAQ
CNEY,CN Energy Group Inc. - Class A Ordinary Shares,EQUITY,NASDAQ
CNL,Collective Mining Ltd. - Common Stock,EQUITY,NASDAQ
CNOB,"ConnectOne Bancorp, Inc. - Common Stock",EQUITY,NASDAQ
CNQQ,Rayliant-ChinaAMC Transformative China Tech ETF,ETF,NASDAQ
CNSP,"CNS Pharmaceuticals, Inc. - Common Stock",EQUITY,NASDAQ
CNSY,"Cerenome, Inc. - Common Stock",EQUITY,NASDAQ
CNTB,Connect Biopharma Holdings Limited - Ordinary Shares,EQUITY,NASDAQ
CNTN,"Canton Strategic Holdings, Inc. - Common Stock",EQUITY,NASDAQ
CNTX,Context Therapeutics Inc. - Common Stock,EQUITY,NASDAQ
CNTY,"Century Casinos, Inc. - Common Stock",EQUITY,NASDAQ
CNVS,Cineverse Corp. - Class A Common Stock,EQUITY,NASDAQ
CNXC,Concentrix Corporation - Common Stock,EQUITY,NASDAQ
CNXN,"PC Connection, Inc. - Common Stock",EQUITY,NASDAQ
CNXU,Conexeu Sciences Inc. - Common Stock,EQUITY,NASDAQ
COAG,"Hemab Therapeutics Holdings, Inc. - Common Stock",EQUITY,NASDAQ
COCH,"Envoy Medical, Inc. - Class A Common Stock",EQUITY,NASDAQ
COCO,"The Vita Coco Company, Inc. - Common Stock",EQUITY,NASDAQ
COCP,"Cocrystal Pharma, Inc. - Common Stock",EQUITY,NASDAQ
CODA,"Coda Octopus Group, Inc. - Common stock",EQUITY,NASDAQ
CODX,"Co-Diagnostics, Inc. - Common Stock",EQUITY,NASDAQ
COFS,"ChoiceOne Financial Services, Inc. - Common Stock",EQUITY,NASDAQ
COGT,"Cogent Biosciences, Inc. - Common Stock",EQUITY,NASDAQ
COHU,"Cohu, Inc. - Common Stock",EQUITY,NASDAQ
COIG,Leverage Shares 2X Long COIN Daily ETF,ETF,NASDAQ
COIN,"Coinbase Global, Inc. - Class A Common Stock",EQUITY,NASDAQ
COKE,"Coca-Cola Consolidated, Inc. - Common Stock",EQUITY,NASDAQ
COLA,Columbus Acquisition Corp - Ordinary Shares,EQUITY,NASDAQ
COLB,"Columbia Banking System, Inc. - Common Stock",EQUITY,NASDAQ
COLL,"Collegium Pharmaceutical, Inc. - Common Stock",EQUITY,NASDAQ
COLM,Columbia Sportswear Company - Common Stock,EQUITY,NASDAQ
COMT,iShares GSCI Commodity Dynamic Roll Strategy ETF,ETF,NASDAQ
CONI,GraniteShares 2x Short COIN Daily ETF,ETF,NASDAQ
CONL,GraniteShares 2x Long COIN Daily ETF,ETF,NASDAQ
CONX,Direxion Daily COIN Bull 2X ETF,ETF,NASDAQ
COO,"The Cooper Companies, Inc.  - Common Stock",EQUITY,NASDAQ
COOL,"VegaShares AI Thermal, Cooling & Power Management ETF",ETF,NASDAQ
COOT,Australian Oilseeds Holdings Limited - Ordinary Shares,EQUITY,NASDAQ
COPJ,Sprott Junior Copper Miners ETF,ETF,NASDAQ
COPP,Sprott Copper Miners ETF,ETF,NASDAQ
CORO,iShares International Country Rotation Active ETF,ETF,NASDAQ
CORT,Corcept Therapeutics Incorporated - Common Stock,EQUITY,NASDAQ
CORZ,"Core Scientific, Inc. - Common Stock",EQUITY,NASDAQ
COSM,Cosmos Health Inc. - Common Stock,EQUITY,NASDAQ
COST,Costco Wholesale Corporation - Common Stock,EQUITY,NASDAQ
COTG,Leverage Shares 2X Long COST Daily ETF,ETF,NASDAQ
COWG,Pacer US Large Cap Cash Cows Growth Leaders ETF,ETF,NASDAQ
COWS,Amplify Cash Flow Dividend Leaders ETF,ETF,NASDAQ
COYA,"Coya Therapeutics, Inc. - Common Stock",EQUITY,NASDAQ
COYY,GraniteShares YieldBOOST COIN ETF,ETF,NASDAQ
CPAG,F/m Compoundr U.S. Aggregate Bond ETF,ETF,NASDAQ
CPB,The Campbell's Company - Common Stock,EQUITY,NASDAQ
CPBI,"Central Plains Bancshares, Inc. - Common Stock",EQUITY,NASDAQ
CPHC,Canterbury Park Holding Corporation - Common Stock,EQUITY,NASDAQ
CPHY,F/m Compoundr High Yield Bond ETF,ETF,NASDAQ
CPIX,Cumberland Pharmaceuticals Inc. - Common Stock,EQUITY,NASDAQ
CPLS,AB Core Plus Bond ETF,ETF,NASDAQ
CPOP,"Pop Culture Group Co., Ltd - Class A Ordinary Shares",EQUITY,NASDAQ
CPRT,"Copart, Inc. - Common Stock",EQUITY,NASDAQ
CPSH,CPS Technologies Corp. - Common Stock,EQUITY,NASDAQ
CPSS,"Consumer Portfolio Services, Inc. - Common Stock",EQUITY,NASDAQ
CPTL,Global X Morningstar Capital Allocation Leaders ETF,ETF,NASDAQ
CPZ,Calamos Long/Short Equity & Dynamic Income Trust - Closed End Fund,EQUITY,NASDAQ
CRAC,Crown Reserve Acquisition Corp. I - Class A Ordinary Shares,EQUITY,NASDAQ
CRAI,"CRA International,Inc. - Common Stock",EQUITY,NASDAQ
CRAM,Defiance China Memory ETF,ETF,NASDAQ
CRAN,Crane Harbor Acquisition Corp. II - Class A Ordinary Shares,EQUITY,NASDAQ
CRAQ,Cal Redwood Acquisition Corp. - Class A Ordinary Shares,EQUITY,NASDAQ
CRBP,"Corbus Pharmaceuticals Holdings, Inc. - Common Stock",EQUITY,NASDAQ
CRBU,"Caribou Biosciences, Inc. - Common Stock",EQUITY,NASDAQ
CRCG,Leverage Shares 2X Long CRCL Daily ETF,ETF,NASDAQ
CRCT,"Cricut, Inc. - Class A common stock",EQUITY,NASDAQ
CRDF,"Cardiff Oncology, Inc. - Common Stock",EQUITY,NASDAQ
CRDL,Cardiol Therapeutics Inc. - Class A Common Shares,EQUITY,NASDAQ
CRDO,Credo Technology Group Holding Ltd - Ordinary Shares,EQUITY,NASDAQ
CRE,Cre8 Enterprise Limited - Class A Ordinary Shares,EQUITY,NASDAQ
CRESY,"Cresud S.A.C.I.F. y A. - American Depositary Shares, each representing ten shares of Common Stock",EQUITY,NASDAQ
CREX,"Creative Realities, Inc. - Common Stock",EQUITY,NASDAQ
CRGO,Freightos Limited - Ordinary shares,EQUITY,NASDAQ
CRIS,"Curis, Inc. - Common Stock",EQUITY,NASDAQ
CRMD,CorMedix Inc. - Common Stock,EQUITY,NASDAQ
CRMG,Leverage Shares 2X Long CRM Daily ETF,ETF,NASDAQ
CRML,Critical Metals Corp. - Ordinary Shares,EQUITY,NASDAQ
CRMT,"America's Car-Mart, Inc. - Common Stock",EQUITY,NASDAQ
CRMU,Leverage Shares 2x Long CRML Daily ETF,ETF,NASDAQ
CRNC,Cerence Inc. - Common Stock,EQUITY,NASDAQ
CRNT,Ceragon Networks Ltd. - Ordinary Shares,EQUITY,NASDAQ
CROB,Defiance China Robotics ETF,ETF,NASDAQ
CRON,Cronos Group Inc. - Common Share,EQUITY,NASDAQ
CROX,"Crocs, Inc. - Common Stock",EQUITY,NASDAQ
CRSP,CRISPR Therapeutics AG - Common Shares,EQUITY,NASDAQ
CRSR,"Corsair Gaming, Inc. - Common Stock",EQUITY,NASDAQ
CRTO,Criteo S.A. - Ordinary Shares,EQUITY,NASDAQ
CRUS,"Cirrus Logic, Inc. - Common Stock",EQUITY,NASDAQ
CRVL,CorVel Corp. - Common Stock,EQUITY,NASDAQ
CRVO,CervoMed Inc. - Common Stock,EQUITY,NASDAQ
CRVS,"Corvus Pharmaceuticals, Inc. - Common Stock",EQUITY,NASDAQ
CRWD,"CrowdStrike Holdings, Inc. - Class A Common Stock",EQUITY,NASDAQ
CRWG,Leverage Shares 2X Long CRWV Daily ETF,ETF,NASDAQ
CRWL,GraniteShares 2x Long CRWD Daily ETF,ETF,NASDAQ
CRWS,"Crown Crafts, Inc. - Common Stock",EQUITY,NASDAQ
CRWV,"CoreWeave, Inc. - Class A Common Stock",EQUITY,NASDAQ
CRY,GraniteShares YieldBOOST CRCL ETF,ETF,NASDAQ
CSAI,"Cloudastructure, Inc. - Class A Common Stock",EQUITY,NASDAQ
CSB,VictoryShares US Small Cap High Div Volatility Wtd ETF,ETF,NASDAQ
CSBR,"Champions Oncology, Inc. - Common Stock",EQUITY,NASDAQ
CSCL,Direxion Daily CSCO Bull 2X ETF,ETF,NASDAQ
CSCO,"Cisco Systems, Inc. - Common Stock",EQUITY,NASDAQ
CSCS,Direxion Daily CSCO Bear 1X ETF,ETF,NASDAQ
CSEN,Cohen & Steers Future of Energy Active ETF,ETF,NASDAQ
CSGP,"CoStar Group, Inc. - Common Stock",EQUITY,NASDAQ
CSHR,CoinShares PLC - Ordinary Shares,EQUITY,NASDAQ
CSIQ,Canadian Solar Inc. - Common Shares,EQUITY,NASDAQ
CSPI,CSP Inc. - Common Stock,EQUITY,NASDAQ
CSQ,Calamos Strategic Total Return Fund - Closed End Fund,EQUITY,NASDAQ
CSTE,Caesarstone Ltd. - Ordinary Shares,EQUITY,NASDAQ
CSTL,"Castle Biosciences, Inc. - Common stock",EQUITY,NASDAQ
CSWC,Capital Southwest Corporation - Common Stock,EQUITY,NASDAQ
CSX,CSX Corporation - Common Stock,EQUITY,NASDAQ
CTAA,ClearThink 1 Acquisition Corp. - Class A Ordinary Shares,EQUITY,NASDAQ
CTAS,Cintas Corporation - Common Stock,EQUITY,NASDAQ
CTBI,"Community Trust Bancorp, Inc. - Common Stock",EQUITY,NASDAQ
CTEC,Global X ClimateTech ETF,ETF,NASDAQ
CTKB,"Cytek Biosciences, Inc. - Common Stock",EQUITY,NASDAQ
CTMX,"CytomX Therapeutics, Inc. - Common Stock",EQUITY,NASDAQ
CTNM,"Contineum Therapeutics, Inc. - Common stock",EQUITY,NASDAQ
CTNT,Cheetah Net Supply Chain Service Inc. - Class A Common Stock,EQUITY,NASDAQ
CTOR,"Citius Oncology, Inc.  - Common Stock",EQUITY,NASDAQ
CTRM,Castor Maritime Inc. - Common Shares,EQUITY,NASDAQ
CTRN,"Citi Trends, Inc. - Common Stock",EQUITY,NASDAQ
CTSH,Cognizant Technology Solutions Corporation - Class A Common Stock,EQUITY,NASDAQ
CTSO,Cytosorbents Corporation - Common Stock,EQUITY,NASDAQ
CTW,CTW - Class A Ordinary Shares,EQUITY,NASDAQ
CTXR,"Citius Pharmaceuticals, Inc. - Common Stock",EQUITY,NASDAQ
CUB,Lionheart Holdings - Class A Ordinary Shares,EQUITY,NASDAQ
CUE,"Cue Biopharma, Inc. - Common Stock",EQUITY,NASDAQ
CULP,"Culp, Inc. - Common Shares",EQUITY,NASDAQ
CUPR,Cuprina Holdings (Cayman) Limited - Class A Ordinary shares,EQUITY,NASDAQ
CURI,CuriosityStream Inc.  - Class A Common Stock,EQUITY,NASDAQ
CURR,Currenc Group Inc. - Ordinary Shares,EQUITY,NASDAQ
CURX,Curanex Pharmaceuticals Inc - Common Stock,EQUITY,NASDAQ
CUVL,Clinuvel Pharmaceuticals Limited - American Depositary Shares,EQUITY,NASDAQ
CV,"CapsoVision, Inc. - Common Stock",EQUITY,NASDAQ
CVBF,CVB Financial Corporation - Common Stock,EQUITY,NASDAQ
CVCO,"Cavco Industries, Inc. - Common Stock",EQUITY,NASDAQ
CVGI,"Commercial Vehicle Group, Inc. - Common Stock",EQUITY,NASDAQ
CVKD,"Cadrenal Therapeutics, Inc. - Common Stock",EQUITY,NASDAQ
CVLT,"Commvault Systems, Inc. - Common Stock",EQUITY,NASDAQ
CVRX,"CVRx, Inc. - Common Stock",EQUITY,NASDAQ
CVV,CVD Equipment Corporation - Common Stock,EQUITY,NASDAQ
CWBC,Community West Bancshares - Common Stock,EQUITY,NASDAQ
CWCO,Consolidated Water Co. Ltd. - Ordinary Shares,EQUITY,NASDAQ
CWD,CaliberCos Inc. - Class A Common Stock,EQUITY,NASDAQ
CWST,"Casella Waste Systems, Inc. - Class A Common Stock",EQUITY,NASDAQ
CWY,GraniteShares YieldBOOST CRWV ETF,ETF,NASDAQ
CXAI,CXApp Inc. - Class A Common Stock,EQUITY,NASDAQ
CXDO,"Crexendo, Inc. - Common Stock",EQUITY,NASDAQ
CXII,Churchill Capital Corp XII - Class A Ordinary Shares,EQUITY,NASDAQ
CXSE,WisdomTree China ex-State-Owned Enterprises Fund,ETF,NASDAQ
CYAB,"Cyabra, Inc. - Common Stock",EQUITY,NASDAQ
CYCU,"Cycurion, Inc. - Common Stock",EQUITY,NASDAQ
CYN,Cyngn Inc. - Common stock,EQUITY,NASDAQ
CYPH,Cypherpunk Technologies Inc. - Common Stock,EQUITY,NASDAQ
CYRX,"CryoPort, Inc. - Common Stock",EQUITY,NASDAQ
CYTK,"Cytokinetics, Incorporated - Common Stock",EQUITY,NASDAQ
CZFS,"Citizens Financial Services, Inc. - Common Stock",EQUITY,NASDAQ
CZNC,Citizens & Northern Corp - Common Stock,EQUITY,NASDAQ
CZR,"Caesars Entertainment, Inc. - Common Stock",EQUITY,NASDAQ
CZWI,"Citizens Community Bancorp, Inc. - Common Stock",EQUITY,NASDAQ
DAAQ,Digital Asset Acquisition Corp. - Class A Ordinary shares,EQUITY,NASDAQ
DADS,Digital Asset Debt Strategy ETF,ETF,NASDAQ
DAIC,"CID HoldCo, Inc. - Common Stock",EQUITY,NASDAQ
DAIO,Data I/O Corporation - Common Stock,EQUITY,NASDAQ
DAK,Dakota Active Equity ETF,ETF,NASDAQ
DAKT,"Daktronics, Inc. - Common Stock",EQUITY,NASDAQ
DALI,First Trust Dorsey Wright DALI Equity ETF,ETF,NASDAQ
DAPP,VanEck Digital Transformation ETF,ETF,NASDAQ
DARE,"Dare Bioscience, Inc. - Common Stock",EQUITY,NASDAQ
DASH,"DoorDash, Inc. - Common Stock",EQUITY,NASDAQ
DAVE,Dave Inc.  - Class A Common Stock,EQUITY,NASDAQ
DAX,Global X DAX Germany ETF,ETF,NASDAQ
DBCA,D. Boral Acquisition I Corp. - Class A Ordinary Shares,EQUITY,NASDAQ
DBGI,"Digital Brands Group, Inc. - Common Stock",EQUITY,NASDAQ
DBVT,DBV Technologies S.A. - American Depositary Shares,EQUITY,NASDAQ
DBX,"Dropbox, Inc. - Class A Common Stock",EQUITY,NASDAQ
DCBO,Docebo Inc. - Common Shares,EQUITY,NASDAQ
DCGO,DocGo Inc. - Common Stock,EQUITY,NASDAQ
DCOY,Decoy Therapeutics Inc. - Common Stock,EQUITY,NASDAQ
DCTH,"Delcath Systems, Inc. - Common Stock",EQUITY,NASDAQ
DCX,Digital Currency X Technology Inc. - Class A Ordinary Shares,EQUITY,NASDAQ
DDI,"DoubleDown Interactive Co., Ltd. - American Depository Shares",EQUITY,NASDAQ
DDIV,First Trust Dorsey Wright Momentum & Dividend ETF,ETF,NASDAQ
DDOG,"Datadog, Inc. - Class A Common Stock",EQUITY,NASDAQ
DECO,State Street Galaxy Digital Asset Ecosystem ETF,ETF,NASDAQ
DEFT,"Defi Technologies, Inc. - Common Stock",EQUITY,NASDAQ
DEMZ,Democratic Large Cap Core ETF,ETF,NASDAQ
DERM,Journey Medical Corporation - Common Stock,EQUITY,NASDAQ
DETX,"Liberty Defense Holdings, Ltd. - Common Shares",EQUITY,NASDAQ
DFDV,DeFi Development Corp. - Common Stock,EQUITY,NASDAQ
DFGP,Dimensional Global Core Plus Fixed Income ETF,ETF,NASDAQ
DFGX,Dimensional International Core Fixed Income ETF,ETF,NASDAQ
DFLI,Dragonfly Energy Holdings Corp - Common Stock,EQUITY,NASDAQ
DFNS,T3 Defense Inc. - Common Stock,EQUITY,NASDAQ
DFSC,"DEFSEC Technologies Inc. - common stock, no R/S concurrent with offering",EQUITY,NASDAQ
DFTX,"Definium Therapeutics, Inc.  - Common Shares",EQUITY,NASDAQ
DGCB,Dimensional Global Credit ETF,ETF,NASDAQ
DGICA,"Donegal Group, Inc. - Class A Common Stock",EQUITY,NASDAQ
DGICB,"Donegal Group, Inc. - Class B Common Stock",EQUITY,NASDAQ
DGII,Digi International Inc. - Common Stock,EQUITY,NASDAQ
DGLO,First Trust RBA Deglobalization ETF,ETF,NASDAQ
DGNX,Diginex Limited - Ordinary Shares,EQUITY,NASDAQ
DGRE,WisdomTree Emerging Markets Quality Dividend Growth Fund,ETF,NASDAQ
DGRS,WisdomTree U.S. SmallCap Quality Dividend Growth Fund,ETF,NASDAQ
DGRW,WisdomTree U.S. Quality Dividend Growth Fund,ETF,NASDAQ
DGXX,Digi Power X Inc. - Common Subordinate Voting Shares,EQUITY,NASDAQ
DH,Definitive Healthcare Corp. - Class A Common Stock,EQUITY,NASDAQ
DHC,Diversified Healthcare Trust  - Common Shares of Beneficial Interest,EQUITY,NASDAQ
DIBS,"1stdibs.com, Inc. - Common Stock",EQUITY,NASDAQ
DIME,CoinShares Altcoins ETF,ETF,NASDAQ
DINE,Simplify Tax Aware Diversified Income Strategy ETF,ETF,NASDAQ
DIOD,Diodes Incorporated - Common Stock,EQUITY,NASDAQ
DIVD,Altrius Global Dividend ETF,ETF,NASDAQ
DJCO,Daily Journal Corp. (S.C.) - Common Stock,EQUITY,NASDAQ
DJT,Trump Media & Technology Group Corp. - Common Stock,EQUITY,NASDAQ
DKI,DarkIris Inc. - Class A Ordinary Shares,EQUITY,NASDAQ
DKNG,DraftKings Inc. - Class A Common Stock,EQUITY,NASDAQ
DLCU,U.S. Large Company Portfolio: ETF Class Shares,ETF,NASDAQ
DLHC,DLH Holdings Corp. - Common Stock,EQUITY,NASDAQ
DLLL,GraniteShares 2x Long DELL Daily ETF,ETF,NASDAQ
DLO,DLocal Limited - Class A Common Shares,EQUITY,NASDAQ
DLPN,"Dolphin Entertainment, Inc. - Common Stock",EQUITY,NASDAQ
DLTH,Duluth Holdings Inc. - Class B Common Stock,EQUITY,NASDAQ
DLTR,"Dollar Tree, Inc. - Common Stock",EQUITY,NASDAQ
DLXY,Delixy Holdings Limited - Class A Ordinary Shares,EQUITY,NASDAQ
DMAA,Drugs Made In America Acquisition Corp. - Ordinary Shares,EQUITY,NASDAQ
DMAC,DiaMedica Therapeutics Inc. - Common Stock,EQUITY,NASDAQ
DMII,Drugs Made In America Acquisition II Corp. - Ordinary Shares,EQUITY,NASDAQ
DMRA,"Damora Therapeutics, Inc. - Ordinary Shares",EQUITY,NASDAQ
DMRC,Digimarc Corporation - Common Stock,EQUITY,NASDAQ
DMXF,iShares ESG Advanced MSCI EAFE ETF,ETF,NASDAQ
DNLI,Denali Therapeutics Inc. - Common Stock,EQUITY,NASDAQ
DNMX,Dynamix Corporation III - Class A Ordinary Shares,EQUITY,NASDAQ
DNTH,"Dianthus Therapeutics, Inc. - Common Stock",EQUITY,NASDAQ
DNUT,"Krispy Kreme, Inc. - Common Stock",EQUITY,NASDAQ
DOCU,"DocuSign, Inc. - Common Stock",EQUITY,NASDAQ
DOGZ,Dogness (International) Corporation - Class A Common Stock,EQUITY,NASDAQ
DOMH,Dominari Holdings Inc. - Common Stock,EQUITY,NASDAQ
DOO,BRP Inc. - Common Subordinate Voting Shares,EQUITY,NASDAQ
DORM,"Dorman Products, Inc. - Common Stock",EQUITY,NASDAQ
DOX,Amdocs Limited - Ordinary Shares,EQUITY,NASDAQ
DOYU,DouYu International Holdings Limited - American Depositary Shares,EQUITY,NASDAQ
DPRO,Draganfly Inc. - Common Shares,EQUITY,NASDAQ
DPU,Top KingWin Ltd - Class A Ordinary Shares,EQUITY,NASDAQ
DPZ,Domino's Pizza Inc - Common Stock,EQUITY,NASDAQ
DRCT,"Direct Digital Holdings, Inc. - Class A Common Stock",EQUITY,NASDAQ
DRDB,Roman DBDR Acquisition Corp. II - Ordinary shares,EQUITY,NASDAQ
DRH,Diamondrock Hospitality Company - Common Stock,EQUITY,NASDAQ
DRIO,DarioHealth Corp. - Common Stock,EQUITY,NASDAQ
DRIV,Global X Autonomous & Electric Vehicles ETF,ETF,NASDAQ
DRK,DarkHorse Technologies Inc. - Common Shares,EQUITY,NASDAQ
DRMA,"Dermata Therapeutics, Inc. - Common Stock",EQUITY,NASDAQ
DRNZ,REX Drone ETF,ETF,NASDAQ
DRS,"Leonardo DRS, Inc. - Common Stock",EQUITY,NASDAQ
DRTS,Alpha Tau Medical Ltd. - Ordinary Shares,EQUITY,NASDAQ
DRUG,Bright Minds Biosciences Inc. - common stock,EQUITY,NASDAQ
DRVN,Driven Brands Holdings Inc. - Common Stock,EQUITY,NASDAQ
DSAC,Daedalus Special Acquisition Corp. - Class A Ordinary Shares,EQUITY,NASDAQ
DSC,DSC Holdings Ltd. - American Depositary Shares,EQUITY,NASDAQ
DSGN,"Design Therapeutics, Inc. - Common Stock",EQUITY,NASDAQ
DSGR,"Distribution Solutions Group, Inc. - Common Stock",EQUITY,NASDAQ
DSGX,The Descartes Systems Group Inc. - Common Stock,EQUITY,NASDAQ
DSP,Viant Technology Inc. - common stock,EQUITY,NASDAQ
DSWL,"Deswell Industries, Inc. - Common Shares",EQUITY,NASDAQ
DSY,Big Tree Cloud Holdings Limited - Class A Ordinary Shares,EQUITY,NASDAQ
DTCR,Global X Data Center & Digital Infrastructure ETF,ETF,NASDAQ
DTCX,"Datacentrex, Inc. - Common Stock",EQUITY,NASDAQ
DTI,Drilling Tools International Corporation  - Common Stock,EQUITY,NASDAQ
DTIL,"Precision BioSciences, Inc. - Common Stock",EQUITY,NASDAQ
DTSQ,DT Cloud Star Acquisition Corporation - Ordinary Shares,EQUITY,NASDAQ
DTSS,Datasea Intelligent Technology Ltd. - Class A Ordinary Shares,EQUITY,NASDAQ
DTST,Data Storage Corporation - Common Stock,EQUITY,NASDAQ
DUKH,Ocean Park High Income ETF,ETF,NASDAQ
DUKR,DUKE Robotics Corp. - Common Stock,EQUITY,NASDAQ
DUKX,Ocean Park International ETF,ETF,NASDAQ
DUO,Fangdd Network Group Ltd. - Class A Ordinary Shares,EQUITY,NASDAQ
DUOG,Leverage Shares 2X Long DUOL Daily ETF,ETF,NASDAQ
DUOL,"Duolingo, Inc. - Class A Common Stock",EQUITY,NASDAQ
DUOT,"Duos Technologies Group, Inc. - Common Stock",EQUITY,NASDAQ
DUSG,U.S. Small Cap Growth Portfolio: ETF Class Shares,ETF,NASDAQ
DVAL,BrandywineGLOBAL-Dynamic US Large Cap Value ETF,ETF,NASDAQ
DVGR,DAC 3D Dividend Growth ETF,ETF,NASDAQ
DVLT,Datavault AI Inc. - Common Stock,EQUITY,NASDAQ
DVLU,First Trust Dorsey Wright Momentum & Value ETF,ETF,NASDAQ
DVOL,First Trust Dorsey Wright Momentum & Low Volatility ETF,ETF,NASDAQ
DVQQ,WEBs QQQ Defined Volatility ETF,ETF,NASDAQ
DVSP,WEBs SPY Defined Volatility ETF,ETF,NASDAQ
DVY,iShares Select Dividend ETF,ETF,NASDAQ
DWAS,Invesco Dorsey Wright SmallCap Momentum ETF,ETF,NASDAQ
DWAW,AdvisorShares Dorsey Wright FSM All Cap World ETF,ETF,NASDAQ
DWSH,AdvisorShares Dorsey Wright Short ETF,ETF,NASDAQ
DWSN,Dawson Geophysical Company - Common Stock,EQUITY,NASDAQ
DWTX,"Dogwood Therapeutics, Inc.  - Common Stock",EQUITY,NASDAQ
DWUS,AdvisorShares Dorsey Wright FSM US Core ETF,ETF,NASDAQ
DXCM,"DexCom, Inc. - Common Stock",EQUITY,NASDAQ
DXLG,"Destination XL Group, Inc. - Common Stock",EQUITY,NASDAQ
DXPE,"DXP Enterprises, Inc. - Common Stock",EQUITY,NASDAQ
DXR,Daxor Corporation - Closed End Fund,EQUITY,NASDAQ
DXST,Decent Holding Inc. - Class A Ordinary Shares,EQUITY,NASDAQ
DYAI,"Dyadic International, Inc. - Common Stock",EQUITY,NASDAQ
DYFI,IDX Dynamic Fixed Income ETF,ETF,NASDAQ
DYN,"Dyne Therapeutics, Inc. - Common Stock",EQUITY,NASDAQ
DYNB,Hartford Dynamic Bond ETF,ETF,NASDAQ
DYNC,Dynamix Corporation - Class A Ordinary Share,EQUITY,NASDAQ
DYOR,Insight Digital Partners II - Class A Ordinary Shares,EQUITY,NASDAQ
DYTA,SGI Dynamic Tactical ETF,ETF,NASDAQ
EART,Global X Rare Earth & Critical Materials ETF,ETF,NASDAQ
EASY,Liberty One Defensive Dividend Growth ETF,ETF,NASDAQ
EBAY,eBay Inc. - Common Stock,EQUITY,NASDAQ
EBC,"Eastern Bankshares, Inc. - Common Stock",EQUITY,NASDAQ
EBI,Longview Advantage ETF,ETF,NASDAQ
EBIZ,Global X E-commerce ETF,ETF,NASDAQ
EBMT,"Eagle Bancorp Montana, Inc. - Common Stock",EQUITY,NASDAQ
EBON,Ebang International Holdings Inc. - Class A Ordinary Shares,EQUITY,NASDAQ
ECBK,"ECB Bancorp, Inc. - Common Stock",EQUITY,NASDAQ
ECHO,EchoStar Corporation - Common stock,EQUITY,NASDAQ
ECHX,Leverage Shares 2X Long ECHO Daily ETF,ETF,NASDAQ
ECOR,"electroCore, Inc. - Common Stock",EQUITY,NASDAQ
ECOW,Pacer Emerging Markets Cash Cows 100 ETF,ETF,NASDAQ
ECPG,Encore Capital Group Inc - Common Stock,EQUITY,NASDAQ
ECX,ECARX Holdings Inc. - Class A Ordinary shares,EQUITY,NASDAQ
EDBL,Edible Garden AG Incorporated - Common Stock,EQUITY,NASDAQ
EDHL,Everbright Digital Holding Limited - Ordinary Shares,EQUITY,NASDAQ
EDIT,"Editas Medicine, Inc. - Common Stock",EQUITY,NASDAQ
EDRY,EuroDry Ltd. - Common Shares,EQUITY,NASDAQ
EDSA,"Edesa Biotech, Inc. - Common Shares",EQUITY,NASDAQ
EDTK,Skillful Craftsman Education Technology Limited - Ordinary Share,EQUITY,NASDAQ
EDUC,Educational Development Corporation - Common Stock,EQUITY,NASDAQ
EEE,CYBER HORNET S&P 500 and Ethereum 75/25 Strategy ETF,ETF,NASDAQ
EEFT,"Euronet Worldwide, Inc. - Common Stock",EQUITY,NASDAQ
EEIQ,EpicQuest Education Group International Limited - Common Stock,EQUITY,NASDAQ
EEMA,iShares MSCI Emerging Markets Asia ETF,ETF,NASDAQ
EFAS,Global X MSCI SuperDividend EAFE ETF,ETF,NASDAQ
EFOI,"Energy Focus, Inc. - Common Stock",EQUITY,NASDAQ
EFRA,iShares Environmental Infrastructure and Industrials ETF,ETF,NASDAQ
EFSC,Enterprise Financial Services Corporation - Common Stock,EQUITY,NASDAQ
EFSI,Eagle Financial Services Inc - Common Stock,EQUITY,NASDAQ
EFTY,"Etoiles Capital Group Co., Ltd. - Class A Ordinary Shares",EQUITY,NASDAQ
EGAN,eGain Corporation - Common Stock,EQUITY,NASDAQ
EGBN,"Eagle Bancorp, Inc. - Common Stock",EQUITY,NASDAQ
EGGQ,NestYield Visionary ETF,ETF,NASDAQ
EGHA,EGH Acquisition Corp. - Class A ordinary shares,EQUITY,NASDAQ
EGHT,8x8 Inc - Common stock,EQUITY,NASDAQ
EH,EHang Holdings Limited - ADS,EQUITY,NASDAQ
EHGO,Eshallgo Inc. - Class A Ordinary Shares,EQUITY,NASDAQ
EHLD,Euroholdings Ltd. - Common Stock,EQUITY,NASDAQ
EHLS,Even Herd Long Short ETF,ETF,NASDAQ
EHTH,"eHealth, Inc. - Common Stock",EQUITY,NASDAQ
EIKN,"Eikon Therapeutics, Inc. - Common Stock",EQUITY,NASDAQ
EJH,E-Home Household Service Holdings Limited - Ordinary shares,EQUITY,NASDAQ
EKG,First Trust Nasdaq Lux Digital Health Solutions ETF,ETF,NASDAQ
ELAB,PMGC Holdings Inc. - Common Stock,EQUITY,NASDAQ
ELBM,Electra Battery Materials Corporation - Common Stock,EQUITY,NASDAQ
ELDN,"Eledon Pharmaceuticals, Inc. - Common Stock",EQUITY,NASDAQ
ELE,Elemental Royalty Corporation - Common Stock,EQUITY,NASDAQ
ELFY,ALPS Electrification Infrastructure ETF,ETF,NASDAQ
ELIL,Direxion Daily LLY Bull 2X ETF,ETF,NASDAQ
ELMT,The Elmet Group Co. - Common Stock,EQUITY,NASDAQ
ELOG,Eastern International Ltd. - Ordinary Shares,EQUITY,NASDAQ
ELOL,Leverage Shares 100% TSLA AND 100% SPCX Daily ETF,ETF,NASDAQ
ELOX,"Eloxx Pharmaceuticals, Inc. - Common Stock",EQUITY,NASDAQ
ELPW,Elong Power Holding Limited - Class A Ordinary Shares,EQUITY,NASDAQ
ELTK,Eltek Ltd. - Ordinary Shares,EQUITY,NASDAQ
ELTX,"Elicio Therapeutics, Inc. - Common Stock",EQUITY,NASDAQ
ELUT,"Elutia, Inc. - Class A Common Stock",EQUITY,NASDAQ
ELVA,Electrovaya Inc. - Common Shares,EQUITY,NASDAQ
ELVN,"Enliven Therapeutics, Inc.  - Common Stock",EQUITY,NASDAQ
ELVR,Elevra Lithium Limited - American Depository Shares,EQUITY,NASDAQ
ELWT,"Elauwit Connection, Inc. - Common Stock",EQUITY,NASDAQ
EMAT,Evolution Metals & Technologies Corp. - Common Stock,EQUITY,NASDAQ
EMB,iShares J.P. Morgan USD Emerging Markets Bond ETF,ETF,NASDAQ
EMBC,Embecta Corp. - Common Stock,EQUITY,NASDAQ
EMCB,WisdomTree Emerging Markets Corporate Bond Fund,ETF,NASDAQ
EMEM,Sophus Capital Emerging Market ETF,ETF,NASDAQ
EMEQ,Nomura Focused Emerging Markets Equity ETF,ETF,NASDAQ
EMIF,iShares Emerging Markets Infrastructure ETF,ETF,NASDAQ
EMIS,Emmis Acquisition Corp. - Class A Ordinary Share,EQUITY,NASDAQ
EML,Eastern Company (The) - Common Stock,EQUITY,NASDAQ
EMPD,Empery Digital Inc. - Common stock,EQUITY,NASDAQ
EMSC,Sophus Capital Emerging Market Small Cap ETF,ETF,NASDAQ
EMXC,iShares MSCI Emerging Markets ex China ETF,ETF,NASDAQ
EMXF,iShares ESG Advanced MSCI EM ETF,ETF,NASDAQ
ENDW,Cambria Endowment Style ETF,ETF,NASDAQ
ENGN,enGene Therapeutics Inc. - Common Stock,EQUITY,NASDAQ
ENGS,Energys Group Limited - Ordinary Shares,EQUITY,NASDAQ
ENHI,iShares Enhanced International Active ETF,ETF,NASDAQ
ENHU,iShares Enhanced Large Cap Core Active ETF,ETF,NASDAQ
ENLT,Enlight Renewable Energy Ltd. - Ordinary Shares,EQUITY,NASDAQ
ENLV,Enlivex Ltd. - Ordinary Shares,EQUITY,NASDAQ
ENPH,"Enphase Energy, Inc. - Common Stock",EQUITY,NASDAQ
ENRD,Einride AB - American Depositary Shares,EQUITY,NASDAQ
ENSC,"Ensysce Biosciences, Inc. - Common Stock",EQUITY,NASDAQ
ENSG,"The Ensign Group, Inc. - Common Stock",EQUITY,NASDAQ
ENTA,"Enanta Pharmaceuticals, Inc. - Common Stock",EQUITY,NASDAQ
ENTG,"Entegris, Inc. - Common Stock",EQUITY,NASDAQ
ENTX,Entera Bio Ltd. - Ordinary Shares,EQUITY,NASDAQ
ENVB,"Enveric Biosciences, Inc.  - Common Stock",EQUITY,NASDAQ
ENVX,Enovix Corporation - Common Stock,EQUITY,NASDAQ
ENZL,iShares MSCI New Zealand ETF,ETF,NASDAQ
EOCN,Eocene Ltd. - Ordinary Shares,EQUITY,NASDAQ
EOLS,"Evolus, Inc. - Common Stock",EQUITY,NASDAQ
EOSE,"Eos Energy Enterprises, Inc. - Common Stock",EQUITY,NASDAQ
EPOW,E-Power Inc. - Class A Ordinary Shares,EQUITY,NASDAQ
EPRX,Eupraxia Pharmaceuticals Inc. - Common Stock,EQUITY,NASDAQ
EPSM,Epsium Enterprise Limited - Class A Ordinary Shares,EQUITY,NASDAQ
EPSN,Epsilon Energy Ltd. - Common Shares,EQUITY,NASDAQ
EQ,"Equillium, Inc. - Common Stock",EQUITY,NASDAQ
EQIX,"Equinix, Inc. - Common Stock",EQUITY,NASDAQ
EQPT,EquipmentShare.com Inc - Class A Common Stock,EQUITY,NASDAQ
EQQQ,ProShares Ultra QQQ Equal Weight,ETF,NASDAQ
EQRR,ProShares Equities for Rising Rates ETF,ETF,NASDAQ
ERAS,"Erasca, Inc. - Common Stock",EQUITY,NASDAQ
ERET,iShares Environmentally Aware Real Estate ETF,ETF,NASDAQ
ERIC,Ericsson - American Depositary Shares each representing 1 underlying Class B share,EQUITY,NASDAQ
ERIE,Erie Indemnity Company - Class A Common Stock,EQUITY,NASDAQ
ERII,"Energy Recovery, Inc. - Common Stock",EQUITY,NASDAQ
ERNA,Ernexa Therapeutics Inc. - Common Stock,EQUITY,NASDAQ
ESCA,"Escalade, Incorporated - Common Stock",EQUITY,NASDAQ
ESEA,Euroseas Ltd. - Common Stock,EQUITY,NASDAQ
ESGD,iShares ESG Aware MSCI EAFE ETF,ETF,NASDAQ
ESGE,iShares ESG Aware MSCI EM ETF,ETF,NASDAQ
ESGU,iShares ESG Aware MSCI USA ETF,ETF,NASDAQ
ESLA,"Estrella Immunopharma, Inc. - Common Stock",EQUITY,NASDAQ
ESLT,Elbit Systems Ltd. - Ordinary Shares,EQUITY,NASDAQ
ESMV,iShares ESG Optimized MSCI USA Min Vol Factor ETF,ETF,NASDAQ
ESN,Essential 40 Stock ETF,ETF,NASDAQ
ESOA,Energy Services of America Corporation - Common Stock,EQUITY,NASDAQ
ESPO,VanEck Video Gaming and eSports ETF,ETF,NASDAQ
ESQ,"Esquire Financial Holdings, Inc. - Common Stock",EQUITY,NASDAQ
ESTA,Establishment Labs Holdings Inc. - Common Shares,EQUITY,NASDAQ
ESYN,EnerSyn Global Inc. - Common Stock,EQUITY,NASDAQ
ETEC,iShares Breakthrough Environmental Solutions ETF,ETF,NASDAQ
ETHA,iShares Ethereum Trust ETF,ETF,NASDAQ
ETHB,iShares Staked Ethereum Trust ETF,ETF,NASDAQ
ETON,"Eton Pharmaceuticals, Inc. - Common Stock",EQUITY,NASDAQ
ETOR,eToro Group Ltd. - Class A Common Shares,EQUITY,NASDAQ
ETRA,"Electra Therapeutics, Inc. - Common stock",EQUITY,NASDAQ
ETS,Elite Express Holding Inc. - Class A Common Stock,EQUITY,NASDAQ
EU,enCore Energy Corp. - Common Stock,EQUITY,NASDAQ
EUDA,Euda Health Holdings Limited - Ordinary Shares,EQUITY,NASDAQ
EUFN,iShares MSCI Europe Financials ETF,ETF,NASDAQ
EURK,Eureka Acquisition Corp - Class A Ordinary Share,EQUITY,NASDAQ
EVAX,Evaxion A/S - American Depositary Share,EQUITY,NASDAQ
EVCM,EverCommerce Inc. - Common Stock,EQUITY,NASDAQ
EVER,"EverQuote, Inc. - Class A Common Stock",EQUITY,NASDAQ
EVGN,Evogene Ltd. - Ordinary Shares,EQUITY,NASDAQ
EVGO,EVgo Inc. - Common Stock,EQUITY,NASDAQ
EVLV,"Evolv Technologies Holdings, Inc. - Class A Common Stock",EQUITY,NASDAQ
EVMT,Invesco Electric Vehicle Metals Commodity Strategy No K-1 ETF,ETF,NASDAQ
EVO,Evotec SE - American Depositary Shares each representing 1/2 of one ordinary share,EQUITY,NASDAQ
EVOX,Evolution Global Acquisition Corp - Class A Ordinary Shares,EQUITY,NASDAQ
EVRG,"Evergy, Inc. - Common Stock",EQUITY,NASDAQ
EVSD,Eaton Vance Short Duration Income ETF,ETF,NASDAQ
EVYM,Eaton Vance High Income Municipal ETF,ETF,NASDAQ
EWAV,East West Ave Acquisition Corp. - Common Stock,EQUITY,NASDAQ
EWBC,"East West Bancorp, Inc. - Common Stock",EQUITY,NASDAQ
EWJV,iShares MSCI Japan Value ETF,ETF,NASDAQ
EWTX,"Edgewise Therapeutics, Inc. - Common Stock",EQUITY,NASDAQ
EWZS,iShares MSCI Brazil Small-Cap ETF,ETF,NASDAQ
EXC,Exelon Corporation - Common Stock,EQUITY,NASDAQ
EXE,Expand Energy Corporation - Common Stock,EQUITY,NASDAQ
EXEL,"Exelixis, Inc. - Common Stock",EQUITY,NASDAQ
EXFY,"Expensify, Inc. - Class A Common Stock",EQUITY,NASDAQ
EXLS,"ExlService Holdings, Inc. - Common Stock",EQUITY,NASDAQ
EXOZ,eXoZymes Inc. - Common Stock,EQUITY,NASDAQ
EXPE,"Expedia Group, Inc. - Common Stock",EQUITY,NASDAQ
EXPO,"Exponent, Inc. - Common Stock",EQUITY,NASDAQ
EXTR,"Extreme Networks, Inc. - Common Stock",EQUITY,NASDAQ
EXUS,Nomura Focused International Core ETF,ETF,NASDAQ
EXYN,"Exyn Technologies, Inc. - Common Stock",EQUITY,NASDAQ
EYE,"National Vision Holdings, Inc. - Common Stock",EQUITY,NASDAQ
EYEG,AB Corporate Bond ETF,ETF,NASDAQ
EYPT,"EyePoint, Inc. - Common Stock",EQUITY,NASDAQ
EZGO,EZGO Technologies Ltd. - Ordinary Shares,EQUITY,NASDAQ
EZMO,AlphaDroid Broad Markets Momentum ETF,ETF,NASDAQ
EZPW,"EZCORP, Inc. - Class A Non-Voting Common Stock",EQUITY,NASDAQ
EZRA,"Reliance Global Group, Inc. - Common Stock",EQUITY,NASDAQ
EZRO,AlphaDroid Defensive Sector Rotation ETF,ETF,NASDAQ
FA,First Advantage Corporation - Common Stock,EQUITY,NASDAQ
FAAA,Fidelity AAA CLO ETF,ETF,NASDAQ
FAAR,First Trust Alternative Absolute Return Strategy ETF,ETF,NASDAQ
FAB,First Trust Multi Cap Value AlphaDEX Fund,ETF,NASDAQ
FABC,"Fabric.AI, Inc. - Common Stock",EQUITY,NASDAQ
FAC,Factorial Energy Inc. - Class A Common Stock,EQUITY,NASDAQ
FACT,FACT II Acquisition Corp. - Class A Ordinary Shares,EQUITY,NASDAQ
FAD,First Trust Multi Cap Growth AlphaDEX Fund,ETF,NASDAQ
FALN,iShares Fallen Angels USD Bond ETF,ETF,NASDAQ
FAMI,"Farmmi, Inc. - Class A Ordinary Shares",EQUITY,NASDAQ
FANG,"Diamondback Energy, Inc. - Common Stock",EQUITY,NASDAQ
FAST,Fastenal Company - Common Stock,EQUITY,NASDAQ
FATE,"Fate Therapeutics, Inc. - Common Stock",EQUITY,NASDAQ
FATN,"FatPipe, Inc. - common stock",EQUITY,NASDAQ
FBDT,First Breach Inc. - Common Stock,EQUITY,NASDAQ
FBGL,FBS Global Limited - Ordinary Shares,EQUITY,NASDAQ
FBIO,"Fortress Biotech, Inc. - Common Stock",EQUITY,NASDAQ
FBIZ,"First Business Financial Services, Inc. - Common Stock",EQUITY,NASDAQ
FBL,GraniteShares 2x Long META Daily ETF,ETF,NASDAQ
FBLA,"FB Bancorp, Inc. - Common Stock",EQUITY,NASDAQ
FBLG,"FibroBiologics, Inc. - Common Stock",EQUITY,NASDAQ
FBNC,First Bancorp - Common Stock,EQUITY,NASDAQ
FBOT,Fidelity Disruptive Automation ETF,ETF,NASDAQ
FBYD,"Falcon's Beyond Global, Inc. - Class A Common Stock",EQUITY,NASDAQ
FBYY,GraniteShares YieldBOOST META ETF,ETF,NASDAQ
FCA,First Trust China AlphaDEX Fund,ETF,NASDAQ
FCAL,First Trust California Municipal High income ETF,ETF,NASDAQ
FCAP,"First Capital, Inc. - Common Stock",EQUITY,NASDAQ
FCBC,"First Community Bankshares, Inc. - Common Stock",EQUITY,NASDAQ
FCCO,First Community Corporation - Common Stock,EQUITY,NASDAQ
FCEF,First Trust Income Opportunities ETF,ETF,NASDAQ
FCEL,"FuelCell Energy, Inc. - Common Stock",EQUITY,NASDAQ
FCFS,"FirstCash Holdings, Inc. - Common Stock",EQUITY,NASDAQ
FCHL,Fitness Champs Holdings Limited - Ordinary Shares,EQUITY,NASDAQ
FCLO,Fidelity CLO ETF,ETF,NASDAQ
FCNCA,"First Citizens BancShares, Inc. - Class A Common Stock",EQUITY,NASDAQ
FCTE,SMI 3Fourteen Full-Cycle Trend ETF,ETF,NASDAQ
FCUV,Focus Universal Inc. - Common Stock,EQUITY,NASDAQ
FCVT,First Trust SSI Strategic Convertible Securities ETF,ETF,NASDAQ
FCXG,Leverage Shares 2x Long FCX Daily ETF,ETF,NASDAQ
FDBC,"Fidelity D & D Bancorp, Inc. - Common Stock",EQUITY,NASDAQ
FDCF,Fidelity Disruptive Communications ETF,ETF,NASDAQ
FDFF,Fidelity Disruptive Finance ETF,ETF,NASDAQ
FDIF,Fidelity Disruptors ETF,ETF,NASDAQ
FDIG,Fidelity Crypto Industry and Digital Payments ETF,ETF,NASDAQ
FDIQ,Invesco Bloomberg Financial Data Providers ETF,ETF,NASDAQ
FDIV,MarketDesk Focused U.S. Dividend ETF,ETF,NASDAQ
FDMM,Freedom Metals Acquisition Corp. - Class A Ordinary Shares,EQUITY,NASDAQ
FDMT,"4D Molecular Therapeutics, Inc. - Common Stock",EQUITY,NASDAQ
FDNI,First Trust Dow Jones International Internet ETF,ETF,NASDAQ
FDRS,Founder-Led ETF,ETF,NASDAQ
FDRX,Founder-Led 2X Daily ETF,ETF,NASDAQ
FDSB,"Fifth District Bancorp, Inc. - Common Stock",EQUITY,NASDAQ
FDT,First Trust Developed Markets Ex-US AlphaDEX Fund,ETF,NASDAQ
FDTS,First Trust Developed Markets ex-US Small Cap AlphaDEX Fund,ETF,NASDAQ
FDTX,Fidelity Disruptive Technology ETF,ETF,NASDAQ
FDUS,Fidus Investment Corporation - Closed End Fund,EQUITY,NASDAQ
FEAM,"5E Advanced Materials, Inc. - Common Stock",EQUITY,NASDAQ
FEBO,Fenbo Holdings Limited - Class A Ordinary Shares,EQUITY,NASDAQ
FEIM,"Frequency Electronics, Inc. - Common Stock",EQUITY,NASDAQ
FELE,"Franklin Electric Co., Inc. - Common Stock",EQUITY,NASDAQ
FEM,First Trust Emerging Markets AlphaDEX Fund,ETF,NASDAQ
FEMB,First Trust Emerging Markets Local Currency Bond ETF,ETF,NASDAQ
FEMS,First Trust Emerging Markets Small Cap AlphaDEX Fund,ETF,NASDAQ
FEMY,Femasys Inc. - Common Stock,EQUITY,NASDAQ
FENC,Fennec Pharmaceuticals Inc. - Common Stock,EQUITY,NASDAQ
FEP,First Trust Europe AlphaDEX Fund,ETF,NASDAQ
FEPI,REX FANG & Innovation Equity Premium Income ETF,ETF,NASDAQ
FER,Ferrovial N.V. - Ordinary Shares,EQUITY,NASDAQ
FERA,Fifth Era Acquisition Corp I - Class A Ordinary Shares,EQUITY,NASDAQ
FEUZ,First Trust Eurozone AlphaDEX ETF,ETF,NASDAQ
FEX,First Trust Large Cap Core AlphaDEX Fund,ETF,NASDAQ
FFAI,Faraday Future Intelligent Electric Inc. - Class A Common Stock,EQUITY,NASDAQ
FFBC,First Financial Bancorp. - Common Stock,EQUITY,NASDAQ
FFIN,"First Financial Bankshares, Inc. - Common Stock",EQUITY,NASDAQ
FFIV,"F5, Inc. - Common Stock",EQUITY,NASDAQ
FFUT,Fidelity Managed Futures ETF,ETF,NASDAQ
FGBI,"First Guaranty Bancshares, Inc. - Common Stock",EQUITY,NASDAQ
FGI,FGI Industries Ltd. - Ordinary Shares,EQUITY,NASDAQ
FGII,FG Imperii Acquisition Corp. - Class A Ordinary Shares,EQUITY,NASDAQ
FGL,Founder Group Limited - Class A Ordinary Shares,EQUITY,NASDAQ
FGM,First Trust Germany AlphaDEX Fund,ETF,NASDAQ
FGNX,FG Nexus Inc. - Common Stock,EQUITY,NASDAQ
FGSI,FT Vest Growth Strength & Target Income ETF,ETF,NASDAQ
FHB,"First Hawaiian, Inc. - Common Stock",EQUITY,NASDAQ
FHTX,Foghorn Therapeutics Inc. - Common Stock,EQUITY,NASDAQ
FIBK,"First Interstate BancSystem, Inc. - Common Stock",EQUITY,NASDAQ
FICS,First Trust International Developed Capital Strength ETF,ETF,NASDAQ
FID,First Trust S&P International Dividend Aristocrats ETF,ETF,NASDAQ
FIEE,"FiEE, Inc - Common Stock",EQUITY,NASDAQ
FIGG,Leverage Shares 2x Long FIG Daily ETF,ETF,NASDAQ
FIGR,"Figure Technology Solutions, Inc. - Class A Common Stock",EQUITY,NASDAQ
FIGX,FIGX Capital Acquisition Corp. - Class A ordinary share,EQUITY,NASDAQ
FIMU,Fidelity Intermediate Municipal Income ETF,ETF,NASDAQ
FINW,FinWise Bancorp - Common Stock,EQUITY,NASDAQ
FINX,Global X FinTech ETF,ETF,NASDAQ
FINY,GraniteShares YieldBOOST Financials ETF,ETF,NASDAQ
FIP,FTAI Infrastructure Inc. - Common Stock,EQUITY,NASDAQ
FISI,"Financial Institutions, Inc. - Common Stock",EQUITY,NASDAQ
FISN,"Deep Fission, Inc. - Common Stock",EQUITY,NASDAQ
FISV,"Fiserv, Inc. - Common Stock",EQUITY,NASDAQ
FIVE,"Five Below, Inc. - Common Stock",EQUITY,NASDAQ
FIVN,"Five9, Inc. - Common Stock",EQUITY,NASDAQ
FIXD,First Trust Smith Opportunistic Fixed Income ETF,ETF,NASDAQ
FIYY,GraniteShares YieldBOOST 20Y Treasuries ETF,ETF,NASDAQ
FIZZ,National Beverage Corp. - Common Stock,EQUITY,NASDAQ
FJDI,ARC Group Securities Acquisition I - Class A Ordinary Shares,EQUITY,NASDAQ
FJP,First Trust Japan AlphaDEX Fund,ETF,NASDAQ
FKWL,Franklin Wireless Corp. - common stock,EQUITY,NASDAQ
FLD,"Fold Holdings, Inc. - Class A Common Stock",EQUITY,NASDAQ
FLDB,Fidelity Low Duration Bond ETF,ETF,NASDAQ
FLEX,Flex Ltd. - Ordinary Shares,EQUITY,NASDAQ
FLGT,"Fulgent Genetics, Inc. - Common Stock",EQUITY,NASDAQ
FLL,"Full House Resorts, Inc. - Common Stock",EQUITY,NASDAQ
FLN,First Trust Latin America AlphaDEX Fund,ETF,NASDAQ
FLNA,"Filana Therapeutics, Inc. - Common Stock",EQUITY,NASDAQ
FLNC,"Fluence Energy, Inc. - Class A Common Stock",EQUITY,NASDAQ
FLNT,"Fluent, Inc. - Common Stock",EQUITY,NASDAQ
FLUX,"Flux Power Holdings, Inc. - Common Stock",EQUITY,NASDAQ
FLWS,"1-800-FLOWERS.COM, Inc. - Class A Common Stock",EQUITY,NASDAQ
FLX,BingEx Limited - American Depositary Shares,EQUITY,NASDAQ
FLXS,"Flexsteel Industries, Inc. - Common Stock",EQUITY,NASDAQ
FLY,Firefly Aerospace Inc. - Common Stock,EQUITY,NASDAQ
FLYE,"Fly-E Group, Inc. - Common Stock",EQUITY,NASDAQ
FLYW,Flywire Corporation - Voting Common Stock,EQUITY,NASDAQ
FMAC,Future Money Acquisition Corporation - Ordinary Shares,EQUITY,NASDAQ
FMAO,"Farmers & Merchants Bancorp, Inc. - Common Stock",EQUITY,NASDAQ
FMB,First Trust Managed Municipal ETF,ETF,NASDAQ
FMBH,"First Mid Bancshares, Inc. - Common Stock",EQUITY,NASDAQ
FMED,Fidelity Disruptive Medicine ETF,ETF,NASDAQ
FMET,Fidelity Metaverse ETF,ETF,NASDAQ
FMFC,Kandal M Venture Limited - Class A ordinary Shares,EQUITY,NASDAQ
FMHI,First Trust Municipal High Income ETF,ETF,NASDAQ
FMNB,Farmers National Banc Corp. - Common Stock,EQUITY,NASDAQ
FMST,Foremost Clean Energy Ltd. - Common Shares,EQUITY,NASDAQ
FMTM,MarketDesk Focused U.S. Momentum ETF,ETF,NASDAQ
FMUB,Fidelity Municipal Bond Opportunities ETF,ETF,NASDAQ
FMUN,Fidelity Systematic Municipal Bond Index ETF,ETF,NASDAQ
FNGR,"FingerMotion, Inc. - common stock",EQUITY,NASDAQ
FNK,First Trust Mid Cap Value AlphaDEX Fund,ETF,NASDAQ
FNKO,"Funko, Inc. - Class A Common Stock",EQUITY,NASDAQ
FNLC,"First Bancorp, Inc (ME) - Common Stock",EQUITY,NASDAQ
FNRN,First Northern Community Bancorp - Common stock,EQUITY,NASDAQ
FNUC,Frontier Nuclear and Minerals Inc. - Common Shares,EQUITY,NASDAQ
FNWB,First Northwest Bancorp - Common Stock,EQUITY,NASDAQ
FNWD,Finward Bancorp - common stock,EQUITY,NASDAQ
FNX,First Trust Mid Cap Core AlphaDEX Fund,ETF,NASDAQ
FNY,First Trust Mid Cap Growth AlphaDEX Fund,ETF,NASDAQ
FOCL,"EDAP TMS S.A. - American Depositary Shares, each representing One Ordinary Share",EQUITY,NASDAQ
FOFO,"Hang Feng Technology Innovation Co., Ltd. - Ordinary Shares",EQUITY,NASDAQ
FORM,"FormFactor, Inc. - Common Stock",EQUITY,NASDAQ
FORR,"Forrester Research, Inc. - Common Stock",EQUITY,NASDAQ
FORTY,Formula Systems (1985) Ltd. - American Depositary Shares,EQUITY,NASDAQ
FOSL,"Fossil Group, Inc. - Common Stock",EQUITY,NASDAQ
FOX,Fox Corporation - Class B Common Stock,EQUITY,NASDAQ
FOXA,Fox Corporation - Class A Common Stock,EQUITY,NASDAQ
FOXF,Fox Factory Holding Corp. - Common Stock,EQUITY,NASDAQ
FOXX,Foxx Development Holdings Inc. - Common Stock,EQUITY,NASDAQ
FPA,First Trust Asia Pacific Ex-Japan AlphaDEX Fund,ETF,NASDAQ
FPXE,First Trust IPOX Europe Equity Opportunities ETF,ETF,NASDAQ
FPXI,First Trust International Equity Opportunities ETF,ETF,NASDAQ
FRAF,Franklin Financial Services Corporation - Common Stock,EQUITY,NASDAQ
FRBA,First Bank  - Common Stock,EQUITY,NASDAQ
FRBT,"Forbright, Inc. - Class A Common Stock",EQUITY,NASDAQ
FRD,Friedman Industries Inc. - Common Stock,EQUITY,NASDAQ
FREI,Fidelity Real Estate Income ETF,ETF,NASDAQ
FRGT,"Freight Technologies, Inc. - Ordinary Shares",EQUITY,NASDAQ
FRHC,Freedom Holding Corp. - Common Stock,EQUITY,NASDAQ
FRME,First Merchants Corporation - Common Stock,EQUITY,NASDAQ
FRMI,Fermi Inc. - Common Stock,EQUITY,NASDAQ
FRMM,"Forum Markets, Incorporated - Common Stock",EQUITY,NASDAQ
FRNM,"Freenome, Inc. - Common stock",EQUITY,NASDAQ
FROG,JFrog Ltd. - Ordinary shares,EQUITY,NASDAQ
FRPH,"FRP Holdings, Inc. - Common Stock",EQUITY,NASDAQ
FRPT,"Freshpet, Inc. - Common Stock",EQUITY,NASDAQ
FRSH,Freshworks Inc. - Class A Common Stock,EQUITY,NASDAQ
FRST,Primis Financial Corp. - Common Stock,EQUITY,NASDAQ
FRSX,Foresight Autonomous Holdings Ltd. - American Depositary Shares,EQUITY,NASDAQ
FRTT,Fort Technology Inc. - Common Shares,EQUITY,NASDAQ
FRVO,Fervo Energy Company - Class A common stock,EQUITY,NASDAQ
FRWD,Nomura Transformational Technologies ETF,ETF,NASDAQ
FSBC,Five Star Bancorp - Common Stock,EQUITY,NASDAQ
FSBW,"FS Bancorp, Inc. - Common Stock",EQUITY,NASDAQ
FSCS,First Trust SMID Capital Strength ETF,ETF,NASDAQ
FSEA,"First Seacoast Bancorp, Inc. - Common Stock",EQUITY,NASDAQ
FSGS,First Trust SMID Growth Strength ETF,ETF,NASDAQ
FSHP,Flag Ship Acquisition Corp. - Ordinary Shares,EQUITY,NASDAQ
FSLR,"First Solar, Inc. - Common Stock",EQUITY,NASDAQ
FSLY,"Fastly, Inc. - Class A Common Stock",EQUITY,NASDAQ
FSTB,Fidelity Short-Term Bond ETF,ETF,NASDAQ
FSTR,L.B. Foster Company - Common Stock,EQUITY,NASDAQ
FSUN,FirstSun Capital Bancorp - Common Stock,EQUITY,NASDAQ
FSV,FirstService Corporation - Common Shares,EQUITY,NASDAQ
FSZ,First Trust Switzerland AlphaDEX Fund,ETF,NASDAQ
FTA,First Trust Large Cap Value AlphaDEX Fund,ETF,NASDAQ
FTAG,First Trust Indxx Global Agriculture ETF,ETF,NASDAQ
FTAI,FTAI Aviation Ltd. - Common Stock,EQUITY,NASDAQ
FTC,First Trust Large Cap Growth AlphaDEX Fund,ETF,NASDAQ
FTCI,"FTC Solar, Inc. - Common Stock",EQUITY,NASDAQ
FTCS,First Trust Capital Strength ETF,ETF,NASDAQ
FTDR,"Frontdoor, Inc. - Common Stock",EQUITY,NASDAQ
FTDS,First Trust Dividend Strength ETF,ETF,NASDAQ
FTEK,"Fuel Tech, Inc. - Common Stock",EQUITY,NASDAQ
FTFT,Future FinTech Group Inc. - Common Stock,EQUITY,NASDAQ
FTG,FullerThaler Behavioral Growth ETF,ETF,NASDAQ
FTGC,First Trust Global Tactical Commodity Strategy Fund,ETF,NASDAQ
FTGS,First Trust Growth Strength ETF,ETF,NASDAQ
FTH,"Faeth Therapeutics, Inc.  - Common Stock",EQUITY,NASDAQ
FTHA,Forefront Tech Holdings Acquisition Corp - Class A Ordinary Shares,EQUITY,NASDAQ
FTHI,First Trust BuyWrite Income ETF,ETF,NASDAQ
FTHM,Fathom Holdings Inc. - Common Stock,EQUITY,NASDAQ
FTLF,"FitLife Brands, Inc. - Common Stock",EQUITY,NASDAQ
FTNT,"Fortinet, Inc. - Common Stock",EQUITY,NASDAQ
FTQI,First Trust Nasdaq BuyWrite Income ETF,ETF,NASDAQ
FTRE,Fortrea Holdings Inc. - Common Stock,EQUITY,NASDAQ
FTRI,First Trust Indxx Global Natural Resources Income ETF,ETF,NASDAQ
FTSL,First Trust Senior Loan Fund,ETF,NASDAQ
FTSM,First Trust Enhanced Short Maturity ETF,ETF,NASDAQ
FTXG,First Trust Nasdaq Food & Beverage ETF,ETF,NASDAQ
FTXH,First Trust Nasdaq Pharmaceuticals ETF,ETF,NASDAQ
FTXL,First Trust Nasdaq Semiconductor ETF,ETF,NASDAQ
FTXN,First Trust Nasdaq Oil & Gas ETF,ETF,NASDAQ
FTXO,First Trust Nasdaq Bank ETF,ETF,NASDAQ
FTXR,First Trust Nasdaq Transportation ETF,ETF,NASDAQ
FUFU,BitFuFu Inc. - Class A Ordinary Shares,EQUITY,NASDAQ
FULC,"Fulcrum Therapeutics, Inc. - Common Stock",EQUITY,NASDAQ
FULT,Fulton Financial Corporation - Common Stock,EQUITY,NASDAQ
FUND,"Sprott Focus Trust, Inc. - Closed End Fund",EQUITY,NASDAQ
FUSB,"First US Bancshares, Inc. - Common Stock",EQUITY,NASDAQ
FUSE,Fusemachines Inc. - Common stock,EQUITY,NASDAQ
FUTG,Leverage Shares 2x Long FUTU Daily ETF,ETF,NASDAQ
FUTU,Futu Holdings Limited - American Depositary Shares,EQUITY,NASDAQ
FV,First Trust Dorsey Wright Focus 5 ETF,ETF,NASDAQ
FVAV,Fortress Value Acquisition Corp. V - Class A Ordinary Shares,EQUITY,NASDAQ
FVC,First Trust Dorsey Wright Dynamic Focus 5 ETF,ETF,NASDAQ
FVCB,"FVCBankcorp, Inc. - Common Stock",EQUITY,NASDAQ
FVN,Future Vision II Acquisition Corporation - Ordinary Shares,EQUITY,NASDAQ
FWAC,Futurewave Acquisition Corporation - Ordinary Shares,EQUITY,NASDAQ
FWDI,"Forward Industries, Inc. - Common Stock",EQUITY,NASDAQ
FWONA,Liberty Media Corporation - Series A Common Stock,EQUITY,NASDAQ
FWONK,Liberty Media Corporation - Series C Common Stock,EQUITY,NASDAQ
FWRD,Forward Air Corporation - Common Stock,EQUITY,NASDAQ
FWRG,"First Watch Restaurant Group, Inc. - Common Stock",EQUITY,NASDAQ
FXAC,FortuneX Acquisition Corporation - Ordinary shares,EQUITY,NASDAQ
FXHO,UTime Limited - Class A Ordinary Shares,EQUITY,NASDAQ
FXNC,First National Corporation - Common Stock,EQUITY,NASDAQ
FYC,First Trust Small Cap Growth AlphaDEX Fund,ETF,NASDAQ
FYT,First Trust Small Cap Value AlphaDEX Fund,ETF,NASDAQ
FYX,First Trust Small Cap Core AlphaDEX Fund,ETF,NASDAQ
GABC,"German American Bancorp, Inc. - Common Stock",EQUITY,NASDAQ
GAIA,"Gaia, Inc. - Class A Common Stock",EQUITY,NASDAQ
GAIN,Gladstone Investment Corporation - Business Development Company,EQUITY,NASDAQ
GALT,Galectin Therapeutics Inc. - Common Stock,EQUITY,NASDAQ
GAME,"GameSquare Holdings, Inc. - Common stock",EQUITY,NASDAQ
GANX,"Gain Therapeutics, Inc. - Common Stock",EQUITY,NASDAQ
GARY,Mango Growth ETF,ETF,NASDAQ
GASS,"StealthGas, Inc. - common stock",EQUITY,NASDAQ
GAUZ,Gauzy Ltd. - Ordinary Shares,EQUITY,NASDAQ
GAVA,Grayscale Avalanche Staking ETF,ETF,NASDAQ
GBDC,"Golub Capital BDC, Inc. - Closed End Fund",EQUITY,NASDAQ
GBFH,GBank Financial Holdings Inc. - Common Stock,EQUITY,NASDAQ
GBLI,"Global Indemnity Group, LLC - Class A Common Shares",EQUITY,NASDAQ
GBUG,Sprott Active Gold & Silver Miners ETF,ETF,NASDAQ
GCBC,"Greene County Bancorp, Inc. - Common Stock",EQUITY,NASDAQ
GCGR,General Catalyst Global Resilience Merger Corp. - Class A Ordinary Shares,EQUITY,NASDAQ
GCL,GCL Global Holdings Ltd - Ordinary Shares,EQUITY,NASDAQ
GCMG,GCM Grosvenor Inc. - Class A Common Stock,EQUITY,NASDAQ
GCT,GigaCloud Technology Inc - Class A Ordinary Shares,EQUITY,NASDAQ
GCTK,"GlucoTrack, Inc. - Common Stock",EQUITY,NASDAQ
GDC,GD Culture Group Limited - Common Stock,EQUITY,NASDAQ
GDEV,GDEV Inc. - Ordinary Shares,EQUITY,NASDAQ
GDHG,Golden Heaven Group Holdings Ltd.  - Class A Ordinary Shares,EQUITY,NASDAQ
GDRX,"GoodRx Holdings, Inc. - Class A Common Stock",EQUITY,NASDAQ
GDS,GDS Holdings Limited - American Depositary Shares,EQUITY,NASDAQ
GDTC,CytoMed Therapeutics Limited - Ordinary Shares,EQUITY,NASDAQ
GDYN,"Grid Dynamics Holdings, Inc. - Class A Common Stock",EQUITY,NASDAQ
GECC,Great Elm Capital Corp. - Closed End Fund,EQUITY,NASDAQ
GEG,"Great Elm Group, Inc.  - Common Stock",EQUITY,NASDAQ
GEHC,GE HealthCare Technologies Inc. - Common Stock,EQUITY,NASDAQ
GELS,Gelteq Limited - Ordinary Shares,EQUITY,NASDAQ
GEME,Pacific North of South EM Equity Active ETF,ETF,NASDAQ
GEMG,Leverage Shares 2X Long GEMI Daily ETF,ETF,NASDAQ
GEMI,"Gemini Space Station, Inc. - Class A Common Stock",EQUITY,NASDAQ
GEMQ,Goldman Sachs Data Enhanced Emerging Markets Equity ETF,ETF,NASDAQ
GEN,Gen Digital Inc. - Common Stock,EQUITY,NASDAQ
GENB,"Generate Biomedicines, Inc. - Common Stock",EQUITY,NASDAQ
GENK,"GEN Restaurant Group, Inc. - Class A Common Stock",EQUITY,NASDAQ
GENZ,VanEck Digital Native Economy ETF,ETF,NASDAQ
GEOS,Geospace Technologies Corporation - Common Stock,EQUITY,NASDAQ
GEQ,Cambria Global EW 2 ETF,ETF,NASDAQ
GERN,Geron Corporation - Common Stock,EQUITY,NASDAQ
GEVG,Leverage Shares 2X Long GEV Daily ETF,ETF,NASDAQ
GEVO,"Gevo, Inc. - Common Stock",EQUITY,NASDAQ
GEW,Cambria Global EW ETF,ETF,NASDAQ
GFAI,"Guardforce AI Co., Limited - Ordinary Shares",EQUITY,NASDAQ
GFGF,Guru Favorite Stocks ETF,ETF,NASDAQ
GFLW,VictoryShares Free Cash Flow Growth ETF,ETF,NASDAQ
GFS,GlobalFoundries Inc. - Ordinary Share,EQUITY,NASDAQ
GFUZ,General Fusion Group Ltd. - Common Shares,EQUITY,NASDAQ
GGAL,"Grupo Financiero Galicia S.A. - American Depositary Shares, Class B Shares underlying",EQUITY,NASDAQ
GGLL,Direxion Daily GOOGL Bull 2X ETF,ETF,NASDAQ
GGLS,Direxion Daily GOOGL Bear 1X ETF,ETF,NASDAQ
GGR,Gogoro Inc. - Ordinary Shares,EQUITY,NASDAQ
GH,"Guardant Health, Inc. - Common Stock",EQUITY,NASDAQ
GHRS,GH Research PLC - Ordinary Shares,EQUITY,NASDAQ
GHXI,"Gores Holdings XI, Inc. - Class A Ordinary Shares",EQUITY,NASDAQ
GIBO,GIBO Holdings Limited - Class A Ordinary Shares,EQUITY,NASDAQ
GIEQ,Goldman Sachs Data Enhanced International Equity ETF,ETF,NASDAQ
GIFT,"Giftify, Inc. - Common Stock",EQUITY,NASDAQ
GIGM,GigaMedia Limited - Ordinary Shares,EQUITY,NASDAQ
GIII,"G-III Apparel Group, LTD. - Common Stock",EQUITY,NASDAQ
GILD,"Gilead Sciences, Inc. - Common Stock",EQUITY,NASDAQ
GILT,Gilat Satellite Networks Ltd. - Ordinary Shares,EQUITY,NASDAQ
GIND,Goldman Sachs India Equity ETF,ETF,NASDAQ
GINX,SGI Enhanced Global Income ETF,ETF,NASDAQ
GIPR,Generation Income Properties Inc. - Common stock,EQUITY,NASDAQ
GITS,"Global Interactive Technologies, Inc. Common Stock - Common Stock",EQUITY,NASDAQ
GIW,GigCapital8 Corp. - Class A Ordinary Shares,EQUITY,NASDAQ
GIX,GigCapital9 Corp. - Class A Ordinary Share,EQUITY,NASDAQ
GIXI,Gix Internet Ltd. - Ordinary Shares,EQUITY,NASDAQ
GKAT,Scharf Global Opportunity ETF,ETF,NASDAQ
GLAD,Gladstone Capital Corporation - Closed End Fund,EQUITY,NASDAQ
GLBE,Global-E Online Ltd. - ordinary shares,EQUITY,NASDAQ
GLBS,Globus Maritime Limited - Common Stock,EQUITY,NASDAQ
GLCR,GlacierShares Nasdaq Iceland ETF,ETF,NASDAQ
GLDB,IDX Alternative FIAT ETF,ETF,NASDAQ
GLDI,"ETRACS Gold Shares Covered Call ETNs due February 2, 2033",ETF,NASDAQ
GLE,Global Engine Group Holding Limited - Class A Ordinary Shares,EQUITY,NASDAQ
GLGG,Leverage Shares 2X Long GLXY Daily ETF,ETF,NASDAQ
GLIBA,Liberty Capital Corporation - Series A GCI Group Common Stock,EQUITY,NASDAQ
GLIBK,Liberty Capital Corporation - Series C GCI Group Common Stock,EQUITY,NASDAQ
GLND,Greenland Energy Company - Common Stock,EQUITY,NASDAQ
GLNG,Golar LNG Limited - Common Shares,EQUITY,NASDAQ
GLOO,"Gloo Holdings, Inc. - Common Stock",EQUITY,NASDAQ
GLOW,VictoryShares WestEnd Global Equity ETF,ETF,NASDAQ
GLPI,"Gaming and Leisure Properties, Inc. - Common Stock",EQUITY,NASDAQ
GLRE,"Greenlight Reinsurance, Ltd. - Class A Ordinary Shares",EQUITY,NASDAQ
GLSI,"Greenwich LifeSciences, Inc. - Common stock",EQUITY,NASDAQ
GLUE,"Monte Rosa Therapeutics, Inc. - Common Stock",EQUITY,NASDAQ
GLWG,Leverage Shares 2X Long GLW Daily ETF,ETF,NASDAQ
GLXG,Galaxy Payroll Group Limited - Class A Ordinary Shares,EQUITY,NASDAQ
GLXY,Galaxy Digital Inc. - Class A common stock,EQUITY,NASDAQ
GMAB,Genmab A/S - American Depositary Shares,EQUITY,NASDAQ
GMEX,GMEX ROBOTICS CORPORATION - Class A Ordinary Shares,EQUITY,NASDAQ
GMHS,Gamehaus Holdings Inc. - Class A Ordinary Shares,EQUITY,NASDAQ
GMM,Global Mofy AI Limited  - Class A Ordinary Shares,EQUITY,NASDAQ
GNLN,"Greenlane Holdings, Inc. - Class A Common Stock",EQUITY,NASDAQ
GNLX,Genelux Corporation - Common Stock,EQUITY,NASDAQ
GNMA,iShares GNMA Bond ETF,ETF,NASDAQ
GNOM,Global X Genomics & Biotechnology ETF,ETF,NASDAQ
GNPX,"Genprex, Inc. - Common Stock",EQUITY,NASDAQ
GNSS,Genasys Inc. - Common Stock,EQUITY,NASDAQ
GNTA,Genenta Science S.p.A. - American Depositary Shares,EQUITY,NASDAQ
GNTX,Gentex Corporation - Common Stock,EQUITY,NASDAQ
GO,Grocery Outlet Holding Corp. - Common Stock,EQUITY,NASDAQ
GOAI,Eva Live Inc. - Common Stock,EQUITY,NASDAQ
GOGO,Gogo Inc. - Common Stock,EQUITY,NASDAQ
GOLI,Defiance Gold Enhanced Options Income ETF,ETF,NASDAQ
GOOD,Gladstone Commercial Corporation - Real Estate Investment Trust,EQUITY,NASDAQ
GOOG,Alphabet Inc. - Class C Capital Stock,EQUITY,NASDAQ
GOOGL,Alphabet Inc. - Class A Common Stock,EQUITY,NASDAQ
GOSS,"Gossamer Bio, Inc. - Common Stock",EQUITY,NASDAQ
GOU,GraniteShares 2x Long GOOGL Daily ETF,ETF,NASDAQ
GOVI,Invesco Equal Weight 0-30 Year Treasury ETF,ETF,NASDAQ
GOVX,"GeoVax Labs, Inc. - Common Stock",EQUITY,NASDAQ
GP,GreenPower Motor Company Inc. - Common Shares,EQUITY,NASDAQ
GPAC,General Purpose Acquisition Corp. - Class A Ordinary Shares,EQUITY,NASDAQ
GPAT,GP-Act III Acquisition Corp. - Class A Ordinary Share,EQUITY,NASDAQ
GPCR,Structure Therapeutics Inc. - American Depositary Shares,EQUITY,NASDAQ
GPIQ,Goldman Sachs Nasdaq-100 Premium Income ETF,ETF,NASDAQ
GPIX,Goldman Sachs S&P 500 Premium Income ETF,ETF,NASDAQ
GPRE,"Green Plains, Inc. - Common Stock",EQUITY,NASDAQ
GPRO,"GoPro, Inc. - Class A Common Stock",EQUITY,NASDAQ
GPT,Intelligent Alpha Atlas ETF,ETF,NASDAQ
GQQQ,Astoria US Quality Growth Kings ETF,ETF,NASDAQ
GRAB,Grab Holdings Limited - Class A Ordinary Shares,EQUITY,NASDAQ
GRAG,Leverage Shares 2X Long GRAB Daily ETF,ETF,NASDAQ
GRAL,"GRAIL, Inc. - Common Stock",EQUITY,NASDAQ
GRAN,Grande Group Limited - Class A Ordinary Shares,EQUITY,NASDAQ
GRCE,"Grace Therapeutics, Inc. - Common Stock",EQUITY,NASDAQ
GRDX,GridAI Technologies Corp.  - Common Stock,EQUITY,NASDAQ
GRFS,"Grifols, S.A. - American Depositary Shares",EQUITY,NASDAQ
GRI,"GRI Bio, Inc. - Common Stock",EQUITY,NASDAQ
GRID,First Trust NASDAQ Clean Edge Smart Grid Infrastructure Index Fund,ETF,NASDAQ
GRIN,VictoryShares International Free Cash Flow Growth ETF,ETF,NASDAQ
GRML,Greenland Mines Ltd - Common Stock,EQUITY,NASDAQ
GRNQ,Greenpro Capital Corp. - Common Stock,EQUITY,NASDAQ
GROW,"U.S. Global Investors, Inc. - Class A Common Stock",EQUITY,NASDAQ
GRPN,"Groupon, Inc. - Common Stock",EQUITY,NASDAQ
GRRR,Gorilla Technology Group Inc. - Ordinary shares,EQUITY,NASDAQ
GRSD,Grandstand Limited - Ordinary Shares,EQUITY,NASDAQ
GRVY,"GRAVITY Co., Ltd. - American depositary shares, each representing one common share.",EQUITY,NASDAQ
GRW,TCW Durable Growth ETF,ETF,NASDAQ
GRWG,GrowGeneration Corp. - Common Stock,EQUITY,NASDAQ
GSAT,"Globalstar, Inc. - Common Stock",EQUITY,NASDAQ
GSBC,"Great Southern Bancorp, Inc. - Common Stock",EQUITY,NASDAQ
GSGO,Goldman Sachs Growth Opportunities ETF,ETF,NASDAQ
GSHD,"Goosehead Insurance, Inc. - Class A Common Stock",EQUITY,NASDAQ
GSHR,Gesher Acquisition Corp. II - Class A Ordinary Shares,EQUITY,NASDAQ
GSIB,Themes Global Systemically Important Banks ETF,ETF,NASDAQ
GSIT,"GSI Technology, Inc. - Common Stock",EQUITY,NASDAQ
GSIW,Garden Stage Limited - Class A Ordinary Shares,EQUITY,NASDAQ
GSM,Ferroglobe PLC - Ordinary Shares,EQUITY,NASDAQ
GSRF,GSR IV Acquisition Corp. - Class A ordinary share,EQUITY,NASDAQ
GSRV,GSR V Acquisition Corp. - Class A ordinary shares,EQUITY,NASDAQ
GSUN,Golden Sun Technology Group Limited - Class A Ordinary Shares,EQUITY,NASDAQ
GT,The Goodyear Tire & Rubber Company - Common Stock,EQUITY,NASDAQ
GTBP,"GT Biopharma, Inc. - Common Stock",EQUITY,NASDAQ
GTEC,Greenland Technologies Holding Corporation - Class A Ordinary Shares,EQUITY,NASDAQ
GTEN,"Gores Holdings X, Inc. - Class A ordinary shares",EQUITY,NASDAQ
GTERA,Globa Terra Acquisition Corporation - Class A Ordinary Shares,EQUITY,NASDAQ
GTIM,Good Times Restaurants Inc. - Common Stock,EQUITY,NASDAQ
GTLB,GitLab Inc. - Class A Common Stock,EQUITY,NASDAQ
GTM,ZoomInfo Technologies Inc. - Common Stock,EQUITY,NASDAQ
GTOP,Goldman Sachs Technology Opportunities ETF,ETF,NASDAQ
GTOQ,Invesco High Yield Systematic Bond ETF,ETF,NASDAQ
GTPE,Goldman Sachs MSCI World Private Equity Return Tracker ETF,ETF,NASDAQ
GTR,WisdomTree Target Range Fund,ETF,NASDAQ
GTX,Garrett Motion Inc. - Common Stock,EQUITY,NASDAQ
GUAC,Berto Acquisition Corp. II - Ordinary Shares,EQUITY,NASDAQ
GURE,"Gulf Resources, Inc. - Common Stock",EQUITY,NASDAQ
GUSE,Goldman Sachs Enhanced U.S. Equity ETF,ETF,NASDAQ
GUTS,"Fractyl Health, Inc. - Common Stock",EQUITY,NASDAQ
GVH,Globavend Holdings Limited - Ord Shares,EQUITY,NASDAQ
GVLE,Goldman Sachs Value Opportunities ETF,ETF,NASDAQ
GWAV,"Greenwave Technology Solutions, Inc. - Common Stock",EQUITY,NASDAQ
GWRS,"Global Water Resources, Inc. - common stock",EQUITY,NASDAQ
GXAI,Gaxos.ai Inc. - Common Stock,EQUITY,NASDAQ
GXDW,Global X Dorsey Wright Thematic ETF,ETF,NASDAQ
GYGY,"Game Your Game, Inc. - Common Stock",EQUITY,NASDAQ
GYRE,"Gyre Therapeutics, Inc. - Common Stock",EQUITY,NASDAQ
GYRO,"Gyrodyne , LLC - Common Stock",EQUITY,NASDAQ
HACQ,HCM IV Acquisition Corp. - Class A Ordinary Share,EQUITY,NASDAQ
HAFC,Hanmi Financial Corporation - Common Stock,EQUITY,NASDAQ
HAIN,"The Hain Celestial Group, Inc. - Common Stock",EQUITY,NASDAQ
HALO,"Halozyme Therapeutics, Inc. - Common Stock",EQUITY,NASDAQ
HAO,Haoxi Health Technology Limited - Class A Ord Share,EQUITY,NASDAQ
HAPN,"Happen, Inc. - Common Stock",EQUITY,NASDAQ
HAS,"Hasbro, Inc. - Common Stock",EQUITY,NASDAQ
HAVA,Harvard Ave Acquisition Corporation - Class A Ordinary Share,EQUITY,NASDAQ
HBAN,Huntington Bancshares Incorporated - Common Stock,EQUITY,NASDAQ
HBCP,"Home Bancorp, Inc. - Common Stock",EQUITY,NASDAQ
HBDC,Hilton BDC Corporate Bond ETF,ETF,NASDAQ
HBIO,"Harvard Bioscience, Inc. - Common Stock",EQUITY,NASDAQ
HBNB,Hotel101 Global Holdings Corp. - Class A Ordinary Shares,EQUITY,NASDAQ
HBNC,"Horizon Bancorp, Inc. - Common Stock",EQUITY,NASDAQ
HBR,Canary HBAR ETF,ETF,NASDAQ
HBT,"HBT Financial, Inc. - Common Stock",EQUITY,NASDAQ
HCAC,Hall Chadwick Acquisition Corp. - Class A Ordinary Shares,EQUITY,NASDAQ
HCAI,"Huachen AI Parking Management Technology Holding Co., Ltd. - Class A Ordinary Shares",EQUITY,NASDAQ
HCAT,"Health Catalyst, Inc - Common stock",EQUITY,NASDAQ
HCHL,Happy City Holdings Limited - Class A Ordinary shares,EQUITY,NASDAQ
HCIC,Hennessy Capital Investment Corp. VIII - Class A Ordinary Shares,EQUITY,NASDAQ
HCKT,"The Hackett Group, Inc. - Common Stock",EQUITY,NASDAQ
HCM,HUTCHMED (China) Limited - American Depositary Shares,EQUITY,NASDAQ
HCMA,HCM III Acquisition Corp. - Class A Ordinary Share,EQUITY,NASDAQ
HCOW,Amplify COWS Covered Call ETF,ETF,NASDAQ
HCSG,"Healthcare Services Group, Inc. - Common Stock",EQUITY,NASDAQ
HCTI,"Healthcare Triangle, Inc. - Common Stock",EQUITY,NASDAQ
HCWB,HCW Biologics Inc. - Common Stock,EQUITY,NASDAQ
HDL,SUPER HI INTERNATIONAL HOLDING LTD. - American Depositary Shares,EQUITY,NASDAQ
HDRN,"Hadron Energy, Inc. - Common Stock",EQUITY,NASDAQ
HDSN,"Hudson Technologies, Inc. - Common Stock",EQUITY,NASDAQ
HEAL,Global X HealthTech ETF,ETF,NASDAQ
HECO,State Street Galaxy Hedged Digital Asset Ecosystem ETF,ETF,NASDAQ
HELE,Helen of Troy Limited - Common Stock,EQUITY,NASDAQ
HELP,Cybin Inc. - Common Stock,EQUITY,NASDAQ
HEPS,D-Market Electronic Services & Trading - American Depositary Shares,EQUITY,NASDAQ
HEQQ,JPMorgan Nasdaq Hedged Equity Laddered Overlay ETF,ETF,NASDAQ
HERD,Pacer Cash Cows Fund of Funds ETF,ETF,NASDAQ
HERE,Here Group Limited - American Depositary Shares,EQUITY,NASDAQ
HERO,Global X Video Games & Esports ETF,ETF,NASDAQ
HERZ,"Herzfeld Credit Income Fund, Inc.  - Closed End Fund",EQUITY,NASDAQ
HFBL,"Home Federal Bancorp, Inc. of Louisiana - Common Stock",EQUITY,NASDAQ
HFFG,HF Foods Group Inc. - Common Stock,EQUITY,NASDAQ
HFSP,TradersAI Large Cap Equity & Cash ETF,ETF,NASDAQ
HFWA,Heritage Financial Corporation - Common Stock,EQUITY,NASDAQ
HGBL,Heritage Global Inc. - Common Stock,EQUITY,NASDAQ
HHS,"Harte Hanks, Inc. - Common Stock",EQUITY,NASDAQ
HIDE,Alpha Architect High Inflation and Deflation ETF,ETF,NASDAQ
HIFS,Hingham Institution for Savings - Common Stock,EQUITY,NASDAQ
HIHO,Highway Holdings Limited - Common Stock,EQUITY,NASDAQ
HIMX,"Himax Technologies, Inc. - American depositary shares, each of which represents two ordinary shares.",EQUITY,NASDAQ
HIMZ,Defiance Daily Target 2X Long HIMS ETF,ETF,NASDAQ
HIND,"Vyome Holdings, Inc. - Common Stock",EQUITY,NASDAQ
HIS,Humilis US Focused Opportunities ETF,ETF,NASDAQ
HISF,First Trust High Income Strategic Focus ETF,ETF,NASDAQ
HIT,"Health In Tech, Inc. - Class A Common Stock",EQUITY,NASDAQ
HITI,High Tide Inc. - Common Shares,EQUITY,NASDAQ
HIVE,HIVE Digital Technologies Ltd - Common Shares,EQUITY,NASDAQ
HKIT,Hitek Global Inc. - Class A Ordinary Share,EQUITY,NASDAQ
HKPD,"Cellyan Biotechnology Co., Ltd  - Class A Ordinary Shares",EQUITY,NASDAQ
HLAL,Wahed FTSE USA Shariah ETF,ETF,NASDAQ
HLIT,Harmonic Inc. - Common Stock,EQUITY,NASDAQ
HLMN,Hillman Solutions Corp. - Common Stock,EQUITY,NASDAQ
HLNE,Hamilton Lane Incorporated - Class A Common Stock,EQUITY,NASDAQ
HLP,Hongli Group Inc. - Class A Ordinary Shares,EQUITY,NASDAQ
HLTH,Tema Healthcare AI ETF,ETF,NASDAQ
HLXC,Helix Acquisition Corp. III - Class A Ordinary Shares,EQUITY,NASDAQ
HMH,HMH Holding Inc. - Common Stock,EQUITY,NASDAQ
HMR,Heidmar Maritime Holdings Corp. - Common Stock,EQUITY,NASDAQ
HMYY,GraniteShares YieldBoost HIMS ETF,ETF,NASDAQ
HNDL,Strategy Shares Nasdaq 7HANDL Index ETF,ETF,NASDAQ
HNNA,"Hennessy Advisors, Inc. - Common Stock",EQUITY,NASDAQ
HNRG,Hallador Energy Company - Common Stock,EQUITY,NASDAQ
HNST,"The Honest Company, Inc. - Common Stock",EQUITY,NASDAQ
HNVR,"Hanover Bancorp, Inc. - Common Stock",EQUITY,NASDAQ
HODO,House of Doge Inc. - Common Stock,EQUITY,NASDAQ
HODU,Direxion Daily HOOD Bull 2X ETF,ETF,NASDAQ
HOFT,Hooker Furnishings Corporation - Common Stock,EQUITY,NASDAQ
HOLO,MicroCloud Hologram Inc. - Ordinary Shares,EQUITY,NASDAQ
HON,Honeywell International Inc. - Common Stock,EQUITY,NASDAQ
HONA,Honeywell Aerospace Inc. - Common Stock,EQUITY,NASDAQ
HOOD,"Robinhood Markets, Inc. - Class A Common Stock",EQUITY,NASDAQ
HOOG,Leverage Shares 2X Long HOOD Daily ETF,ETF,NASDAQ
HOOX,Defiance Daily Target 2X Long HOOD ETF,ETF,NASDAQ
HOPE,"Hope Bancorp, Inc. - Common Stock",EQUITY,NASDAQ
HOUR,"Hour Loop, Inc. - common stock",EQUITY,NASDAQ
HOVR,New Horizon Aircraft Ltd. - Class A Ordinary Shares,EQUITY,NASDAQ
HOWL,"Werewolf Therapeutics, Inc. - Common Stock",EQUITY,NASDAQ
HOYY,GraniteShares YieldBOOST HOOD ETF,ETF,NASDAQ
HPAI,Helport AI Limited - Ordinary Shares,EQUITY,NASDAQ
HPK,"HighPeak Energy, Inc. - Common Stock",EQUITY,NASDAQ
HQ,Horizon Quantum Holdings Ltd. - Class A Ordinary Shares,EQUITY,NASDAQ
HQDG,Raub Brock Dividend Growth ETF,ETF,NASDAQ
HQGO,Hartford US Quality Growth ETF,ETF,NASDAQ
HQI,"HireQuest, Inc. - Common Stock",EQUITY,NASDAQ
HQY,"HealthEquity, Inc. - Common Stock",EQUITY,NASDAQ
HRMY,"Harmony Biosciences Holdings, Inc. - Common Stock",EQUITY,NASDAQ
HROW,"Harrow, Inc. - Common Stock",EQUITY,NASDAQ
HRTS,Tema Heart & Health ETF,ETF,NASDAQ
HRTX,"Heron Therapeutics, Inc.   - Common Stock",EQUITY,NASDAQ
HRZN,Horizon Technology Finance Corporation - Common Stock,EQUITY,NASDAQ
HSAI,Hesai Group - American Depositary Share,EQUITY,NASDAQ
HSCS,HeartSciences Inc. - Common Stock,EQUITY,NASDAQ
HSDT,Solana Company - Class A Common Stock,EQUITY,NASDAQ
HSIC,"Henry Schein, Inc. - Common Stock",EQUITY,NASDAQ
HST,"Host Hotels & Resorts, Inc. - Common Stock",EQUITY,NASDAQ
HSTM,"HealthStream, Inc. - Common Stock",EQUITY,NASDAQ
HTCO,High-Trend International Group - Class A Ordinary Shares,EQUITY,NASDAQ
HTCR,"Heartcore Enterprises, Inc. - Common Stock",EQUITY,NASDAQ
HTFL,"Heartflow, Inc. - Common Stock",EQUITY,NASDAQ
HTHT,H World Group Limited - American Depositary Shares,EQUITY,NASDAQ
HTLD,"Heartland Express, Inc. - Common Stock",EQUITY,NASDAQ
HTLM,HomesToLife Ltd - Ordinary Shares,EQUITY,NASDAQ
HTO,H2O America  - Common Stock,EQUITY,NASDAQ
HTOO,Fusion Fuel Green PLC - Ordinary Shares,EQUITY,NASDAQ
HTZ,"Hertz Global Holdings, Inc - Common Stock",EQUITY,NASDAQ
HUBC,Hub Cyber Security Ltd. - Ordinary Shares,EQUITY,NASDAQ
HUBG,"Hub Group, Inc. - Class A Common Stock",EQUITY,NASDAQ
HUCK,"Huckleberry.ai, Inc. - Class B Common Stock",EQUITY,NASDAQ
HUDI,"Huadi International Group Co., Ltd. - Ordinary Shares",EQUITY,NASDAQ
HUHU,HUHUTECH International Group Inc. - Ordinary Shares,EQUITY,NASDAQ
HUIZ,Huize Holding Limited - American Depositary Shares,EQUITY,NASDAQ
HUMA,"Humacyte, Inc. - Common Stock",EQUITY,NASDAQ
HURA,"TuHURA Biosciences, Inc. - Common Stock",EQUITY,NASDAQ
HURC,"Hurco Companies, Inc. - Common Stock",EQUITY,NASDAQ
HURN,Huron Consulting Group Inc. - Common Stock,EQUITY,NASDAQ
HUT,Hut 8 Corp. - Common Stock,EQUITY,NASDAQ
HUTG,Leverage Shares 2X Long HUT Daily ETF,ETF,NASDAQ
HVMC,Highview Merger Corp. - Class A Ordinary Share,EQUITY,NASDAQ
HWBK,"Hawthorn Bancshares, Inc. - Common Stock",EQUITY,NASDAQ
HWC,Hancock Whitney Corporation - Common Stock,EQUITY,NASDAQ
HWGV,Hotchkis & Wiley Global Value Fund,ETF,NASDAQ
HWIV,Hotchkis & Wiley International Value Fund,ETF,NASDAQ
HWKN,"Hawkins, Inc. - Common Stock",EQUITY,NASDAQ
HWMV,Hotchkis & Wiley Mid-Cap Value Fund,ETF,NASDAQ
HWO,Hotchkis & Wiley Opportunities Fund,ETF,NASDAQ
HWSM,Hotchkis & Wiley SMID Cap Diversified Value Fund,ETF,NASDAQ
HXHX,Haoxin Holdings Limited - Class A Ordinary Shares,EQUITY,NASDAQ
HYBI,NEOS Enhanced Income Credit Select ETF,ETF,NASDAQ
HYDR,Global X Hydrogen ETF,ETF,NASDAQ
HYFM,"Hydrofarm Holdings Group, Inc. - Common Stock",EQUITY,NASDAQ
HYFT,MindWalk Holdings Corp. - Common Stock,EQUITY,NASDAQ
HYLS,First Trust Tactical High Yield ETF,ETF,NASDAQ
HYMC,Hycroft Mining Holding Corporation - Class A Common Stock,EQUITY,NASDAQ
HYNE,"Hoyne Bancorp, Inc. - Common Stock",EQUITY,NASDAQ
HYP,Golden Eagle Dynamic Hypergrowth ETF,ETF,NASDAQ
HYPD,"Hyperion DeFi, Inc. - Common Stock",EQUITY,NASDAQ
HYPG,Grayscale Hyperliquid Staking ETF,ETF,NASDAQ
HYPR,"Hyperfine, Inc.  - Class A Common Stock",EQUITY,NASDAQ
HYXF,iShares ESG Advanced High Yield Corporate Bond ETF,ETF,NASDAQ
HYZD,WisdomTree Interest Rate Hedged High Yield Bond Fund,ETF,NASDAQ
IA,"Innovative Solutions and Support, Inc. - Common Stock",EQUITY,NASDAQ
IACO,Idea Acquisition Corp. - Class A Ordinary Shares,EQUITY,NASDAQ
IACQ,Irenic Acquisition Corp. - Class A Ordinary Shares,EQUITY,NASDAQ
IALT,iShares Systematic Alternatives Active ETF,ETF,NASDAQ
IART,Integra LifeSciences Holdings Corporation - Common Stock,EQUITY,NASDAQ
IBAC,IB Acquisition Corp. - Common Stock,EQUITY,NASDAQ
IBAT,iShares Energy Storage & Materials ETF,ETF,NASDAQ
IBB,iShares Biotechnology ETF,ETF,NASDAQ
IBBQ,Invesco Nasdaq Biotechnology ETF,ETF,NASDAQ
IBCP,Independent Bank Corporation - Common Stock,EQUITY,NASDAQ
IBEX,IBEX Limited - Common Share,EQUITY,NASDAQ
IBG,Innovation Beverage Group Limited - Ordinary Shares,EQUITY,NASDAQ
IBGA,iShares iBonds Dec 2044 Term Treasury ETF,ETF,NASDAQ
IBGB,iShares iBonds Dec 2045 Term Treasury ETF,ETF,NASDAQ
IBGC,iShares iBonds Dec 2046 Term Treasury ETF,ETF,NASDAQ
IBGK,iShares iBonds Dec 2054 Term Treasury ETF,ETF,NASDAQ
IBGL,iShares iBonds Dec 2055 Term Treasury ETF,ETF,NASDAQ
IBGM,iShares iBonds Dec 2056 Term Treasury ETF,ETF,NASDAQ
IBIO,"iBio, Inc. - Common Stock",EQUITY,NASDAQ
IBIT,iShares Bitcoin Trust ETF,ETF,NASDAQ
IBKR,"Interactive Brokers Group, Inc. - Class A Common Stock",EQUITY,NASDAQ
IBOC,International Bancshares Corporation - Common Stock,EQUITY,NASDAQ
IBOT,VanEck Robotics ETF,ETF,NASDAQ
IBRX,"ImmunityBio, Inc. - Common Stock",EQUITY,NASDAQ
IBTG,iShares iBonds Dec 2026 Term Treasury ETF,ETF,NASDAQ
IBTH,iShares iBonds Dec 2027 Term Treasury ETF,ETF,NASDAQ
IBTI,iShares iBonds Dec 2028 Term Treasury ETF,ETF,NASDAQ
IBTJ,iShares iBonds Dec 2029 Term Treasury ETF,ETF,NASDAQ
IBTK,iShares iBonds Dec 2030 Term Treasury ETF,ETF,NASDAQ
IBTL,iShares iBonds Dec 2031 Term Treasury ETF,ETF,NASDAQ
IBTM,iShares iBonds Dec 2032 Term Treasury ETF,ETF,NASDAQ
IBTO,iShares iBonds Dec 2033 Term Treasury ETF,ETF,NASDAQ
IBTP,iShares iBonds Dec 2034 Term Treasury ETF,ETF,NASDAQ
IBTQ,iShares iBonds Dec 2035 Term Treasury ETF,ETF,NASDAQ
IBTR,iShares iBonds Dec 2036 Term Treasury ETF,ETF,NASDAQ
ICCC,ImmuCell Corporation - Common Stock,EQUITY,NASDAQ
ICCM,IceCure Medical Ltd. - Ordinary Shares,EQUITY,NASDAQ
ICFI,"ICF International, Inc. - Common Stock",EQUITY,NASDAQ
ICG,Intchains Group Limited - American Depositary Shares,EQUITY,NASDAQ
ICHR,Ichor Holdings - Ordinary Shares,EQUITY,NASDAQ
ICLN,iShares Global Clean Energy ETF,ETF,NASDAQ
ICLR,ICON plc - Ordinary Shares,EQUITY,NASDAQ
ICMB,"Investcorp Credit Management BDC, Inc. - Common Stock",EQUITY,NASDAQ
ICON,Icon Energy Corp. - Common stock,EQUITY,NASDAQ
ICOP,iShares Copper and Metals Mining ETF,ETF,NASDAQ
ICU,SeaStar Medical Holding Corporation - Common Stock,EQUITY,NASDAQ
ICUI,"ICU Medical, Inc. - Common Stock",EQUITY,NASDAQ
IDAC,Iron Dome Acquisition I Corp. - Class A Ordinary Shares,EQUITY,NASDAQ
IDAI,T Stamp Inc. - Class A Common Stock,EQUITY,NASDAQ
IDCC,"InterDigital, Inc. - Common Stock",EQUITY,NASDAQ
IDEF,iShares Defense Industrials and Tech Active ETF,ETF,NASDAQ
IDN,"Intellicheck, Inc. - Common Stock",EQUITY,NASDAQ
IDVY,First Trust International Rising Dividend Achievers ETF,ETF,NASDAQ
IDXX,"IDEXX Laboratories, Inc. - Common Stock",EQUITY,NASDAQ
IDYA,"IDEAYA Biosciences, Inc. - Common Stock",EQUITY,NASDAQ
IEAG,Infinite Eagle Acquisition Corp. - Class A Ordinary Shares,EQUITY,NASDAQ
IEF,iShares 7-10 Year Treasury Bond ETF,ETF,NASDAQ
IEI,iShares 3-7 Year Treasury Bond ETF,ETF,NASDAQ
IESC,"IES Holdings, Inc. - Common Stock",EQUITY,NASDAQ
IEUS,iShares MSCI Europe Small-Cap ETF,ETF,NASDAQ
IFBD,"Infobird Co., Ltd - Ordinary Shares",EQUITY,NASDAQ
IFGL,iShares International Developed Real Estate ETF,ETF,NASDAQ
IFLO,VictoryShares International Free Cash Flow ETF,ETF,NASDAQ
IFRX,InflaRx N.V. - Common Stock,EQUITY,NASDAQ
IFV,First Trust Dorsey Wright International Focus 5 ETF,ETF,NASDAQ
IGAC,Invest Green Acquisition Corporation - Class A Ordinary Shares,EQUITY,NASDAQ
IGF,iShares Global Infrastructure ETF,ETF,NASDAQ
IGIB,iShares 5-10 Year Investment Grade Corporate Bond ETF,ETF,NASDAQ
IGIC,International General Insurance Holdings Ltd. - Ordinary Shares,EQUITY,NASDAQ
IGOV,iShares International Treasury Bond ETF,ETF,NASDAQ
IGSB,iShares 1-5 Year Investment Grade Corporate Bond ETF,ETF,NASDAQ
IHRT,"iHeartMedia, Inc. - Class A Common Stock",EQUITY,NASDAQ
III,"Information Services Group, Inc. - Common Stock",EQUITY,NASDAQ
IIIV,"i3 Verticals, Inc. - Common Stock",EQUITY,NASDAQ
IJT,iShares S&P SmallCap 600 Growth ETF,ETF,NASDAQ
IKT,"Inhibikase Therapeutics, Inc. - Common Stock",EQUITY,NASDAQ
ILAG,Intelligent Living Application Group Inc. - Ordinary Shares,EQUITY,NASDAQ
ILIT,iShares Lithium Miners and Producers ETF,ETF,NASDAQ
ILLR,Triller Group Inc. - Common Stock,EQUITY,NASDAQ
ILLU,Illumination Acquisition Corp I - Class A Ordinary Shares,EQUITY,NASDAQ
ILMN,"Illumina, Inc. - Common Stock",EQUITY,NASDAQ
ILPT,Industrial Logistics Properties Trust - Common Shares of Beneficial Interest,EQUITY,NASDAQ
IMA,"ImageneBio, Inc. - Common Stock",EQUITY,NASDAQ
IMCC,IM Cannabis Corp. - Common Shares,EQUITY,NASDAQ
IMCR,Immunocore Holdings plc - American Depositary Shares,EQUITY,NASDAQ
IMCV,iShares Morningstar Mid-Cap Value ETF,ETF,NASDAQ
IMDX,Insight Molecular Diagnostics Inc. - Common Stock,EQUITY,NASDAQ
IMKTA,"Ingles Markets, Incorporated - Class A Common Stock",EQUITY,NASDAQ
IMMP,Immutep Limited - American Depositary Shares,EQUITY,NASDAQ
IMMR,Immersion Corporation - Common Stock,EQUITY,NASDAQ
IMMX,"Immix Biopharma, Inc. - Common Stock",EQUITY,NASDAQ
IMNM,"Immunome, Inc. - Common Stock",EQUITY,NASDAQ
IMNN,"Imunon, Inc. - Common Stock",EQUITY,NASDAQ
IMOM,Alpha Architect International Quantitative Momentum ETF,ETF,NASDAQ
IMOS,ChipMOS TECHNOLOGIES INC. - American Depositary Shares,EQUITY,NASDAQ
IMPP,Imperial Petroleum Inc. - Common Shares,EQUITY,NASDAQ
IMRN,Immuron Limited - American Depositary Shares,EQUITY,NASDAQ
IMRX,Immuneering Corporation - Class A Common Stock,EQUITY,NASDAQ
IMSR,Terrestrial Energy Inc. - Common Stock,EQUITY,NASDAQ
IMTE,Integrated Media Technology Limited - Ordinary Shares,EQUITY,NASDAQ
IMTX,Immatics N.V. - Ordinary Shares,EQUITY,NASDAQ
IMUX,"Immunic, Inc.  - Common Stock",EQUITY,NASDAQ
IMVT,"Immunovant, Inc.  - Common Stock",EQUITY,NASDAQ
IMXI,"International Money Express, Inc. - Common Stock",EQUITY,NASDAQ
INAB,"IN8bio, Inc. - Common Stock",EQUITY,NASDAQ
INAC,Indigo Acquisition Corp. - Ordinary Shares,EQUITY,NASDAQ
INBK,First Internet Bancorp - Common Stock,EQUITY,NASDAQ
INBS,Intelligent Bio Solutions Inc.  - Common Stock,EQUITY,NASDAQ
INBX,"Inhibrx Biosciences, Inc. - Common Stock",EQUITY,NASDAQ
INCR,Intercure Ltd. - ordinary shares,EQUITY,NASDAQ
INCY,Incyte Corporation - Common Stock,EQUITY,NASDAQ
IND,Xtrackers Nifty 500 India ETF,ETF,NASDAQ
INDB,Independent Bank Corp. - Common Stock,EQUITY,NASDAQ
INDH,WisdomTree India Hedged Equity Fund,ETF,NASDAQ
INDI,"indie Semiconductor, Inc. - Class A Common Stock",EQUITY,NASDAQ
INDP,"Indaptus Therapeutics, Inc. - Common Stock",EQUITY,NASDAQ
INDQ,Pacer ActiveAlpha India Quality ETF,ETF,NASDAQ
INDV,"Indivior Pharmaceuticals, Inc.  - Common Stock",EQUITY,NASDAQ
INDY,iShares India 50 ETF,ETF,NASDAQ
INEO,INNEOVA Holdings Limited - Class A Ordinary Shares,EQUITY,NASDAQ
INGN,"Inogen, Inc - Common Stock",EQUITY,NASDAQ
INHD,Inno Holdings Inc. - Common Stock,EQUITY,NASDAQ
INIO,INNIO N.V. - Ordinary Shares,EQUITY,NASDAQ
INKT,"MiNK Therapeutics, Inc. - Common Stock",EQUITY,NASDAQ
INLF,INLIF LIMITED - Class A Ordinary shares,EQUITY,NASDAQ
INM,InMed Pharmaceuticals Inc. - Common Shares,EQUITY,NASDAQ
INMB,INmune Bio Inc. - Common stock,EQUITY,NASDAQ
INMD,InMode Ltd.  - Ordinary Shares,EQUITY,NASDAQ
INNV,InnovAge Holding Corp. - Common Stock,EQUITY,NASDAQ
INO,"Inovio Pharmaceuticals, Inc. - Common Stock",EQUITY,NASDAQ
INOD,Innodata Inc. - Common Stock,EQUITY,NASDAQ
INRO,iShares U.S. Industry Rotation Active ETF,ETF,NASDAQ
INSE,"Inspired Entertainment, Inc. - Common Stock",EQUITY,NASDAQ
INSG,Inseego Corp. - Common Stock,EQUITY,NASDAQ
INSM,Insmed Incorporated - Common Stock,EQUITY,NASDAQ
INTA,"Intapp, Inc. - Common Stock",EQUITY,NASDAQ
INTC,Intel Corporation - Common Stock,EQUITY,NASDAQ
INTG,The Intergroup Corporation - Common Stock,EQUITY,NASDAQ
INTJ,Intelligent Group Limited - Class A Ordinary Shares,EQUITY,NASDAQ
INTR,Inter & Co. Inc. - Class A Common Shares,EQUITY,NASDAQ
INTS,"Intensity Therapeutics, Inc. - Common Stock",EQUITY,NASDAQ
INTU,Intuit Inc. - Common Stock,EQUITY,NASDAQ
INTW,GraniteShares 2x Long INTC Daily ETF,ETF,NASDAQ
INTZ,Intrusion Inc. - Common Stock,EQUITY,NASDAQ
INV,"Innventure, Inc. - Common Stock",EQUITY,NASDAQ
INVA,"Innoviva, Inc. - Common Stock",EQUITY,NASDAQ
INVE,"INVE Technologies, Inc. - Common Stock",EQUITY,NASDAQ
INVZ,Innoviz Technologies Ltd. - Ordinary shares,EQUITY,NASDAQ
IOND,Ionic Digital Inc. - Class A Common Stock,EQUITY,NASDAQ
IONL,GraniteShares 2x Long IONQ Daily ETF,ETF,NASDAQ
IONR,ioneer Ltd - American Depositary Shares,EQUITY,NASDAQ
IONS,"Ionis Pharmaceuticals, Inc. - Common Stock",EQUITY,NASDAQ
IONX,Defiance Daily Target 2X Long IONQ ETF,ETF,NASDAQ
IONZ,Defiance Daily Target 2x Short IONQ ETF,ETF,NASDAQ
IOSP,Innospec Inc. - Common Stock,EQUITY,NASDAQ
IOTR,iOThree Limited - Ordinary Shares,EQUITY,NASDAQ
IOVA,"Iovance Biotherapeutics, Inc. - Common Stock",EQUITY,NASDAQ
IOYY,GraniteShares YieldBOOST IONQ ETF,ETF,NASDAQ
IPAR,"Interparfums, Inc. - Common Stock",EQUITY,NASDAQ
IPDN,"Professional Diversity Network, Inc. - Common Stock",EQUITY,NASDAQ
IPEX,Inflection Point Acquisition Corp. - Class A Ordinary Shares,EQUITY,NASDAQ
IPFX,Inflection Point Acquisition Corp. VI - Class A Ordinary Shares,EQUITY,NASDAQ
IPGP,IPG Photonics Corporation - Common Stock,EQUITY,NASDAQ
IPHA,Innate Pharma S.A. - American Depositary Shares,EQUITY,NASDAQ
IPKW,Invesco International BuyBack Achievers ETF,ETF,NASDAQ
IPM,Intelligent Protection Management Corp.  - Common Stock,EQUITY,NASDAQ
IPSC,"Century Therapeutics, Inc. - Common Stock",EQUITY,NASDAQ
IPST,"IP Strategy Holdings, Inc. - Common Stock",EQUITY,NASDAQ
IPVV,"InterPrivate Investment Partners V, Inc. - Class A Ordinary Shares",EQUITY,NASDAQ
IPW,iPower Inc. - Common Stock,EQUITY,NASDAQ
IPWR,Ideal Power Inc. - Common Stock,EQUITY,NASDAQ
IPX,IperionX Limited - American Depositary Share,EQUITY,NASDAQ
IPXG,Inection Point Acquisition Corp. VII  - Class A Ordinary Shares,EQUITY,NASDAQ
IQ,"iQIYI, Inc. - American Depositary Shares",EQUITY,NASDAQ
IQGR,Astoria International Quality Growth Kings ETF,ETF,NASDAQ
IQMX,IQM Quantum Computers Oyj - American Depositary Shares,EQUITY,NASDAQ
IQQ,iShares Nasdaq 100 ETF,ETF,NASDAQ
IQQQ,ProShares Nasdaq-100 High Income ETF,ETF,NASDAQ
IQST,iQSTEL Inc. - Common Stock,EQUITY,NASDAQ
IRD,"Opus Genetics, Inc. - Common Stock",EQUITY,NASDAQ
IRDM,Iridium Communications Inc - Common Stock,EQUITY,NASDAQ
IREG,Leverage Shares 2X Long IREN Daily ETF,ETF,NASDAQ
IREN,IREN Limited - Ordinary Shares,EQUITY,NASDAQ
IRHO,Iron Horse Acquisitions II Corp. - Common Stock,EQUITY,NASDAQ
IRIX,IRIDEX Corporation - Common Stock,EQUITY,NASDAQ
IRMD,iRadimed Corporation - Common Stock,EQUITY,NASDAQ
IRON,"Disc Medicine, Inc. - Common Stock",EQUITY,NASDAQ
IRTC,"iRhythm Holdings, Inc.  - Common Stock",EQUITY,NASDAQ
IRWD,"Ironwood Pharmaceuticals, Inc. - Class A Common Stock",EQUITY,NASDAQ
ISBA,Isabella Bank Corporation - Common stock,EQUITY,NASDAQ
ISHG,iShares 1-3 Year International Treasury Bond ETF,ETF,NASDAQ
ISHP,First Trust S-Network E-Commerce ETF,ETF,NASDAQ
ISNR,Snow Rothschild Acquisition Corp. - Class A Ordinary Shares,EQUITY,NASDAQ
ISPC,iSpecimen Inc. - Common Stock,EQUITY,NASDAQ
ISPR,Ispire Technology Inc. - Common Stock,EQUITY,NASDAQ
ISRG,"Intuitive Surgical, Inc. - Common Stock",EQUITY,NASDAQ
ISRL,Defiance KSM Israel 120 ETF,ETF,NASDAQ
ISTB,iShares Core 1-5 Year USD Bond ETF,ETF,NASDAQ
ISTM,iShares Strategic Metals ETF,ETF,NASDAQ
ISTR,Investar Holding Corporation - Common Stock,EQUITY,NASDAQ
ISUL,GraniteShares 2x Long ISRG Daily ETF,ETF,NASDAQ
ITG,"ITG, Inc. - Class A Common Stock",EQUITY,NASDAQ
ITHA,ITHAX Acquisition Corp III - Class A Ordinary Shares,EQUITY,NASDAQ
ITIC,Investors Title Company - Common Stock,EQUITY,NASDAQ
ITOC,iTonic Holdings Ltd - Class A Ordinary Shares,EQUITY,NASDAQ
ITRI,"Itron, Inc. - Common Stock",EQUITY,NASDAQ
ITRN,Ituran Location and Control Ltd. - Ordinary Shares,EQUITY,NASDAQ
IUS,Invesco RAFI Strategic US ETF,ETF,NASDAQ
IUSB,iShares Core Universal USD Bond ETF,ETF,NASDAQ
IUSG,iShares Core S&P U.S. Growth ETF,ETF,NASDAQ
IUSV,iShares Core S&P U.S. Value ETF,ETF,NASDAQ
IVA,Inventiva S.A. - American Depository Shares,EQUITY,NASDAQ
IVAL,Alpha Architect International Quantitative Value ETF,ETF,NASDAQ
IVDA,"Iveda Solutions, Inc. - Common Stock",EQUITY,NASDAQ
IVF,"INVO Fertility, Inc. - Common Stock",EQUITY,NASDAQ
IVSI,Applied Finance IVS International Large ETF,ETF,NASDAQ
IVSS,Applied Finance IVS US SMID ETF,ETF,NASDAQ
IVSX,Applied Finance IVS International SMID ETF,ETF,NASDAQ
IVVD,"Invivyd, Inc. - Common Stock",EQUITY,NASDAQ
IXHL,Incannex Healthcare Inc. - Common Stock,EQUITY,NASDAQ
IXUS,iShares Core MSCI Total International Stock ETF,ETF,NASDAQ
IZEA,"IZEA Worldwide, Inc. - Common Stock",EQUITY,NASDAQ
IZM,ICZOOM Group Inc. - Class A Ordinary Shares,EQUITY,NASDAQ
JACK,Jack In The Box Inc. - Common Stock,EQUITY,NASDAQ
JAGX,"Jaguar Health, Inc. - Common Stock",EQUITY,NASDAQ
JAKK,"JAKKS Pacific, Inc. - Common Stock",EQUITY,NASDAQ
JANX,"Janux Therapeutics, Inc. - Common Stock",EQUITY,NASDAQ
JAPN,Horizon Kinetics Japan Owner Operator ETF,ETF,NASDAQ
JATT,JATT II Acquisition Corp - Ordinary Shares,EQUITY,NASDAQ
JAZZ,Jazz Pharmaceuticals plc - Ordinary Shares,EQUITY,NASDAQ
JBDI,JBDI Holdings Limited - Ordinary Shares,EQUITY,NASDAQ
JBHT,"J.B. Hunt Transport Services, Inc. - Common Stock",EQUITY,NASDAQ
JBIO,"Jade Biosciences, Inc. - Common Stock",EQUITY,NASDAQ
JBLU,JetBlue Airways Corporation - Common Stock,EQUITY,NASDAQ
JBSS,"John B. Sanfilippo & Son, Inc. - Common Stock",EQUITY,NASDAQ
JCAP,"Jefferson Capital, Inc. - Common Stock",EQUITY,NASDAQ
JCSE,JE Cleantech Holdings Limited - Ordinary Shares,EQUITY,NASDAQ
JCTC,Jewett-Cameron Trading Company - Common Shares,EQUITY,NASDAQ
JD,"JD.com, Inc. - American Depositary Shares",EQUITY,NASDAQ
JDOC,JPMorgan Healthcare Leaders ETF,ETF,NASDAQ
JDZG,JIADE LIMITED - Class A Ordinary Shares,EQUITY,NASDAQ
JEM,707 Cayman Holdings Limited - Ordinary Shares,EQUITY,NASDAQ
JEMA,JPMorgan ActiveBuilders Emerging Markets Equity ETF,ETF,NASDAQ
JEPQ,JPMorgan Nasdaq Equity Premium Income ETF,ETF,NASDAQ
JF,J and Friends Holdings Limited - American Depositary Shares,EQUITY,NASDAQ
JFIN,Jiayin Group Inc. - American Depositary Shares,EQUITY,NASDAQ
JFU,9F Inc. - American Depositary Shares,EQUITY,NASDAQ
JG,Aurora Mobile Limited - American Depositary Shares,EQUITY,NASDAQ
JGLO,JPMorgan Global Select Equity ETF,ETF,NASDAQ
JHAI,Janus Henderson Global Artificial Intelligence ETF,ETF,NASDAQ
JINT,Janus Henderson International Core Alpha ETF,ETF,NASDAQ
JIVE,JPMorgan International Value ETF,ETF,NASDAQ
JJSF,J & J Snack Foods Corp. - Common Stock,EQUITY,NASDAQ
JKHY,"Jack Henry & Associates, Inc. - Common Stock",EQUITY,NASDAQ
JL,J-Long Group Limited - Class A Ordinary Shares,EQUITY,NASDAQ
JLHL,Julong Holding Limited - Class A Ordinary Shares,EQUITY,NASDAQ
JLVP,JPMorgan U.S. Large Cap Value Plus ETF,ETF,NASDAQ
JMID,Janus Henderson Mid Cap Growth Alpha ETF,ETF,NASDAQ
JMSB,"John Marshall Bancorp, Inc. - Common Stock",EQUITY,NASDAQ
JONE,Jones Ventures INTL Acquisition1 Corp - Class A Ordinary Shares,EQUITY,NASDAQ
JOUT,Johnson Outdoors Inc. - Class A Common Stock,EQUITY,NASDAQ
JOYT,JPMorgan Equity and Options Total Return ETF,ETF,NASDAQ
JOYY,JOYY Inc. - American Depositary Shares,EQUITY,NASDAQ
JPEF,JPMorgan Equity Focus ETF,ETF,NASDAQ
JPFP,JPMorgan Managed Futures Plus ETF,ETF,NASDAQ
JPY,Lazard Japanese Equity ETF,ETF,NASDAQ
JRSH,"Jerash Holdings (US), Inc. - Common Stock",EQUITY,NASDAQ
JRVR,"James River Group Holdings, Inc. - Common Stock",EQUITY,NASDAQ
JSMD,Janus Henderson Small/Mid Cap Growth Alpha ETF,ETF,NASDAQ
JSML,Janus Henderson Small Cap Growth Alpha ETF,ETF,NASDAQ
JSPR,"Jasper Therapeutics, Inc. - Class A Common Stock",EQUITY,NASDAQ
JTAI,Jet.AI Inc. - Common Stock,EQUITY,NASDAQ
JTEK,JPMorgan U.S. Tech Leaders ETF,ETF,NASDAQ
JTTT,JATT III Acquisition Corp - Ordinary Shares,EQUITY,NASDAQ
JUNS,"Jupiter Neurosciences, Inc. - Common Stock",EQUITY,NASDAQ
JVA,"Coffee Holding Co., Inc. - Common Stock",EQUITY,NASDAQ
JWEL,Jowell Global Ltd. - Ordinary Shares,EQUITY,NASDAQ
JXG,JX Luxventure Group Inc. - Common Stock,EQUITY,NASDAQ
JYD,Jayud Global Logistics Limited - Class A Ordinary Shares,EQUITY,NASDAQ
JYNT,The Joint Corp. - Common Stock,EQUITY,NASDAQ
JZ,Jianzhi Education Technology Group Company Limited - American Depositary Shares,EQUITY,NASDAQ
JZXN,"Jiuzi Holdings, Inc. - Ordinary Shares",EQUITY,NASDAQ
KALA,"KALA BIO, Inc. - Common Stock",EQUITY,NASDAQ
KALU,Kaiser Aluminum Corporation - Common Stock,EQUITY,NASDAQ
KARD,"Kardigan, Inc. - Common Stock",EQUITY,NASDAQ
KARO,Karooooo Ltd. - Ordinary shares,EQUITY,NASDAQ
KAT,Scharf ETF,ETF,NASDAQ
KAZR,Skyline Builders Group Holding Limited - Class A Ordinary Shares,EQUITY,NASDAQ
KBAB,KraneShares 2x Long BABA Daily ETF,ETF,NASDAQ
KBDU,KraneShares 2x Long BIDU Daily ETF,ETF,NASDAQ
KBON,Karbon Capital Partners Corp. - Class A Ordinary Shares,EQUITY,NASDAQ
KBSX,FST Corp. - Ordinary Shares,EQUITY,NASDAQ
KBWB,Invesco KBW Bank ETF,ETF,NASDAQ
KBWD,Invesco KBW High Dividend Yield Financial ETF,ETF,NASDAQ
KBWP,Invesco KBW Property & Casualty Insurance ETF,ETF,NASDAQ
KBWY,Invesco KBW Premium Yield Equity REIT ETF,ETF,NASDAQ
KC,Kingsoft Cloud Holdings Limited - American Depositary Shares,EQUITY,NASDAQ
KCHV,Kochav Defense Acquisition Corp. - Class A Ordinary Shares,EQUITY,NASDAQ
KDK,"Kodiak AI, Inc. - Common Stock",EQUITY,NASDAQ
KDP,Keurig Dr Pepper Inc. - Common Stock,EQUITY,NASDAQ
KE,"Kimball Electronics, Inc. - Common Stock",EQUITY,NASDAQ
KEAT,Keating Active ETF,ETF,NASDAQ
KEEL,Keel Infrastructure Corp. - Common Stock,EQUITY,NASDAQ
KELYA,"Kelly Services, Inc. - Class A Common Stock",EQUITY,NASDAQ
KELYB,"Kelly Services, Inc. - Class B Common Stock",EQUITY,NASDAQ
KEQU,Kewaunee Scientific Corporation - Common Stock,EQUITY,NASDAQ
KEYY,Keystone Acquisition Corp. - Class A Ordinary Shares,EQUITY,NASDAQ
KFFB,Kentucky First Federal Bancorp - Common Stock,EQUITY,NASDAQ
KFII,K&F Growth Acquisition Corp. II - Class A Ordinary shares,EQUITY,NASDAQ
KG,"Kestrel Group, Ltd. - Common Stock",EQUITY,NASDAQ
KGEI,Kolibri Global Energy Inc. - Common stock,EQUITY,NASDAQ
KIDS,OrthoPediatrics Corp. - Common Stock,EQUITY,NASDAQ
KIDZ,KIDZ AI Inc. - Class B Common Stock,EQUITY,NASDAQ
KINS,"Kingstone Companies, Inc - Common Stock",EQUITY,NASDAQ
KIQQ,KraneShares InspereX Nasdaq Dynamic Buffered High Income Index ETF,ETF,NASDAQ
KITT,"Nauticus Robotics, Inc. - Common stock",EQUITY,NASDAQ
KJD,KraneShares 2x Long JD Daily ETF,ETF,NASDAQ
KLAC,KLA Corporation  - Common Stock,EQUITY,NASDAQ
KLAG,Leverage Shares 2x Long KLAC Daily ETF,ETF,NASDAQ
KLIC,"Kulicke and Soffa Industries, Inc. - Common Stock",EQUITY,NASDAQ
KLRA,"Kailera Therapeutics, Inc. - Common stock",EQUITY,NASDAQ
KLRS,"Kalaris Therapeutics, Inc.  - Common Stock",EQUITY,NASDAQ
KLTR,"Kaltura, Inc. - Common Stock",EQUITY,NASDAQ
KLXE,"KLX Energy Services Holdings, Inc.  - Common Stock",EQUITY,NASDAQ
KMB,Kimberly-Clark Corporation - Common Stock,EQUITY,NASDAQ
KMDA,Kamada Ltd. - Ordinary Shares,EQUITY,NASDAQ
KMLI,KraneShares 2x Long MELI Daily ETF,ETF,NASDAQ
KMRK,K-Tech Solutions Company Limited - Class A Ordinary Shares,EQUITY,NASDAQ
KMTS,"Kestra Medical Technologies, Ltd. - Common Stock",EQUITY,NASDAQ
KNDI,"Kandi Technologies Group, Inc. - Ordinary Shares",EQUITY,NASDAQ
KNGZ,First Trust S&P 500 Diversified Dividend Aristocrats ETF,ETF,NASDAQ
KNSA,"Kiniksa Pharmaceuticals International, plc - Class A Ordinary Shares",EQUITY,NASDAQ
KOD,Kodiak Sciences Inc - Common Stock,EQUITY,NASDAQ
KOID,KraneShares Global Humanoid Robotics and Physical AI Index ETF,ETF,NASDAQ
KOPN,Kopin Corporation - Common Stock,EQUITY,NASDAQ
KOSS,Koss Corporation - Common Stock,EQUITY,NASDAQ
KOYN,CSLM Digital Asset Acquisition Corp III - Class A Ordinary Shares,EQUITY,NASDAQ
KPDD,KraneShares 2x Long PDD Daily ETF,ETF,NASDAQ
KPLT,"Katapult Holdings, Inc. - Common Stock",EQUITY,NASDAQ
KPRX,"Kiora Pharmaceuticals, Inc.  - Common Stock",EQUITY,NASDAQ
KPTI,Karyopharm Therapeutics Inc. - Common Stock,EQUITY,NASDAQ
KQQQ,Kurv Technology Titans Select ETF,ETF,NASDAQ
KRAQ,KRAKacquisition Corp - Class A Ordinary Shares,EQUITY,NASDAQ
KRKR,36Kr Holdings Inc. - American Depositary Shares,EQUITY,NASDAQ
KRMD,"KORU Medical Systems, Inc. - Common Stock",EQUITY,NASDAQ
KRNT,Kornit Digital Ltd. - Ordinary Shares,EQUITY,NASDAQ
KRNY,Kearny Financial - Common Stock,EQUITY,NASDAQ
KROP,Global X AgTech & Food Innovation ETF,ETF,NASDAQ
KROS,"Keros Therapeutics, Inc. - common stock",EQUITY,NASDAQ
KRRO,"Korro Bio, Inc. - Common Stock",EQUITY,NASDAQ
KRSA,"Korsana Biosciences, Inc. - Common Stock",EQUITY,NASDAQ
KRT,Karat Packaging Inc. - Common Stock,EQUITY,NASDAQ
KRUS,"Kura Sushi USA, Inc. - Class A Common Stock",EQUITY,NASDAQ
KRYS,"Krystal Biotech, Inc. - Common Stock",EQUITY,NASDAQ
KSCP,"Knightscope, Inc. - Class A Common Stock",EQUITY,NASDAQ
KSMH,xETFs Korea AI Semiconductor,ETF,NASDAQ
KSPI,Joint Stock Company Kaspi.kz - American Depository Shares,EQUITY,NASDAQ
KTCC,Key Tronic Corporation - Common Stock,EQUITY,NASDAQ
KTOS,"Kratos Defense & Security Solutions, Inc. - Common Stock",EQUITY,NASDAQ
KTTA,Pasithea Therapeutics Corp. - Common Stock,EQUITY,NASDAQ
KTWO,K2 Capital Acquisition Corporation - Class A Ordinary Share,EQUITY,NASDAQ
KURA,"Kura Oncology, Inc. - Common Stock",EQUITY,NASDAQ
KUST,"Kustom Entertainment, Inc. - Common Stock",EQUITY,NASDAQ
KVHI,"KVH Industries, Inc. - Common Stock",EQUITY,NASDAQ
KXIN,Kaixin Holdings - Ordinary Shares,EQUITY,NASDAQ
KYIV,Kyivstar Group Ltd. - Common Shares,EQUITY,NASDAQ
KYMR,"Kymera Therapeutics, Inc. - Common Stock",EQUITY,NASDAQ
KYNB,"Kyntra Bio, Inc. - Common Stock",EQUITY,NASDAQ
KYTX,"Kyverna Therapeutics, Inc. - Common Stock",EQUITY,NASDAQ
KZIA,Kazia Therapeutics Limited - American Depositary Shares,EQUITY,NASDAQ
LAB,Standard BioTools Inc. - Common Stock,EQUITY,NASDAQ
LABT,Lakewood-Amedex Biotherapeutics Inc. - Common Stock,EQUITY,NASDAQ
LAES,SEALSQ Corp - Ordinary Shares,EQUITY,NASDAQ
LAFA,LaFayette Acquisition Corp. - Ordinary Share,EQUITY,NASDAQ
LAKE,"Lakeland Industries, Inc. - Common Stock",EQUITY,NASDAQ
LAMR,Lamar Advertising Company - Class A Common Stock,EQUITY,NASDAQ
LAND,Gladstone Land Corporation - Common Stock,EQUITY,NASDAQ
LARK,Landmark Bancorp Inc. - Common Stock,EQUITY,NASDAQ
LASE,Laser Photonics Corporation - Common Stock,EQUITY,NASDAQ
LASR,"nLIGHT, Inc. - Common Stock",EQUITY,NASDAQ
LATA,Galata Acquisition Corp. II - Class A Ordinary Shares,EQUITY,NASDAQ
LAUR,"Laureate Education, Inc. - Common Stock",EQUITY,NASDAQ
LAWR,"Robot Consulting Co., Ltd. - ADS",EQUITY,NASDAQ
LBGJ,Li Bang International Corporation Inc. - Class A Ordinary Shares,EQUITY,NASDAQ
LBRX,LB Pharmaceuticals Inc - Common Stock,EQUITY,NASDAQ
LBTYA,Liberty Global Ltd. - Class A Common Shares,EQUITY,NASDAQ
LBTYB,Liberty Global Ltd. - Class B Common Shares,EQUITY,NASDAQ
LBTYK,Liberty Global Ltd. - Class C Common Shares,EQUITY,NASDAQ
LCCC,Lakeshore Acquisition III Corp. - Ordinary Shares,EQUITY,NASDAQ
LCDS,JPMorgan Fundamental Data Science Large Core ETF,ETF,NASDAQ
LCFY,Locafy Limited - Ordinary Share,EQUITY,NASDAQ
LCID,"Lucid Group, Inc. - Common Stock",EQUITY,NASDAQ
LCNB,LCNB Corporation - Common Stock,EQUITY,NASDAQ
LCUT,"Lifetime Brands, Inc. - Common Stock",EQUITY,NASDAQ
LDEM,iShares ESG MSCI EM Leaders ETF,ETF,NASDAQ
LDRX,SGI Enhanced Market Leaders ETF,ETF,NASDAQ
LDSF,First Trust Low Duration Strategic Focus ETF,ETF,NASDAQ
LE,"Lands' End, Inc. - Common Stock",EQUITY,NASDAQ
LECO,"Lincoln Electric Holdings, Inc. - Common Shares",EQUITY,NASDAQ
LEDS,SemiLEDS Corporation - Common Stock,EQUITY,NASDAQ
LEE,"Lee Enterprises, Incorporated - Common Stock",EQUITY,NASDAQ
LEGH,Legacy Housing Corporation - Common Stock,EQUITY,NASDAQ
LEGN,Legend Biotech Corporation - American Depositary Shares,EQUITY,NASDAQ
LEGR,First Trust Indxx Innovative Transaction & Process ETF,ETF,NASDAQ
LEND,SEI High Yield Bond & Alternative Credit ETF,ETF,NASDAQ
LENZ,"LENZ Therapeutics, Inc. - Common Stock",EQUITY,NASDAQ
LESL,"Leslie's, Inc. - Common Stock",EQUITY,NASDAQ
LEXI,Alexis Practical Tactical ETF,ETF,NASDAQ
LEXX,Lexaria Bioscience Corp. - Common Stock,EQUITY,NASDAQ
LFAC,Leapfrog Acquisition Corporation - Class A Ordinary Shares,EQUITY,NASDAQ
LFCR,"Lifecore Biomedical, Inc. - Common Stock",EQUITY,NASDAQ
LFMD,"LifeMD, Inc. - Common Stock",EQUITY,NASDAQ
LFS,"LEIFRAS Co., Ltd. - American Depositary Shares",EQUITY,NASDAQ
LFSC,F/m Emerald Life Sciences Innovation ETF,ETF,NASDAQ
LFST,"LifeStance Health Group, Inc. - Common Stock",EQUITY,NASDAQ
LFTO,"Liftoff Mobile, Inc. - Common Stock",EQUITY,NASDAQ
LFUS,"Littelfuse, Inc. - Common Stock",EQUITY,NASDAQ
LFVN,Lifevantage Corporation - Common Stock,EQUITY,NASDAQ
LFWD,Lifeward Ltd. - Ordinary Shares,EQUITY,NASDAQ
LGCL,Lucas GC Limited - Class A Ordinary Shares,EQUITY,NASDAQ
LGDS,JPMorgan Fundamental Data Science Large Growth ETF,ETF,NASDAQ
LGHL,Lion Group Holding Ltd. - American Depositary Share,EQUITY,NASDAQ
LGIH,"LGI Homes, Inc. - Common Stock",EQUITY,NASDAQ
LGN,Legence Corp. - Class A Common stock,EQUITY,NASDAQ
LGND,Ligand Pharmaceuticals Incorporated - Common Stock,EQUITY,NASDAQ
LGO,Largo Inc. - Common Shares,EQUITY,NASDAQ
LGRO,Level Four Large Cap Growth Active ETF,ETF,NASDAQ
LGVN,Longeveron Inc. - Class A Common stock,EQUITY,NASDAQ
LHAI,Linkhome Holdings Inc. - Common stock,EQUITY,NASDAQ
LHSW,Lianhe Sowell International Group Ltd - Class A Ordinary Shares,EQUITY,NASDAQ
LI,Li Auto Inc. - American Depositary Shares,EQUITY,NASDAQ
LICN,Lichen International Limited - Class A Ordinary Shares,EQUITY,NASDAQ
LIDR,"AEye, Inc. - Class A Common Stock",EQUITY,NASDAQ
LIEN,"Chicago Atlantic BDC, Inc. - Common Stock",EQUITY,NASDAQ
LIF,"Life360, Inc. - Common Stock",EQUITY,NASDAQ
LIFE,Ethos Technologies Inc. - Class A Common Stock,EQUITY,NASDAQ
LILA,Liberty Latin America Ltd. - Class A Common Stock,EQUITY,NASDAQ
LILAK,Liberty Latin America Ltd. - Class C Common Stock,EQUITY,NASDAQ
LILAP,Liberty Latin America Ltd. - 9.0% Fixed Rate Cumulative Perpetual Redeemable Series A Preference Shares,EQUITY,NASDAQ
LIME,"Neutron Holdings, Inc. - Common Stock",EQUITY,NASDAQ
LIMN,"Liminatus Pharma, Inc. - Class A Common Stock",EQUITY,NASDAQ
LIN,Linde plc - Ordinary Shares,EQUITY,NASDAQ
LINC,Lincoln Educational Services Corporation - Common Stock,EQUITY,NASDAQ
LIND,Lindblad Expeditions Holdings Inc.  - Common Stock,EQUITY,NASDAQ
LINE,"Lineage, Inc. - Common Stock",EQUITY,NASDAQ
LINK,"Interlink Electronics, Inc. - Common Stock",EQUITY,NASDAQ
LINT,Direxion Daily INTC Bull 2X ETF,ETF,NASDAQ
LIQT,"LiqTech International, Inc. - Common Stock",EQUITY,NASDAQ
LITE,Lumentum Holdings Inc. - Common Stock,EQUITY,NASDAQ
LITP,Sprott Lithium Miners ETF,ETF,NASDAQ
LITS,"Lite Strategy, Inc. - Common Stock",EQUITY,NASDAQ
LIVE,Live Ventures Incorporated - Common Stock,EQUITY,NASDAQ
LIVN,LivaNova PLC - Ordinary Shares,EQUITY,NASDAQ
LKFN,Lakeland Financial Corporation - Common Stock,EQUITY,NASDAQ
LKFT,Lakefront Biotherapeutics - American Depositary Shares,EQUITY,NASDAQ
LKQ,LKQ Corporation - Common Stock,EQUITY,NASDAQ
LKSP,Lake Superior Acquisition Corp. - Class A Ordinary Shares,EQUITY,NASDAQ
LLYVA,"Liberty Live Holdings, Inc. - Series A Liberty Live Group Common Stock",EQUITY,NASDAQ
LLYVK,"Liberty Live Holdings, Inc. - Series C Liberty Live Group Common Stock",EQUITY,NASDAQ
LMAT,"LeMaitre Vascular, Inc. - Common Stock",EQUITY,NASDAQ
LMB,"Limbach Holdings, Inc. - Common Stock",EQUITY,NASDAQ
LMBS,First Trust Low Duration Opportunities ETF,ETF,NASDAQ
LMNR,Limoneira Co - Common Stock,EQUITY,NASDAQ
LMRI,"Lumexa Imaging Holdings, Inc. - Common Stock",EQUITY,NASDAQ
LMTL,Direxion Daily LMT Bull 2X ETF,ETF,NASDAQ
LNAI,Lunai Bioworks Inc. - Common Stock,EQUITY,NASDAQ
LNKS,Linkers Industries Limited - Class A Ordinary Shares,EQUITY,NASDAQ
LNSR,"LENSAR, Inc. - Common Stock",EQUITY,NASDAQ
LNT,Alliant Energy Corporation - Common Stock,EQUITY,NASDAQ
LNTH,"Lantheus Holdings, Inc. - Common Stock",EQUITY,NASDAQ
LNZA,"LanzaTech Global, Inc. - Common Stock",EQUITY,NASDAQ
LOAN,"Manhattan Bridge Capital, Inc - Common Stock",EQUITY,NASDAQ
LOBO,LOBO TECHNOLOGIES LTD. - Class A Ordinary Shares,EQUITY,NASDAQ
LOCO,"El Pollo Loco Holdings, Inc. - Common Stock",EQUITY,NASDAQ
LOGI,Logitech International S.A. - Registered Shares,EQUITY,NASDAQ
LOGO,Alpha Brands Consumption Leaders ETF,ETF,NASDAQ
LONA,"LeonaBio, Inc. - Common Stock",EQUITY,NASDAQ
LOOP,"Loop Industries, Inc. - Common Stock",EQUITY,NASDAQ
LOPE,"Grand Canyon Education, Inc. - Common Stock",EQUITY,NASDAQ
LOT,Lotus Technology Inc. - American Depositary Shares,EQUITY,NASDAQ
LOTI,Liberty One Tactical Income ETF,ETF,NASDAQ
LOVE,The Lovesac Company - Common Stock,EQUITY,NASDAQ
LPAA,Launch One Acquisition Corp. - Class A Ordinary Shares,EQUITY,NASDAQ
LPBB,Launch Two Acquisition Corp. - Class A Ordinary Shares,EQUITY,NASDAQ
LPCN,Lipocine Inc. - Common Stock,EQUITY,NASDAQ
LPCV,Launchpad Cadenza Acquisition Corp I - Class A Ordinary Share,EQUITY,NASDAQ
LPLA,LPL Financial Holdings Inc. - Common Stock,EQUITY,NASDAQ
LPTH,"LightPath Technologies, Inc. - Class A Common Stock",EQUITY,NASDAQ
LQ,Simplify Tax Aware Alternatives ETF,ETF,NASDAQ
LQDA,Liquidia Corporation - Common Stock,EQUITY,NASDAQ
LQDT,"Liquidity Services, Inc. - Common Stock",EQUITY,NASDAQ
LRCX,Lam Research Corporation - Common Stock,EQUITY,NASDAQ
LRE,"Lead Real Estate Co., Ltd - American Depositary Shares",EQUITY,NASDAQ
LRGE,ClearBridge Large Cap Growth Select ETF,ETF,NASDAQ
LRHC,La Rosa Holdings Corp. - Common Stock,EQUITY,NASDAQ
LRMR,"Larimar Therapeutics, Inc. - Common Stock",EQUITY,NASDAQ
LRND,NYLIM U.S. Large Cap R&D Leaders ETF,ETF,NASDAQ
LSAK,"Lesaka Technologies, Inc. - Common Stock",EQUITY,NASDAQ
LSBK,"Lake Shore Bancorp, Inc. - Common Stock",EQUITY,NASDAQ
LSCC,Lattice Semiconductor Corporation - Common Stock,EQUITY,NASDAQ
LSE,"Leishen Energy Holding Co., Ltd. - Class A Ordinary Shares",EQUITY,NASDAQ
LSTA,"Lisata Therapeutics, Inc. - Common Stock",EQUITY,NASDAQ
LSTR,"Landstar System, Inc. - Common Stock",EQUITY,NASDAQ
LTBR,Lightbridge Corporation - Common Stock,EQUITY,NASDAQ
LTCC,Canary Litecoin ETF,ETF,NASDAQ
LTGO,"Latigo Biotherapeutics, Inc. - Common Stock",EQUITY,NASDAQ
LTGR,Long Table Growth Corp. - Class A Ordinary Shares,EQUITY,NASDAQ
LTRN,Lantern Pharma Inc. - Common Stock,EQUITY,NASDAQ
LTRX,"Lantronix, Inc. - Common Stock",EQUITY,NASDAQ
LUCD,Lucid Diagnostics Inc. - Common Stock,EQUITY,NASDAQ
LUCY,"Innovative Eyewear, Inc. - Common Stock",EQUITY,NASDAQ
LULG,Leverage Shares 2X Long LULU Daily ETF,ETF,NASDAQ
LULU,lululemon athletica inc. - Common Stock,EQUITY,NASDAQ
LUNG,Pulmonx Corporation - Common Stock,EQUITY,NASDAQ
LUNR,"Intuitive Machines, Inc. - Class A Common Stock",EQUITY,NASDAQ
LVDS,JPMorgan Fundamental Data Science Large Value ETF,ETF,NASDAQ
LVHD,Franklin U.S. Low Volatility High Dividend Index ETF,ETF,NASDAQ
LVIG,Longview Advantage Fixed Income ETF,ETF,NASDAQ
LVLU,"Lulu's Fashion Lounge Holdings, Inc. - Common Stock",EQUITY,NASDAQ
LVO,"LiveOne, Inc. - Common Stock",EQUITY,NASDAQ
LWAC,LightWave Acquisition Corp. - Class A Ordinary Shares,EQUITY,NASDAQ
LWAY,"Lifeway Foods, Inc. - Common Stock",EQUITY,NASDAQ
LWLG,"Lightwave Logic, Inc. - Common Stock",EQUITY,NASDAQ
LX,LexinFintech Holdings Ltd. - American Depositary Shares,EQUITY,NASDAQ
LXEH,"Lixiang Education Holding Co., Ltd. - American Depositary Shares",EQUITY,NASDAQ
LXEO,"Lexeo Therapeutics, Inc. - Common Stock",EQUITY,NASDAQ
LXRX,"Lexicon Pharmaceuticals, Inc. - Common Stock",EQUITY,NASDAQ
LYEL,"Lyell Immunopharma, Inc. - Common Stock",EQUITY,NASDAQ
LYFT,"Lyft, Inc. - Class A Common Stock",EQUITY,NASDAQ
LYTS,LSI Industries Inc. - Common Stock,EQUITY,NASDAQ
LZ,"LegalZoom.com, Inc. - Common Stock",EQUITY,NASDAQ
LZMH,LZ Technology Holdings Limited - Class B Ordinary Shares,EQUITY,NASDAQ
MAAS,Maase Inc. - Class A Ordinary Shares,EQUITY,NASDAQ
MAAY,GraniteShares YieldBOOST MARA ETF,ETF,NASDAQ
MACI,Melar Acquisition Corp. I - Class A Ordinary Shares,EQUITY,NASDAQ
MAGH,Magnitude International Ltd - Ordinary Shares,EQUITY,NASDAQ
MAKO,Mako Mining Corp - Common Stock,EQUITY,NASDAQ
MAMA,"Mama's Creations, Inc. - Common Stock",EQUITY,NASDAQ
MAMK,MaxsMaking Inc. - Class A Ordinary Shares,EQUITY,NASDAQ
MAMO,Massimo Group - Common Stock,EQUITY,NASDAQ
MANH,"Manhattan Associates, Inc. - Common Stock",EQUITY,NASDAQ
MAR,Marriott International - Class A Common Stock,EQUITY,NASDAQ
MARA,"MARA Holdings, Inc. - Common Stock",EQUITY,NASDAQ
MASK,3 E Network Technology Group Ltd - Class A Ordinary Shares,EQUITY,NASDAQ
MASS,908 Devices Inc. - Common Stock,EQUITY,NASDAQ
MAT,"Mattel, Inc. - Common Stock",EQUITY,NASDAQ
MATE,Man Active Trend Enhanced ETF,ETF,NASDAQ
MATH,Metalpha Technology Holding Limited - Ordinary Shares,EQUITY,NASDAQ
MATW,Matthews International Corporation - Class A Common Stock,EQUITY,NASDAQ
MAXI,Simplify Bitcoin Strategy ETF,ETF,NASDAQ
MAYS,"J. W. Mays, Inc. - Common Stock",EQUITY,NASDAQ
MAZE,"Maze Therapeutics, Inc. - Common Stock",EQUITY,NASDAQ
MB,MasterBeef Group - Ordinary Shares,EQUITY,NASDAQ
MBAI,MBody AI Ltd. - Ordinary Share,EQUITY,NASDAQ
MBB,iShares MBS ETF,ETF,NASDAQ
MBBC,"Marathon Bancorp, Inc. - Common Stock",EQUITY,NASDAQ
MBIN,Merchants Bancorp - Common Stock,EQUITY,NASDAQ
MBIO,"Mustang Bio, Inc. - Common Stock",EQUITY,NASDAQ
MBLY,Mobileye Global Inc. - Class A Common Stock,EQUITY,NASDAQ
MBOT,Microbot Medical Inc.  - Common Stock,EQUITY,NASDAQ
MBRX,"Moleculin Biotech, Inc. - Common Stock",EQUITY,NASDAQ
MBS,Angel Oak Mortgage-Backed Securities ETF,ETF,NASDAQ
MBUU,"Malibu Boats, Inc. - Common Stock",EQUITY,NASDAQ
MBVI,M3-Brigade Acquisition VI Corp. - Class A Ordinary Shares,EQUITY,NASDAQ
MBWM,Mercantile Bank Corporation - Common Stock,EQUITY,NASDAQ
MBX,"MBX Biosciences, Inc. - Common Stock",EQUITY,NASDAQ
MCAH,Mountain Crest Acquisition 6 Corp. - Ordinary Shares,EQUITY,NASDAQ
MCBS,"MetroCity Bankshares, Inc. - Common Stock",EQUITY,NASDAQ
MCDS,JPMorgan Fundamental Data Science Mid Core ETF,ETF,NASDAQ
MCFT,"MasterCraft Boat Holdings, Inc. - Common Stock",EQUITY,NASDAQ
MCGA,Yorkville Acquisition Corp. - Class A Ordinary Share,EQUITY,NASDAQ
MCHB,Mechanics Bancorp - Class A Common Stock,EQUITY,NASDAQ
MCHI,iShares MSCI China ETF,ETF,NASDAQ
MCHP,Microchip Technology Incorporated - Common Stock,EQUITY,NASDAQ
MCHS,Matthews China Innovators Active ETF,ETF,NASDAQ
MCHX,"Marchex, Inc. - Class B Common Stock",EQUITY,NASDAQ
MCRB,"Seres Therapeutics, Inc. - Common Stock",EQUITY,NASDAQ
MCRI,"Monarch Casino & Resort, Inc. - Common Stock",EQUITY,NASDAQ
MCTA,Charming Medical Limited - Class A Ordinary Shares,EQUITY,NASDAQ
MDAI,"Spectral AI, Inc. - Class A Common Stock",EQUITY,NASDAQ
MDB,"MongoDB, Inc. - Class A Common Stock",EQUITY,NASDAQ
MDBH,"MDB Capital Holdings, LLC - Class A common",EQUITY,NASDAQ
MDCX,Medicus Pharma Ltd. - Common Stock,EQUITY,NASDAQ
MDGL,"Madrigal Pharmaceuticals, Inc. - Common Stock",EQUITY,NASDAQ
MDIA,Mediaco Holding Inc. - Class A Common Stock,EQUITY,NASDAQ
MDIV,Multi-Asset Diversified Income Index Fund,ETF,NASDAQ
MDLN,Medline Inc. - Class A common stock,EQUITY,NASDAQ
MDLZ,"Mondelez International, Inc. - Class A Common Stock",EQUITY,NASDAQ
MDRR,"Medalist Diversified, Inc. - Common Stock",EQUITY,NASDAQ
MDWD,MediWound Ltd. - Ordinary Shares,EQUITY,NASDAQ
MDXG,"MiMedx Group, Inc - Common Stock",EQUITY,NASDAQ
MDXH,MDxHealth SA - Ordinary Shares,EQUITY,NASDAQ
MEDP,"Medpace Holdings, Inc. - Common Stock",EQUITY,NASDAQ
MEDS,"DataMeds AI, Inc. - Common Stock",EQUITY,NASDAQ
MEDX,Horizon Kinetics Medical ETF,ETF,NASDAQ
MEGL,Magic Empire Global Limited - Class A Ordinary Shares,EQUITY,NASDAQ
MELI,"MercadoLibre, Inc. - Common Stock",EQUITY,NASDAQ
MEMA,Man Active Emerging Markets Alternative ETF,ETF,NASDAQ
MEMS,Matthews Emerging Markets Discovery Active ETF,ETF,NASDAQ
MENS,Jyong Biotech Ltd. - Ordinary shares,EQUITY,NASDAQ
MEOH,Methanex Corporation - Common Stock,EQUITY,NASDAQ
MERC,Mercer International Inc. - Common Stock,EQUITY,NASDAQ
MESH,Meshflow Acquisition Corp. - Class A Ordinary Shares,EQUITY,NASDAQ
MESO,Mesoblast Limited - American Depositary Shares,EQUITY,NASDAQ
META,"Meta Platforms, Inc. - Class A Common Stock",EQUITY,NASDAQ
METC,"Ramaco Resources, Inc. - Class A Common Stock",EQUITY,NASDAQ
METCB,"Ramaco Resources, Inc. - Class B Common Stock",EQUITY,NASDAQ
METD,Direxion Daily META Bear 1X ETF,ETF,NASDAQ
METL,Sprott Active Metals & Miners ETF,ETF,NASDAQ
METU,Direxion Daily META Bull 2X ETF,ETF,NASDAQ
MEVO,M Evo Global Acquisition Corp II - Class A Ordinary Shares,EQUITY,NASDAQ
MF,MindForge Inc. - Class A Ordinary Shares,EQUITY,NASDAQ
MFI,mF International Limited - Class A Ordinary Shares,EQUITY,NASDAQ
MFIC,MidCap Financial Investment Corporation - Closed End Fund,EQUITY,NASDAQ
MFIG,Motley Fool Innovative Growth ETF,ETF,NASDAQ
MFIN,Medallion Financial Corp. - Common Stock,EQUITY,NASDAQ
MFLX,First Trust Flexible Municipal High Income ETF,ETF,NASDAQ
MFMO,Motley Fool Momentum Factor ETF,ETF,NASDAQ
MFP,"Midera Food Processing, Inc. - Common Stock",EQUITY,NASDAQ
MFVL,Motley Fool Value Factor ETF,ETF,NASDAQ
MGEE,MGE Energy Inc. - Common Stock,EQUITY,NASDAQ
MGIH,Millennium Group International Holdings Limited - Ordinary Shares,EQUITY,NASDAQ
MGN,Megan Holdings Limited - Class A Ordinary Shares,EQUITY,NASDAQ
MGNI,"Magnite, Inc. - Common Stock",EQUITY,NASDAQ
MGNX,"MacroGenics, Inc. - Common Stock",EQUITY,NASDAQ
MGPI,"MGP Ingredients, Inc. - Common Stock",EQUITY,NASDAQ
MGRC,McGrath RentCorp - Common Stock,EQUITY,NASDAQ
MGRT,Mega Fortune Company Limited - Ordinary Shares,EQUITY,NASDAQ
MGRX,"Mangoceuticals, Inc. - Common Stock",EQUITY,NASDAQ
MGTX,MeiraGTx Holdings plc - Ordinary Shares,EQUITY,NASDAQ
MGX,"Metagenomi Therapeutics, Inc. - Common Stock",EQUITY,NASDAQ
MGYR,"Magyar Bancorp, Inc. - Common Stock",EQUITY,NASDAQ
MIAC,Meridian3 Industrials Acquisition Corp - Class A Ordinary Shares,EQUITY,NASDAQ
MIDD,The Middleby Corporation - Common Stock,EQUITY,NASDAQ
MILN,Global X Millennial Consumer ETF,ETF,NASDAQ
MIMI,Mint Incorporation Limited - Class A Ordinary Shares,EQUITY,NASDAQ
MIND,"MIND Technology, Inc. - Common Stock",EQUITY,NASDAQ
MIRA,"MIRA Pharmaceuticals, Inc. - Common Stock",EQUITY,NASDAQ
MIRM,"Mirum Pharmaceuticals, Inc. - common stock",EQUITY,NASDAQ
MIST,Milestone Pharmaceuticals Inc. - Common Shares,EQUITY,NASDAQ
MITK,"Mitek Systems, Inc. - Common Stock",EQUITY,NASDAQ
MKAM,MKAM ETF,ETF,NASDAQ
MKDW,MKDWELL Tech Inc. - Ordinary Shares,EQUITY,NASDAQ
MKLY,McKinley Acquisition Corporation - Class A Ordinary Shares,EQUITY,NASDAQ
MKSI,MKS Inc. - Common Stock,EQUITY,NASDAQ
MKTW,"MarketWise, Inc. - Class A Common Stock",EQUITY,NASDAQ
MKTX,"MarketAxess Holdings, Inc. - Common Stock",EQUITY,NASDAQ
MKZR,"MacKenzie Realty Capital, Inc. - Common Stock",EQUITY,NASDAQ
MLAA,Mountain Lake Acquisition Corp. II - Class A Ordinary Shares,EQUITY,NASDAQ
MLAB,"Mesa Laboratories, Inc. - Common Stock",EQUITY,NASDAQ
MLCI,Mount Logan Capital Inc. - Common Stock,EQUITY,NASDAQ
MLCO,Melco Resorts & Entertainment Limited - American Depositary Shares,EQUITY,NASDAQ
MLEC,Moolec Science SA - Ordinary Shares,EQUITY,NASDAQ
MLGO,"MicroAlgo, Inc. - Ordinary Shares",EQUITY,NASDAQ
MLKN,"MillerKnoll, Inc. - Common Stock",EQUITY,NASDAQ
MLTX,MoonLake Immunotherapeutics - Class A Ordinary Shares,EQUITY,NASDAQ
MLYS,"Mineralys Therapeutics, Inc. - Common Stock",EQUITY,NASDAQ
MMED,"MiniMed Group, Inc. - Common Stock",EQUITY,NASDAQ
MMSI,"Merit Medical Systems, Inc. - Common Stock",EQUITY,NASDAQ
MMTX,Miluna Acquisition Corp - Class A Ordinary Shares,EQUITY,NASDAQ
MMYT,MakeMyTrip Limited - Ordinary Shares,EQUITY,NASDAQ
MNDO,MIND C.T.I. Ltd. - Ordinary Shares,EQUITY,NASDAQ
MNDR,Mobile-health Network Solutions - Class A Ordinary Shares,EQUITY,NASDAQ
MNDY,monday.com Ltd. - Ordinary Shares,EQUITY,NASDAQ
MNKD,MannKind Corporation - Common Stock,EQUITY,NASDAQ
MNOV,"MediciNova, Inc. - Common Stock",EQUITY,NASDAQ
MNPR,Monopar Therapeutics Inc. - Common Stock,EQUITY,NASDAQ
MNRO,"Monro, Inc.  - Common Stock",EQUITY,NASDAQ
MNSB,"MainStreet Bancshares, Inc. - Common Stock",EQUITY,NASDAQ
MNSBP,"MainStreet Bancshares, Inc. - Depositary Shares",EQUITY,NASDAQ
MNST,Monster Beverage Corporation - Common Stock,EQUITY,NASDAQ
MNTK,"Montauk Renewables, Inc. - Common Stock",EQUITY,NASDAQ
MNTS,Momentus Inc. - Class A Common Stock,EQUITY,NASDAQ
MNVT,Moonvest ETF,ETF,NASDAQ
MNY,MoneyHero Limited - Class A Ordinary Shares,EQUITY,NASDAQ
MNZL,Manzil Russell Halal USA Broad Market ETF,ETF,NASDAQ
MOB,Mobilicom Limited - Ordinary Shares,EQUITY,NASDAQ
MOBI,"Mobia Medical, Inc. - Common Stock",EQUITY,NASDAQ
MOBX,"Mobix Labs, Inc. - Class A Common Stock",EQUITY,NASDAQ
MODD,"Modular Medical, Inc. - common stock",EQUITY,NASDAQ
MODL,VictoryShares WestEnd U.S. Sector ETF,ETF,NASDAQ
MOLN,Molecular Partners AG - American Depositary Shares,EQUITY,NASDAQ
MOMO,Hello Group Inc.  - American Depositary Shares,EQUITY,NASDAQ
MOOD,Relative Sentiment Tactical Allocation ETF,ETF,NASDAQ
MORN,"Morningstar, Inc. - Common Stock",EQUITY,NASDAQ
MOVE,"Corvex, Inc. - Common Stock",EQUITY,NASDAQ
MPAA,"Motorcar Parts of America, Inc. - Common Stock",EQUITY,NASDAQ
MPB,Mid Penn Bancorp - Common Stock,EQUITY,NASDAQ
MPG,Leverage Shares 2X Long MP Daily ETF,ETF,NASDAQ
MPIA,m+ Nasdaq-100 Accelerator Autocall ETF,ETF,NASDAQ
MPLT,"MapLight Therapeutics, Inc. - Common Stock",EQUITY,NASDAQ
MPWR,"Monolithic Power Systems, Inc. - Common Stock",EQUITY,NASDAQ
MQ,"Marqeta, Inc. - Class A Common Stock",EQUITY,NASDAQ
MQQQ,Tradr 2X Long Innovation 100 Monthly ETF,ETF,NASDAQ
MRA,GraniteShares Autocallable MARA ETF,ETF,NASDAQ
MRAL,GraniteShares 2x Long MARA Daily ETF,ETF,NASDAQ
MRAM,"Everspin Technologies, Inc. - Common Stock",EQUITY,NASDAQ
MRBK,Meridian Corporation - Common Stock,EQUITY,NASDAQ
MRCO,Mercator Acquisition Corp. - Class A Ordinary Shares,EQUITY,NASDAQ
MRCY,Mercury Systems Inc - Common Stock,EQUITY,NASDAQ
MRDN,Meridian Holdings Inc. - Common Stock,EQUITY,NASDAQ
MREO,Mereo BioPharma Group plc - American Depositary Shares,EQUITY,NASDAQ
MRKR,"Marker Therapeutics, Inc. - Common Stock",EQUITY,NASDAQ
MRLN,"Merlin, Inc. - Common Stock",EQUITY,NASDAQ
MRM,MEDIROM Healthcare Technologies Inc. - American Depositary Share,EQUITY,NASDAQ
MRNA,"Moderna, Inc. - Common Stock",EQUITY,NASDAQ
MRNO,Murano Global Investments PLC - Ordinary Shares,EQUITY,NASDAQ
MRTN,"Marten Transport, Ltd. - Common Stock",EQUITY,NASDAQ
MRVI,"Maravai LifeSciences Holdings, Inc. - Class A common stock",EQUITY,NASDAQ
MRVL,"Marvell Technology, Inc. - Common Stock",EQUITY,NASDAQ
MRVU,Direxion Daily MRVL Bull 2X ETF,ETF,NASDAQ
MRX,Marex Group Limited - Ordinary Shares,EQUITY,NASDAQ
MSAI,"MultiSensor AI Holdings, Inc. - Common Stock",EQUITY,NASDAQ
MSBI,"Midland States Bancorp, Inc. - Common Stock",EQUITY,NASDAQ
MSEX,Middlesex Water Company - Common Stock,EQUITY,NASDAQ
MSFD,Direxion Daily MSFT Bear 1X ETF,ETF,NASDAQ
MSFL,GraniteShares 2x Long MSFT Daily ETF,ETF,NASDAQ
MSFT,Microsoft Corporation - Common Stock,EQUITY,NASDAQ
MSFU,Direxion Daily MSFT Bull 2X ETF,ETF,NASDAQ
MSGM,Motorsport Games Inc. - Class A Common Stock,EQUITY,NASDAQ
MSGY,Masonglory Limited - Class A Ordinary Shares,EQUITY,NASDAQ
MSLE,Satellos Bioscience Inc. - Common Stock,EQUITY,NASDAQ
MSR,GraniteShares Autocallable MSTR ETF,ETF,NASDAQ
MSS,Maison Solutions Inc. - Class A Common Stock,EQUITY,NASDAQ
MST,Defiance Leveraged Long + Income MSTR ETF,ETF,NASDAQ
MSTP,GraniteShares 2x Long MSTR Daily ETF,ETF,NASDAQ
MSTR,Strategy Inc - Class A Common Stock,EQUITY,NASDAQ
MSTX,Defiance Daily Target 2x Long MSTR ETF,ETF,NASDAQ
MTAK,Market Technology Acquisition Corp - Class A Ordinary Shares,EQUITY,NASDAQ
MTC,"MMTec, Inc. - Common Shares",EQUITY,NASDAQ
MTCH,"Match Group, Inc. - Common Stock",EQUITY,NASDAQ
MTEK,Maris-Tech Ltd. - ordinary shares,EQUITY,NASDAQ
MTEN,Mingteng International Corporation Inc. - Class A Ordinary Shares,EQUITY,NASDAQ
MTEX,"Mannatech, Incorporated - Common Stock",EQUITY,NASDAQ
MTLS,Materialise NV - American Depositary Shares,EQUITY,NASDAQ
MTRX,Matrix Service Company - Common Stock,EQUITY,NASDAQ
MTSI,"MACOM Technology Solutions Holdings, Inc. - Common Stock",EQUITY,NASDAQ
MTVA,MetaVia Inc.  - Common Stock,EQUITY,NASDAQ
MTYY,GraniteShares YieldBOOST MSTR ETF,ETF,NASDAQ
MU,"Micron Technology, Inc. - Common Stock",EQUITY,NASDAQ
MUD,Direxion Daily MU Bear 1X ETF,ETF,NASDAQ
MULL,GraniteShares 2x Long MU Daily ETF,ETF,NASDAQ
MULT,Franklin Multisector Income ETF,ETF,NASDAQ
MUU,Direxion Daily MU Bull 2X ETF,ETF,NASDAQ
MUYY,GraniteShares YieldBOOST MU ETF,ETF,NASDAQ
MUZE,Muzero Acquisition Corp - Class A Ordinary Shares,EQUITY,NASDAQ
MVBF,MVB Financial Corp. - Common Stock,EQUITY,NASDAQ
MVIS,"MicroVision, Inc. - Common Stock",EQUITY,NASDAQ
MVLL,GraniteShares 2x Long MRVL Daily ETF,ETF,NASDAQ
MVST,"Microvast Holdings, Inc. - Common Stock",EQUITY,NASDAQ
MWC,"Micware Co., Ltd. - American Depositary Shares",EQUITY,NASDAQ
MWH,"SOLV Energy, Inc. - Class A common stock",EQUITY,NASDAQ
MWYN,"Marwynn Holdings, Inc. - Common stock",EQUITY,NASDAQ
MXCT,"MaxCyte, Inc. - Common Stock",EQUITY,NASDAQ
MXL,"MaxLinear, Inc - Common Stock",EQUITY,NASDAQ
MYCF,State Street My2026 Corporate Bond ETF,ETF,NASDAQ
MYCG,State Street My2027 Corporate Bond ETF,ETF,NASDAQ
MYCH,State Street My2028 Corporate Bond ETF,ETF,NASDAQ
MYCI,State Street My2029 Corporate Bond ETF,ETF,NASDAQ
MYCJ,State Street My2030 Corporate Bond ETF,ETF,NASDAQ
MYCK,State Street My2031 Corporate Bond ETF,ETF,NASDAQ
MYCL,State Street My2032 Corporate Bond ETF,ETF,NASDAQ
MYCM,State Street My2033 Corporate Bond ETF,ETF,NASDAQ
MYCN,State Street My2034 Corporate Bond ETF,ETF,NASDAQ
MYCO,State Street My2035 Corporate Bond ETF,ETF,NASDAQ
MYCP,State Street My2036 Corporate Bond ETF,ETF,NASDAQ
MYFW,"First Western Financial, Inc. - Common Stock",EQUITY,NASDAQ
MYGN,"Myriad Genetics, Inc. - Common Stock",EQUITY,NASDAQ
MYHA,State Street My2027 High Yield Corporate Bond ETF,ETF,NASDAQ
MYHB,State Street My2028 High Yield Corporate Bond ETF,ETF,NASDAQ
MYHC,State Street My2029 High Yield Corporate Bond ETF,ETF,NASDAQ
MYHD,State Street My2030 High Yield Corporate Bond ETF,ETF,NASDAQ
MYHE,State Street My2031 High Yield Corporate Bond ETF,ETF,NASDAQ
MYHF,State Street My2032 High Yield Corporate Bond ETF,ETF,NASDAQ
MYMF,State Street My2026 Municipal Bond ETF,ETF,NASDAQ
MYMG,State Street My2027 Municipal Bond ETF,ETF,NASDAQ
MYMH,State Street My2028 Municipal Bond ETF,ETF,NASDAQ
MYMI,State Street My2029 Municipal Bond ETF,ETF,NASDAQ
MYMJ,State Street My2030 Municipal Bond ETF,ETF,NASDAQ
MYMK,State Street My2031 Municipal Bond ETF,ETF,NASDAQ
MYML,State Street My2032 Municipal Bond ETF,ETF,NASDAQ
MYPS,"PLAYSTUDIOS, Inc.  - Class A Common Stock",EQUITY,NASDAQ
MYRG,"MYR Group, Inc. - Common Stock",EQUITY,NASDAQ
MYSE,"Myseum.AI, Inc. - Common Stock",EQUITY,NASDAQ
MYSZ,"My Size, Inc. - Common Stock",EQUITY,NASDAQ
MYX,Maywood Acquisition Corp. 2 - Class A Ordinary Share,EQUITY,NASDAQ
MZTI,The Marzetti Company - Common Stock,EQUITY,NASDAQ
NA,Nano Labs Ltd - Class A Ordinary Shares,EQUITY,NASDAQ
NAAS,NaaS Technology Inc. - American Depositary Shares,EQUITY,NASDAQ
NAGE,"Niagen Bioscience, Inc. - Common Stock",EQUITY,NASDAQ
NAII,"Natural Alternatives International, Inc. - Common Stock",EQUITY,NASDAQ
NAKA,Nakamoto Inc. - Common Stock,EQUITY,NASDAQ
NAMI,Jinxin Technology Holding Company - American Depositary Shares,EQUITY,NASDAQ
NAMM,Namib Minerals - Ordinary Shares,EQUITY,NASDAQ
NAMS,NewAmsterdam Pharma Company N.V. - Ordinary Shares,EQUITY,NASDAQ
NATH,"Nathan's Famous, Inc. - Common Stock",EQUITY,NASDAQ
NATO,Themes Transatlantic Defense ETF,ETF,NASDAQ
NATR,"Nature's Sunshine Products, Inc. - Common Stock",EQUITY,NASDAQ
NAUT,"Nautilus Biotechnology, Inc. - Common Stock",EQUITY,NASDAQ
NAVI,Navient Corporation - Common Stock,EQUITY,NASDAQ
NAVN,"Navan, Inc. - Class A Common Stock",EQUITY,NASDAQ
NB,NioCorp Developments Ltd. - Common Stock,EQUITY,NASDAQ
NBBK,"NB Bancorp, Inc. - Common Stock",EQUITY,NASDAQ
NBIG,Leverage Shares 2X Long NBIS Daily ETF,ETF,NASDAQ
NBIL,GraniteShares 2x Long NBIS Daily ETF,ETF,NASDAQ
NBIS,Nebius Group N.V. - Class A Ordinary Shares,EQUITY,NASDAQ
NBIX,"Neurocrine Biosciences, Inc. - Common Stock",EQUITY,NASDAQ
NBN,Northeast Bank - Common Stock,EQUITY,NASDAQ
NBP,NovaBridge Biosciences - American Depositary Shares,EQUITY,NASDAQ
NBRG,Newbridge Acquisition Limited - Class A Ordinary Share,EQUITY,NASDAQ
NBTB,NBT Bancorp Inc. - Common Stock,EQUITY,NASDAQ
NBTX,Nanobiotix S.A. - ADSs,EQUITY,NASDAQ
NCEL,NewcelX Ltd. - Ordinary Shares,EQUITY,NASDAQ
NCEW,New Century Logistics (BVI) Limited - Ordinary Shares,EQUITY,NASDAQ
NCI,Neo-Concept International Group Holdings Limited - Class A Ordinary Shares,EQUITY,NASDAQ
NCIQ,Hashdex Nasdaq CME Crypto Index ETF,ETF,NASDAQ
NCLD,Roundhill Neocloud ETF,ETF,NASDAQ
NCMI,"National CineMedia, Inc. - Common Stock",EQUITY,NASDAQ
NCNA,NuCana plc - American Depositary Shares,EQUITY,NASDAQ
NCNO,"nCino, Inc. - Common Stock",EQUITY,NASDAQ
NCO,Southern Cross Acquisition I Corp. - Ordinary Shares,EQUITY,NASDAQ
NCPB,Nuveen Core Plus Bond ETF,ETF,NASDAQ
NCPL,Netcapital Inc. - Common Stock,EQUITY,NASDAQ
NCRA,"Nocera, Inc. - common stock",EQUITY,NASDAQ
NCT,Intercont (Cayman) Limited - Class A Ordinary shares,EQUITY,NASDAQ
NCTY,The9 Limited - American Depository Shares,EQUITY,NASDAQ
NDAA,Ned Davis Research 360 Dynamic Allocation ETF,ETF,NASDAQ
NDAQ,"Nasdaq, Inc. - Common Stock",EQUITY,NASDAQ
NDLS,Noodles & Company - Class A Common Stock,EQUITY,NASDAQ
NDRA,ENDRA Life Sciences Inc. - Common Stock,EQUITY,NASDAQ
NDSN,Nordson Corporation - Common Stock,EQUITY,NASDAQ
NECB,"NorthEast Community Bancorp, Inc. - Common Stock",EQUITY,NASDAQ
NEGG,"Newegg Commerce, Inc. - Common Shares",EQUITY,NASDAQ
NEMG,Leverage Shares 2x Long NEM Daily ETF,ETF,NASDAQ
NEO,"NeoGenomics, Inc. - Common Stock",EQUITY,NASDAQ
NEOG,Neogen Corporation - Common Stock,EQUITY,NASDAQ
NEON,Neonode Inc. - Common Stock,EQUITY,NASDAQ
NEOV,NeoVolta Inc. - Common Stock,EQUITY,NASDAQ
NEPH,"Nephros, Inc. - Common Stock",EQUITY,NASDAQ
NERV,"Minerva Neurosciences, Inc - Common Stock",EQUITY,NASDAQ
NESR,National Energy Services Reunited Corp - Ordinary Shares,EQUITY,NASDAQ
NETG,Leverage Shares 2X Long NET Daily ETF,ETF,NASDAQ
NEUP,Neuphoria Therapeutics Inc. - Common Stock,EQUITY,NASDAQ
NEWT,"NewtekOne, Inc. - Common Stock",EQUITY,NASDAQ
NEWZ,StockSnips AI-Powered Sentiment US All Cap ETF,ETF,NASDAQ
NEXM,NexMetals Mining Corp. - Common Stock,EQUITY,NASDAQ
NEXN,Nexxen International Ltd. - Ordinary Shares,EQUITY,NASDAQ
NEXR,Nexera Technologies Ltd - Ordinary Shares,EQUITY,NASDAQ
NEXT,NextDecade Corporation - Common Stock,EQUITY,NASDAQ
NFE,New Fortress Energy Inc. - Class A Common Stock,EQUITY,NASDAQ
NFLX,"Netflix, Inc. - Common Stock",EQUITY,NASDAQ
NFRX,Harrison Street Infrastructure Active ETF,ETF,NASDAQ
NFTY,First Trust India Nifty 50 Equal Weight ETF,ETF,NASDAQ
NFXL,Direxion Daily NFLX Bull 2X ETF,ETF,NASDAQ
NFXS,Direxion Daily NFLX Bear 1X ETF,ETF,NASDAQ
NGEN,NervGen Pharma Corp. - Common stock,EQUITY,NASDAQ
NGHT,Nicholas Bitcoin and Treasuries AfterDark ETF,ETF,NASDAQ
NGNE,Neurogene Inc. - Common Stock,EQUITY,NASDAQ
NHIV,NewHold Investment Corp IV - Class A Ordinary Shares,EQUITY,NASDAQ
NHP,"National Healthcare Properties, Inc. - Class A Common Stock",EQUITY,NASDAQ
NHTC,Natural Health Trends Corp. - Common Stock,EQUITY,NASDAQ
NICE,NICE Ltd - American Depositary Shares each representing one Ordinary Share,EQUITY,NASDAQ
NICM,Nicola Mining Inc. - American Depositary Shares,EQUITY,NASDAQ
NIKI,"Niki BioSolutions, Inc. - Common Stock",EQUITY,NASDAQ
NIKL,Sprott Nickel Miners ETF,ETF,NASDAQ
NIOG,Leverage Shares 2X Long NIO Daily ETF,ETF,NASDAQ
NIPG,NIP Group Inc. - American Depositary Shares,EQUITY,NASDAQ
NIU,Niu Technologies - American Depositary Shares,EQUITY,NASDAQ
NIVF,NewGenIvf Group Limited - Class A Ordinary Shares,EQUITY,NASDAQ
NIXT,Research Affiliates Deletions ETF,ETF,NASDAQ
NIXX,"Nixxy, Inc. - Common Stock",EQUITY,NASDAQ
NKLR,Terra Innovatum Global N.V. - Ordinary shares,EQUITY,NASDAQ
NKSH,"National Bankshares, Inc. - Common Stock",EQUITY,NASDAQ
NKTR,Nektar Therapeutics - Common Stock,EQUITY,NASDAQ
NKTX,"Nkarta, Inc. - Common Stock",EQUITY,NASDAQ
NMAD,"Nomad Power Solutions, Inc. - Common Stock",EQUITY,NASDAQ
NMFC,New Mountain Finance Corporation - Common Stock,EQUITY,NASDAQ
NMIH,NMI Holdings Inc - Common Stock,EQUITY,NASDAQ
NMP,NMP Acquisition Corp. - Class A Ordinary Shares,EQUITY,NASDAQ
NMRA,"Neumora Therapeutics, Inc. - Common Stock",EQUITY,NASDAQ
NMRK,"Newmark Group, Inc. - Class A Common Stock",EQUITY,NASDAQ
NMTC,NeuroOne Medical Technologies Corporation - Common Stock,EQUITY,NASDAQ
NN,NextNav Inc. - Common stock,EQUITY,NASDAQ
NNBR,"NN, Inc. - Common Stock",EQUITY,NASDAQ
NNDM,Nano Dimension Ltd. - American Depositary Shares,EQUITY,NASDAQ
NNE,Nano Nuclear Energy Inc. - common stock,EQUITY,NASDAQ
NNNN,Anbio Biotechnology - Class A Ordinary Shares,EQUITY,NASDAQ
NNOX,NANO-X IMAGING LTD - Ordinary Shares,EQUITY,NASDAQ
NODK,"NI Holdings, Inc. - Common Stock",EQUITY,NASDAQ
NOEM,CO2 Energy Transition Corp. - Common Stock,EQUITY,NASDAQ
NOMA,NOMADAR Corp. - Class A Common Stock,EQUITY,NASDAQ
NOVT,Novanta Inc. - Common Shares,EQUITY,NASDAQ
NOWL,GraniteShares 2x Long NOW Daily ETF,ETF,NASDAQ
NPAC,New Providence Acquisition Corp. III - Ordinary Shares,EQUITY,NASDAQ
NPCE,"Neuropace, Inc. - Common Stock",EQUITY,NASDAQ
NPT,Texxon Holding Limited - Ordinary shares,EQUITY,NASDAQ
NRC,NRC Health - Common Stock,EQUITY,NASDAQ
NRDS,"NerdWallet, Inc. - Class A Common Stock",EQUITY,NASDAQ
NRES,Xtrackers RREEF Global Natural Resources ETF,ETF,NASDAQ
NRIM,Northrim BanCorp Inc - Common Stock,EQUITY,NASDAQ
NRIX,"Nurix Therapeutics, Inc. - Common stock",EQUITY,NASDAQ
NRSN,NeuroSense Therapeutics Ltd. - Ordinary Shares,EQUITY,NASDAQ
NRXP,"NRX Pharmaceuticals, Inc. - Common Stock",EQUITY,NASDAQ
NSAI,NorthStrive Acquisition Corp I. - Class A Ordinary Shares,EQUITY,NASDAQ
NSI,National Security Emerging Markets Index ETF,ETF,NASDAQ
NSIT,"Insight Enterprises, Inc. - Common Stock",EQUITY,NASDAQ
NSLR,Neostellar Capital Corp. - Closed End Fund,EQUITY,NASDAQ
NSPR,InspireMD Inc. - Common Stock,EQUITY,NASDAQ
NSSC,"NAPCO Security Technologies, Inc. - Common Stock",EQUITY,NASDAQ
NSTS,"NSTS Bancorp, Inc. - Common Stock",EQUITY,NASDAQ
NSYS,Nortech Systems Incorporated - Common Stock,EQUITY,NASDAQ
NTAL,GraniteShares 2x Long NTAP Daily ETF,ETF,NASDAQ
NTAP,"NetApp, Inc. - Common Stock",EQUITY,NASDAQ
NTCL,NETCLASS TECHNOLOGY INC - Class A Ordinary Shares,EQUITY,NASDAQ
NTCT,"NetScout Systems, Inc. - Common Stock",EQUITY,NASDAQ
NTES,"NetEase, Inc. - American Depositary Shares, each representing 5 ordinary shares",EQUITY,NASDAQ
NTGR,"NETGEAR, Inc. - Common Stock",EQUITY,NASDAQ
NTHI,"NeOnc Technologies Holdings, Inc. - Common Stock",EQUITY,NASDAQ
NTIC,Northern Technologies International Corporation - Common Stock,EQUITY,NASDAQ
NTLA,"Intellia Therapeutics, Inc. - Common Stock",EQUITY,NASDAQ
NTNX,"Nutanix, Inc. - Class A Common Stock",EQUITY,NASDAQ
NTRA,"Natera, Inc. - Common Stock",EQUITY,NASDAQ
NTRB,Nutriband Inc. - Common Stock,EQUITY,NASDAQ
NTRP,"NextTrip, Inc. - Common Stock",EQUITY,NASDAQ
NTRS,Northern Trust Corporation - Common Stock,EQUITY,NASDAQ
NTSK,"Netskope, Inc. - Class A Common Stock",EQUITY,NASDAQ
NTWK,NETSOL Technologies Inc. - Common Stock,EQUITY,NASDAQ
NTWO,Newbury Street II Acquisition Corp - Class A Ordinary Shares,EQUITY,NASDAQ
NUAI,"New Era Energy & Digital, Inc. - Common Stock",EQUITY,NASDAQ
NUCL,Eagle Nuclear Energy Corp. - Common stock,EQUITY,NASDAQ
NUG,Leverage Shares 2X Long NU Daily ETF,ETF,NASDAQ
NUGY,GraniteShares YieldBOOST Gold Miners ETF,ETF,NASDAQ
NUIB,Nuveen Impact Bond ETF,ETF,NASDAQ
NUIF,Nuveen US Infrastructure ETF,ETF,NASDAQ
NUR,Nuran Wireless Inc. - Common Shares,EQUITY,NASDAQ
NUSB,Nuveen Ultra Short Income ETF,ETF,NASDAQ
NUTX,Nutex Health Inc. - Common Stock,EQUITY,NASDAQ
NUWE,"Nuwellis, Inc. - Common Stock",EQUITY,NASDAQ
NVAX,"Novavax, Inc. - Common Stock",EQUITY,NASDAQ
NVCR,NovoCure Limited - Ordinary Shares,EQUITY,NASDAQ
NVCT,"Nuvectis Pharma, Inc. - Common Stock",EQUITY,NASDAQ
NVD,GraniteShares 2x Short NVDA Daily ETF,ETF,NASDAQ
NVDA,NVIDIA Corporation - Common Stock,EQUITY,NASDAQ
NVDD,Direxion Daily NVDA Bear 1X ETF,ETF,NASDAQ
NVDG,Leverage Shares 2X Long NVDA Daily ETF,ETF,NASDAQ
NVDL,GraniteShares 2x Long NVDA Daily ETF,ETF,NASDAQ
NVDS,Tradr 1.5X Short NVDA Daily ETF,ETF,NASDAQ
NVDU,Direxion Daily NVDA Bull 2X ETF,ETF,NASDAQ
NVEC,NVE Corporation - Common Stock,EQUITY,NASDAQ
NVMI,Nova Ltd. - Ordinary Shares,EQUITY,NASDAQ
NVNI,Nvni Group Limited - Ordinary Shares,EQUITY,NASDAQ
NVNO,enVVeno Medical Corporation - Common Stock,EQUITY,NASDAQ
NVPS,PurePlay Nvidia Ecosystem Picks & Shovels Index ETF,ETF,NASDAQ
NVTS,Navitas Semiconductor Corporation - Common Stock,EQUITY,NASDAQ
NVX,NOVONIX Limited - American Depository Shares,EQUITY,NASDAQ
NVYY,GraniteShares YieldBOOST NVDA ETF,ETF,NASDAQ
NWBI,"Northwest Bancshares, Inc. - Common Stock",EQUITY,NASDAQ
NWCL,newcleo plc - Ordinary Shares,EQUITY,NASDAQ
NWE,"NorthWestern Energy Group, Inc.  - Common Stock",EQUITY,NASDAQ
NWFL,Norwood Financial Corp. - Common Stock,EQUITY,NASDAQ
NWGL,CL Workshop Group Limited - American Depositary Shares,EQUITY,NASDAQ
NWL,Newell Brands Inc. - Common Stock,EQUITY,NASDAQ
NWPX,"NWPX Infrastructure, Inc. - Common Stock",EQUITY,NASDAQ
NWS,News Corporation - Class B Common Stock,EQUITY,NASDAQ
NWSA,News Corporation - Class A Common Stock,EQUITY,NASDAQ
NWTG,"Newton Golf Company, Inc. - Common Stock",EQUITY,NASDAQ
NXAT,Nexus Advanced Technologies Inc. - Ordinary Shares,EQUITY,NASDAQ
NXGL,"NexGel, Inc - Common Stock",EQUITY,NASDAQ
NXH,"Neighborhood Intelligence, Inc.  - Common Stock",EQUITY,NASDAQ
NXL,"Nexalin Technology, Inc. - Common Stock",EQUITY,NASDAQ
NXPI,NXP Semiconductors N.V. - Common Stock,EQUITY,NASDAQ
NXPL,NextPlat Corp - Common Stock,EQUITY,NASDAQ
NXST,"Nexstar Media Group, Inc. - Common Stock",EQUITY,NASDAQ
NXT,Nextpower Inc. - Common Stock,EQUITY,NASDAQ
NXTC,"NextCure, Inc. - Common Stock",EQUITY,NASDAQ
NXTG,First Trust Indxx NextG ETF,ETF,NASDAQ
NXTS,Nexentis Technologies Inc. - Common Stock,EQUITY,NASDAQ
NXTT,Next Technology Holding Inc. - Ordinary Shares,EQUITY,NASDAQ
NXXT,"NextNRG, Inc. - Common Stock",EQUITY,NASDAQ
NYAX,Nayax Ltd. - Ordinary Shares,EQUITY,NASDAQ
NYXH,Nyxoah SA - Ordinary Shares,EQUITY,NASDAQ
NZAC,State Street SPDR MSCI ACWI Climate Paris Aligned ETF,ETF,NASDAQ
OABI,"OmniAb, Inc. - Common Stock",EQUITY,NASDAQ
OACC,Oaktree Acquisition Corp. III Life Sciences - Class A Ordinary Share,EQUITY,NASDAQ
OBA,Oxley Bridge Acquisition Limited - Class A Ordinary Shares,EQUITY,NASDAQ
OBAI,"Our Bond, Inc. - Common Stock",EQUITY,NASDAQ
OBIL,US Treasury 12 Month Bill ETF,ETF,NASDAQ
OBIO,"Orchestra BioMed Holdings, Inc. - Ordinary Shares",EQUITY,NASDAQ
OBT,"Orange County Bancorp, Inc. - Common Stock",EQUITY,NASDAQ
OBTC,Osprey Bitcoin Trust,ETF,NASDAQ
OBX,"Obsidian Therapeutics, Inc. - Common Stock",EQUITY,NASDAQ
OCC,Optical Cable Corporation - Common Stock,EQUITY,NASDAQ
OCCI,"OFS Credit Company, Inc. - Closed End Fund",EQUITY,NASDAQ
OCFC,OceanFirst Financial Corp. - Common Stock,EQUITY,NASDAQ
OCG,Oriental Culture Holding LTD - Ordinary Shares,EQUITY,NASDAQ
OCGN,"Ocugen, Inc. - Common Stock",EQUITY,NASDAQ
OCLT,OceanLight Acquisition Corporation - Ordinary Shares,EQUITY,NASDAQ
OCS,Oculis Holding AG - Ordinary shares,EQUITY,NASDAQ
OCSL,Oaktree Specialty Lending Corporation - Closed End Fund,EQUITY,NASDAQ
OCTV,Octave Intelligence plc - Class B Ordinary Shares,EQUITY,NASDAQ
OCUL,"Ocular Therapeutix, Inc. - Common Stock",EQUITY,NASDAQ
ODD,ODDITY Tech Ltd. - Class A Ordinary Shares,EQUITY,NASDAQ
ODDS,Pacer BlueStar Digital Entertainment ETF,ETF,NASDAQ
ODFL,"Old Dominion Freight Line, Inc. - Common Stock",EQUITY,NASDAQ
ODTE,VegaShares SPX NDX RTY Premium Income ETF,ETF,NASDAQ
ODTX,"Odyssey Therapeutics, Inc. - Common Stock",EQUITY,NASDAQ
ODYS,Odysight.ai Inc. - Common Stock,EQUITY,NASDAQ
OESX,"Orion Energy Systems, Inc. - Common Stock",EQUITY,NASDAQ
OFAL,OFA Group - Class A Ordinary Shares,EQUITY,NASDAQ
OFIX,Orthofix Medical Inc.  - Common Stock,EQUITY,NASDAQ
OFLX,"Omega Flex, Inc. - Common Stock",EQUITY,NASDAQ
OFS,OFS Capital Corporation - Closed End Fund,EQUITY,NASDAQ
OGI,Organigram Global Inc. - Common Shares,EQUITY,NASDAQ
OHAC,Oceanhawk Acquisition Corp. - Class A Ordinary Shares,EQUITY,NASDAQ
OIG,Orion180 Insurance Group Inc. - Class A Common Stock,EQUITY,NASDAQ
OIM,OneIM Acquisition Corp. - Class A Ordinary Shares,EQUITY,NASDAQ
OIO,OIO Group - Ordinary Shares,EQUITY,NASDAQ
OKLL,Defiance Daily Target 2x Long OKLO ETF,ETF,NASDAQ
OKTA,"Okta, Inc. - Class A Common Stock",EQUITY,NASDAQ
OKTG,Leverage Shares 2X Long OKTA Daily ETF,ETF,NASDAQ
OKUR,"OnKure Therapeutics, Inc. - Class A Common Stock",EQUITY,NASDAQ
OKYO,OKYO Pharma Limited - Ordinary Shares,EQUITY,NASDAQ
OLB,"The OLB Group, Inc. - Common Stock",EQUITY,NASDAQ
OLED,Universal Display Corporation - Common Stock,EQUITY,NASDAQ
OLLI,"Ollie's Bargain Outlet Holdings, Inc. - Common Stock",EQUITY,NASDAQ
OLMA,"Olema Pharmaceuticals, Inc. - Common Stock",EQUITY,NASDAQ
OLOX,Olenox Industries Inc. - Common Stock,EQUITY,NASDAQ
OM,"Outset Medical, Inc. - Common Stock",EQUITY,NASDAQ
OMAB,Grupo Aeroportuario del Centro Norte S.A.B. de C.V. - American Depositary Shares each representing 8 Series B shares,EQUITY,NASDAQ
OMCL,"Omnicell, Inc. - Common Stock",EQUITY,NASDAQ
OMDA,"Omada Health, Inc. - Common Stock",EQUITY,NASDAQ
OMER,Omeros Corporation - Common Stock,EQUITY,NASDAQ
OMEX,"Odyssey Marine Exploration, Inc. - Common Stock",EQUITY,NASDAQ
OMH,Ohmyhome Limited - Class A Ordinary Shares,EQUITY,NASDAQ
OMSE,OMS Energy Technologies Inc. - Ordinary Shares,EQUITY,NASDAQ
ON,ON Semiconductor Corporation - Common Stock,EQUITY,NASDAQ
ONB,Old National Bancorp - Common Stock,EQUITY,NASDAQ
ONC,BeOne Medicines Ltd. - American Depositary Shares,EQUITY,NASDAQ
ONCH,1RT Acquisition Corp. - Class A Ordinary Share,EQUITY,NASDAQ
ONCO,"Onconetix, Inc.  - Common Stock",EQUITY,NASDAQ
ONCY,Oncolytics Biotech Inc. - Common Stock,EQUITY,NASDAQ
ONDG,Leverage Shares 2X Long ONDS Daily ETF,ETF,NASDAQ
ONDS,Ondas Inc - Common Stock,EQUITY,NASDAQ
ONEG,OneConstruction Group Limited - Ordinary Shares,EQUITY,NASDAQ
ONEN,ONE Nuclear Energy Inc. - Common Stock,EQUITY,NASDAQ
ONEQ,Fidelity Nasdaq Composite Index ETF,ETF,NASDAQ
ONEW,OneWater Marine Inc. - Class A Common Stock,EQUITY,NASDAQ
ONFO,Onfolio Holdings Inc. - Common Stock,EQUITY,NASDAQ
ONMD,OneMedNet Corp - Class A Common Stock,EQUITY,NASDAQ
OPAD,Offerpad Solutions Inc.  - Class A Common Stock,EQUITY,NASDAQ
OPAL,OPAL Fuels Inc. - Class A Common Stock,EQUITY,NASDAQ
OPBK,OP Bancorp - Common Stock,EQUITY,NASDAQ
OPCH,"Option Care Health, Inc. - Common Stock",EQUITY,NASDAQ
OPEG,Leverage Shares 2X Long OPEN Daily ETF,ETF,NASDAQ
OPEN,Opendoor Technologies Inc  - Common Stock,EQUITY,NASDAQ
OPI,Office Properties Income Trust - Common shares of beneficial interest,EQUITY,NASDAQ
OPK,"Opko Health, Inc. - Common Stock",EQUITY,NASDAQ
OPPJ,WisdomTree Japan Opportunities Fund,ETF,NASDAQ
OPRA,Opera Limited - American Depositary Shares,EQUITY,NASDAQ
OPRT,Oportun Financial Corporation - common stock,EQUITY,NASDAQ
OPRX,OptimizeRx Corporation - Common Stock,EQUITY,NASDAQ
OPTH,Optimi Health Corp. - Common Shares,EQUITY,NASDAQ
OPTX,"Syntec Optics Holdings, Inc. - Class A Common Stock",EQUITY,NASDAQ
OPTZ,Optimize Strategy Index ETF,ETF,NASDAQ
OPXS,"Optex Systems Holdings, Inc. - Common Stock",EQUITY,NASDAQ
ORBS,Eightco Holdings Inc. - Common Stock,EQUITY,NASDAQ
ORBX,Global X Space Tech ETF,ETF,NASDAQ
ORCS,Direxion Daily ORCL Bear 1X ETF,ETF,NASDAQ
ORCU,Direxion Daily ORCL Bull 2X ETF,ETF,NASDAQ
ORCX,Defiance Daily Target 2X Long ORCL ETF,ETF,NASDAQ
ORGO,Organogenesis Holdings Inc.  - Class A,EQUITY,NASDAQ
ORIC,"Oric Pharmaceuticals, Inc. - Common Stock",EQUITY,NASDAQ
ORIO,Orion Digital Corp. - Common Shares,EQUITY,NASDAQ
ORIQ,Origin Investment Corp I - Ordinary Shares,EQUITY,NASDAQ
ORKA,"Oruka Therapeutics, Inc. - Common Stock",EQUITY,NASDAQ
ORKT,Orangekloud Technology Inc. - Class A Ordinary Shares,EQUITY,NASDAQ
ORLY,"O'Reilly Automotive, Inc. - Common Stock",EQUITY,NASDAQ
ORMP,Oramed Pharmaceuticals Inc. - Common Stock,EQUITY,NASDAQ
ORR,Militia Long/Short Equity ETF,ETF,NASDAQ
ORRF,"Orrstown Financial Services, Inc. - Common Stock",EQUITY,NASDAQ
OSBC,"Old Second Bancorp, Inc. - Common Stock",EQUITY,NASDAQ
OSCX,Defiance Daily Target 2x Long OSCR ETF,ETF,NASDAQ
OSIS,"OSI Systems, Inc. - Common Stock",EQUITY,NASDAQ
OSPN,OneSpan Inc. - Common Stock,EQUITY,NASDAQ
OSPR,Osprey Acquisition Corp. III - Class A Ordinary Shares,EQUITY,NASDAQ
OSS,"One Stop Systems, Inc. - Common Stock",EQUITY,NASDAQ
OST,"Ostin Technology Group Co., Ltd. - Class A Ordinary Shares",EQUITY,NASDAQ
OSUR,"OraSure Technologies, Inc. - Common Stock",EQUITY,NASDAQ
OSW,OneSpaWorld Holdings Limited - Common Shares,EQUITY,NASDAQ
OTEX,Open Text Corporation - Common Shares,EQUITY,NASDAQ
OTGA,OTG Acquisition Corp. I - Class A Ordinary Share,EQUITY,NASDAQ
OTGL,OTG Latin America ETF,ETF,NASDAQ
OTLK,"Outlook Therapeutics, Inc. - Common Stock",EQUITY,NASDAQ
OTLY,Oatly Group AB - American Depositary Shares,EQUITY,NASDAQ
OTTR,Otter Tail Corporation - Common Stock,EQUITY,NASDAQ
OUST,"Ouster, Inc. - Common Stock",EQUITY,NASDAQ
OVBC,Ohio Valley Banc Corp. - Common Stock,EQUITY,NASDAQ
OVID,Ovid Therapeutics Inc. - Common Stock,EQUITY,NASDAQ
OVLY,Oak Valley Bancorp (CA) - Common Stock,EQUITY,NASDAQ
OWLS,OBOOK Holdings Inc. - Class A Common Shares,EQUITY,NASDAQ
OXBR,Oxbridge Re Holdings Limited - Ordinary Shares,EQUITY,NASDAQ
OXLC,Oxford Lane Capital Corp. - Closed End Fund,EQUITY,NASDAQ
OXSQ,Oxford Square Capital Corp. - Closed End Fund,EQUITY,NASDAQ
OYSE,Oyster Enterprises II Acquisition Corp - Class A Ordinary Shares,EQUITY,NASDAQ
OZEM,Roundhill GLP-1 & Weight Loss ETF,ETF,NASDAQ
OZK,Bank OZK - Common Stock,EQUITY,NASDAQ
PAAC,Proem Acquisition Corp I - Ordinary Shares,EQUITY,NASDAQ
PABD,iShares Paris-Aligned Climate Optimized MSCI World ex USA ETF,ETF,NASDAQ
PABU,iShares Paris-Aligned Climate Optimized MSCI USA ETF,ETF,NASDAQ
PACB,"Pacific Biosciences of California, Inc. - Common Stock",EQUITY,NASDAQ
PACH,Pioneer Acquisition I Corp - Class A Ordinary Shares,EQUITY,NASDAQ
PAGP,"Plains GP Holdings, L.P. - Class A Shares representing limited partner interests",EQUITY,NASDAQ
PAHC,Phibro Animal Health Corporation - Class A Common Stock,EQUITY,NASDAQ
PAL,"Proficient Auto Logistics, Inc. - Common Stock",EQUITY,NASDAQ
PALD,Direxion Daily PANW Bear 1X ETF,ETF,NASDAQ
PALI,"Palisade Bio, Inc. - Common Stock",EQUITY,NASDAQ
PALO,Paloma Acquisition Corp I - Class A Ordinary Shares,EQUITY,NASDAQ
PALU,Direxion Daily PANW Bull 2X ETF,ETF,NASDAQ
PAMT,PAMT CORP - Common Stock,EQUITY,NASDAQ
PANG,Leverage Shares 2X Long PANW Daily ETF,ETF,NASDAQ
PANL,Pangaea Logistics Solutions Ltd. - Common Stock,EQUITY,NASDAQ
PANW,"Palo Alto Networks, Inc. - Common Stock",EQUITY,NASDAQ
PARA,"Banzai International, Inc. - Class A Common Stock",EQUITY,NASDAQ
PARK,"Park Dental Partners, Inc. - Common Stock",EQUITY,NASDAQ
PASG,"Passage Bio, Inc. - Common Stock",EQUITY,NASDAQ
PASW,"Ping An Biomedical Co., Ltd. - Class A Ordinary Shares",EQUITY,NASDAQ
PATK,"Patrick Industries, Inc. - Common Stock",EQUITY,NASDAQ
PATN,Pacer Nasdaq International Patent Leaders ETF,ETF,NASDAQ
PAVM,PAVmed Inc. - Common Stock,EQUITY,NASDAQ
PAVS,Paranovus Entertainment Technology Ltd. - Class A Ordinary Shares,EQUITY,NASDAQ
PAX,Patria Investments Limited - Class A Common Shares,EQUITY,NASDAQ
PAYO,Payoneer Global Inc. - Common Stock,EQUITY,NASDAQ
PAYP,PayPay Corporation - American Depository Shares,EQUITY,NASDAQ
PAYS,"Paysign, Inc. - Common Stock",EQUITY,NASDAQ
PAYX,"Paychex, Inc. - Common Stock",EQUITY,NASDAQ
PBAM,"Private Bancorp of America, Inc. - Common Stock",EQUITY,NASDAQ
PBCS,Portfolio Building Block World Consumer Staples ETF,ETF,NASDAQ
PBEU,Portfolio Building Block European Banks Index ETF,ETF,NASDAQ
PBFS,"Pioneer Bancorp, Inc. - Common Stock",EQUITY,NASDAQ
PBHC,"Pathfinder Bancorp, Inc. - Common Stock",EQUITY,NASDAQ
PBK,PowerBank Corporation - Common Stock,EQUITY,NASDAQ
PBLS,"Parabilis Medicines, Inc. - Common Stock",EQUITY,NASDAQ
PBM,Psyence Biomedical Ltd. - Common Shares,EQUITY,NASDAQ
PBOG,Portfolio Building Block Integrated Oil and Gas and Exploration and Production Index ETF,ETF,NASDAQ
PBPH,Portfolio Building Block World Pharma and Biotech Index ETF,ETF,NASDAQ
PBQQ,PGIM Laddered Nasdaq-100 Buffer 12 ETF,ETF,NASDAQ
PBRG,Leverage Shares 2X Long PBR Daily ETF,ETF,NASDAQ
PBSC,Pacer Barings Secured Credit Flex ETF,ETF,NASDAQ
PBUB,Portfolio Building Block US Banks ETF,ETF,NASDAQ
PBWN,Portfolio Building Block World Ex US Industrials ETF,ETF,NASDAQ
PBYI,Puma Biotechnology Inc - Common Stock,EQUITY,NASDAQ
PC,Premium Catering (Holdings) Limited - Ordinary Shares,EQUITY,NASDAQ
PCAP,ProCap Acquisition Corp - Class A Ordinary Shares,EQUITY,NASDAQ
PCAR,PACCAR Inc. - Common Stock,EQUITY,NASDAQ
PCB,PCB Bancorp - Common Stock,EQUITY,NASDAQ
PCLA,PicoCELA Inc. - American Depositary Shares,EQUITY,NASDAQ
PCMM,BondBloxx Private Credit CLO ETF,ETF,NASDAQ
PCPI,PIMCO Inflation PLUS Active Exchange-Traded Fund,ETF,NASDAQ
PCRX,"Pacira BioSciences, Inc. - Common Stock",EQUITY,NASDAQ
PCSA,"Processa Pharmaceuticals, Inc. - Common Stock",EQUITY,NASDAQ
PCT,"PureCycle Technologies, Inc. - Common stock",EQUITY,NASDAQ
PCTY,Paylocity Holding Corporation - Common Stock,EQUITY,NASDAQ
PCVX,"Vaxcyte, Inc. - Common Stock",EQUITY,NASDAQ
PCYO,Pure Cycle Corporation - Common Stock,EQUITY,NASDAQ
PDBA,Invesco Agriculture Commodity Strategy No K-1 ETF,ETF,NASDAQ
PDBC,Invesco Optimum Yield Diversified Commodity Strategy No K-1 ETF,ETF,NASDAQ
PDC,Perpetuals.com Ltd - American Depositary Shares,EQUITY,NASDAQ
PDD,PDD Holdings Inc. - American Depositary Shares,EQUITY,NASDAQ
PDDL,GraniteShares 2x Long PDD Daily ETF,ETF,NASDAQ
PDEX,"Pro-Dex, Inc. - Common Stock",EQUITY,NASDAQ
PDFS,"PDF Solutions, Inc. - Common Stock",EQUITY,NASDAQ
PDLB,"Ponce Financial Group, Inc. - Common Stock",EQUITY,NASDAQ
PDP,Invesco Dorsey Wright Momentum ETF,ETF,NASDAQ
PDSB,PDS Biotechnology Corporation - Common Stock,EQUITY,NASDAQ
PDYN,Palladyne AI Corp. - Common stock,EQUITY,NASDAQ
PEBK,"Peoples Bancorp of North Carolina, Inc. - Common Stock",EQUITY,NASDAQ
PEBO,Peoples Bancorp Inc. - Common Stock,EQUITY,NASDAQ
PECE,Peace Acquisition Corp - Ordinary Shares,EQUITY,NASDAQ
PECO,"Phillips Edison & Company, Inc. - Common Stock",EQUITY,NASDAQ
PEGA,Pegasystems Inc. - Common Stock,EQUITY,NASDAQ
PENG,"Penguin Solutions, Inc. - Common Stock",EQUITY,NASDAQ
PENN,"PENN Entertainment, Inc. - Common Stock",EQUITY,NASDAQ
PEP,"PepsiCo, Inc. - Common Stock",EQUITY,NASDAQ
PEPG,PepGen Inc. - Common Stock,EQUITY,NASDAQ
PEPS,Parametric Equity Plus ETF,ETF,NASDAQ
PERI,Perion Network Ltd - Ordinary Shares,EQUITY,NASDAQ
PESI,"Perma-Fix Environmental Services, Inc. - Common Stock",EQUITY,NASDAQ
PETS,"PetMed Express, Inc. - Common Stock",EQUITY,NASDAQ
PETZ,"TDH Holdings, Inc. - Common Shares",EQUITY,NASDAQ
PEY,Invesco High Yield Equity Dividend Achievers ETF,ETF,NASDAQ
PEZ,Invesco Dorsey Wright Consumer Cyclicals Momentum ETF,ETF,NASDAQ
PFAI,Pinnacle Food Group Limited - Class A Common Shares,EQUITY,NASDAQ
PFDE,Pathfinder Disciplined US Equity ETF,ETF,NASDAQ
PFG,Principal Financial Group Inc - Common Stock,EQUITY,NASDAQ
PFI,Invesco Dorsey Wright Financial Momentum ETF,ETF,NASDAQ
PFIS,Peoples Financial Services Corp.  - Common Stock,EQUITY,NASDAQ
PFM,Invesco Dividend Achievers ETF,ETF,NASDAQ
PFOE,Pathfinder Focused Opportunities ETF,ETF,NASDAQ
PFSA,"Profusa, Inc. - Common Stock",EQUITY,NASDAQ
PFX,PhenixFIN Corporation  - Common Stock,EQUITY,NASDAQ
PGAC,Pantages Capital Acquisition Corporation - Class A Ordinary Shares,EQUITY,NASDAQ
PGC,Peapack-Gladstone Financial Corporation - Common Stock,EQUITY,NASDAQ
PGEN,"Precigen, Inc. - Common Stock",EQUITY,NASDAQ
PGJ,Invesco Golden Dragon China ETF,ETF,NASDAQ
PGNY,"Progyny, Inc. - Common Stock",EQUITY,NASDAQ
PGY,Pagaya Technologies Ltd. - Class A Ordinary Shares,EQUITY,NASDAQ
PHAR,"Pharming Group N.V. - ADS, each representing 10 ordinary shares",EQUITY,NASDAQ
PHAT,"Phathom Pharmaceuticals, Inc. - Common Stock",EQUITY,NASDAQ
PHIO,Phio Pharmaceuticals Corp. - Common Stock,EQUITY,NASDAQ
PHO,Invesco Water Resources ETF,ETF,NASDAQ
PHOE,Phoenix Asia Holdings Limited - Ordinary Shares,EQUITY,NASDAQ
PHOS,First Phosphate Corp. - American Depositary Shares,EQUITY,NASDAQ
PHUN,"Phunware, Inc. - Common Stock",EQUITY,NASDAQ
PHVS,Pharvaris N.V. - Ordinary Shares,EQUITY,NASDAQ
PI,"Impinj, Inc. - Common Stock",EQUITY,NASDAQ
PICS,PicS N.V. - Class A Common Shares,EQUITY,NASDAQ
PID,Invesco International Dividend Achievers ETF,ETF,NASDAQ
PIE,Invesco Dorsey Wright Emerging Markets Momentum ETF,ETF,NASDAQ
PIII,P3 Health Partners Inc. - Class A Common Stock,EQUITY,NASDAQ
PIO,Invesco Global Water ETF,ETF,NASDAQ
PIZ,Invesco Dorsey Wright Developed Markets Momentum ETF,ETF,NASDAQ
PKBK,"Parke Bancorp, Inc. - Common Stock",EQUITY,NASDAQ
PKOH,Park-Ohio Holdings Corp. - Common Stock,EQUITY,NASDAQ
PKW,Invesco BuyBack Achievers ETF,ETF,NASDAQ
PLA,GraniteShares Autocallable PLTR ETF,ETF,NASDAQ
PLAB,"Photronics, Inc. - Common Stock",EQUITY,NASDAQ
PLAY,"Dave & Buster's Entertainment, Inc. - Common Stock",EQUITY,NASDAQ
PLBC,Plumas Bancorp - Common Stock,EQUITY,NASDAQ
PLBL,Polibeli Group Ltd - Class A Ordinary Shares,EQUITY,NASDAQ
PLBY,"Playboy, Inc. - Common Stock",EQUITY,NASDAQ
PLCE,"Children's Place, Inc. (The) - Common Stock",EQUITY,NASDAQ
PLCI,Pelican Acquisition II Corporation - Ordinary Shares,EQUITY,NASDAQ
PLMK,Plum Acquisition Corp. IV - Class A Ordinary Shares,EQUITY,NASDAQ
PLMR,"Palomar Holdings, Inc. - Common stock",EQUITY,NASDAQ
PLPC,Preformed Line Products Company - Common Stock,EQUITY,NASDAQ
PLRX,"Pliant Therapeutics, Inc. - Common Stock",EQUITY,NASDAQ
PLRZ,Polyrizon Ltd. - Ordinary Shares,EQUITY,NASDAQ
PLSE,"Pulse Biosciences, Inc - Common Stock",EQUITY,NASDAQ
PLSM,Pulsenmore Ltd. - Ordinary Shares,EQUITY,NASDAQ
PLTD,Direxion Daily PLTR Bear 1X ETF,ETF,NASDAQ
PLTG,Leverage Shares 2X Long PLTR Daily ETF,ETF,NASDAQ
PLTK,Playtika Holding Corp. - Common Stock,EQUITY,NASDAQ
PLTR,Palantir Technologies Inc. - Class A Common Stock,EQUITY,NASDAQ
PLTU,Direxion Daily PLTR Bull 2X ETF,ETF,NASDAQ
PLTZ,Defiance Daily Target 2x Short PLTR ETF,ETF,NASDAQ
PLUG,"Plug Power, Inc. - Common Stock",EQUITY,NASDAQ
PLUL,Leverage Shares 2X Long PLUG Daily ETF,ETF,NASDAQ
PLUR,Pluri Inc. - Common Stock,EQUITY,NASDAQ
PLUS,ePlus inc. - Common Stock,EQUITY,NASDAQ
PLUT,Plutus Financial Group Limited - Ordinary Shares,EQUITY,NASDAQ
PLXS,Plexus Corp. - Common Stock,EQUITY,NASDAQ
PLYX,"Polaryx Therapeutics, Inc. - Common Stock",EQUITY,NASDAQ
PLYY,GraniteShares YieldBOOST PLTR ETF,ETF,NASDAQ
PMA,PMA Graphene Technology Group Inc. - Class A Ordinary Shares,EQUITY,NASDAQ
PMAX,Powell Max Limited - Class A Ordinary Shares,EQUITY,NASDAQ
PMBS,PIMCO Mortgage-Backed Securities Active Exchange-Traded Fund,ETF,NASDAQ
PMCB,"PharmaCyte  Biotech, Inc. - Common Stock",EQUITY,NASDAQ
PMEC,Primech Holdings Ltd. - Ordinary Shares,EQUITY,NASDAQ
PMN,ProMIS Neurosciences Inc. - Common Shares,EQUITY,NASDAQ
PMTR,Perimeter Acquisition Corp. I - Class A Ordinary Shares,EQUITY,NASDAQ
PMTS,CPI Card Group Inc. - Common Stock,EQUITY,NASDAQ
PMVP,"PMV Pharmaceuticals, Inc. - Common Stock",EQUITY,NASDAQ
PN,PN Smart Energy Limited - Class A Ordinary Shares,EQUITY,NASDAQ
PNBK,Patriot National Bancorp Inc. - Common Stock,EQUITY,NASDAQ
PNQI,Invesco Nasdaq Internet ETF,ETF,NASDAQ
PNRG,PrimeEnergy Resources Corporation - Common Stock,EQUITY,NASDAQ
PNTG,"The Pennant Group, Inc. - Common Stock",EQUITY,NASDAQ
POCI,"Precision Optics Corporation, Inc. - Common stock",EQUITY,NASDAQ
PODC,"PodcastOne, Inc. - Common Stock",EQUITY,NASDAQ
PODD,Insulet Corporation - Common Stock,EQUITY,NASDAQ
POET,POET Technologies Inc. - Common Shares,EQUITY,NASDAQ
POLA,"Polar Power, Inc. - Common Stock",EQUITY,NASDAQ
POLE,Andretti Acquisition Corp. II - Class A Ordinary Shares,EQUITY,NASDAQ
POM,POMDOCTOR LIMITED - American Depositary Shares,EQUITY,NASDAQ
PONO,"Pono Capital Four, Inc. - Class A Ordinary Shares",EQUITY,NASDAQ
PONY,Pony AI Inc. - American Depositary Shares,EQUITY,NASDAQ
POOL,Pool Corporation - Common Stock,EQUITY,NASDAQ
POWI,"Power Integrations, Inc. - Common Stock",EQUITY,NASDAQ
POWL,"Powell Industries, Inc. - Common Stock",EQUITY,NASDAQ
POWW,Outdoor Holding Company - Common Stock,EQUITY,NASDAQ
PPBT,Purple Biotech Ltd. - American Depositary Shares,EQUITY,NASDAQ
PPC,Pilgrim's Pride Corporation - Common Stock,EQUITY,NASDAQ
PPCB,"Propanc Biopharma, Inc. - Common Stock",EQUITY,NASDAQ
PPH,VanEck Pharmaceutical ETF,ETF,NASDAQ
PPHC,"Public Policy Holding Company, Inc. - Common Stock",EQUITY,NASDAQ
PPI,Astoria Real Assets ETF,ETF,NASDAQ
PPIH,"Perma-Pipe International Holdings, Inc. - Common Stock",EQUITY,NASDAQ
PPLI,People Incorporated - Common Stock,EQUITY,NASDAQ
PPSI,"Pioneer Power Solutions, Inc. - Common Stock",EQUITY,NASDAQ
PPTA,Perpetua Resources Corp. - Common Shares,EQUITY,NASDAQ
PQAP,PGIM Nasdaq-100 Buffer 12 ETF - April,ETF,NASDAQ
PQJA,PGIM Nasdaq-100 Buffer 12 ETF - January,ETF,NASDAQ
PQJL,PGIM Nasdaq-100 Buffer 12 ETF - July,ETF,NASDAQ
PQOC,PGIM Nasdaq-100 Buffer 12 ETF - October,ETF,NASDAQ
PRAA,"PRA Group, Inc. - Common Stock",EQUITY,NASDAQ
PRAX,"Praxis Precision Medicines, Inc. - Common Stock",EQUITY,NASDAQ
PRCH,"Porch Group, Inc. - Common Stock",EQUITY,NASDAQ
PRCT,PROCEPT BioRobotics Corporation - Common Stock,EQUITY,NASDAQ
PRDO,Perdoceo Education Corporation - Common Stock,EQUITY,NASDAQ
PRE,Prenetics Global Limited - Class A Ordinary Share,EQUITY,NASDAQ
PRFX,PRF Technologies Ltd. - Ordinary Shares,EQUITY,NASDAQ
PRFZ,Invesco RAFI US 1500 Small-Mid ETF,ETF,NASDAQ
PRGS,Progress Software Corporation - Common Stock,EQUITY,NASDAQ
PRHI,"Presurance Holdings, Inc. - Common Stock",EQUITY,NASDAQ
PRLD,Prelude Therapeutics Incorporated - Common Stock,EQUITY,NASDAQ
PRME,"Prime Medicine, Inc. - Common Stock",EQUITY,NASDAQ
PRMR,PeakShares RMR Prime Equity ETF,ETF,NASDAQ
PRN,Invesco Dorsey Wright Industrials Momentum ETF,ETF,NASDAQ
PROF,Profound Medical Corp. - common stock,EQUITY,NASDAQ
PROK,ProKidney Corp. - Class A Ordinary Shares,EQUITY,NASDAQ
PROP,Prairie Operating Co. - Common Stock,EQUITY,NASDAQ
PROV,"Provident Financial Holdings, Inc. - Common Stock",EQUITY,NASDAQ
PRPL,"Purple Innovation, Inc. - Common Stock",EQUITY,NASDAQ
PRPO,"Precipio, Inc. - Common Stock",EQUITY,NASDAQ
PRQR,ProQR Therapeutics N.V. - Ordinary Shares,EQUITY,NASDAQ
PRSO,Peraso Inc. - Common Stock,EQUITY,NASDAQ
PRTA,Prothena Corporation plc - Ordinary Shares,EQUITY,NASDAQ
PRTH,"Priority Technology Holdings, Inc. - Common Stock",EQUITY,NASDAQ
PRTS,"CarParts.com, Inc. - Common Stock",EQUITY,NASDAQ
PRVA,"Privia Health Group, Inc. - Common Stock",EQUITY,NASDAQ
PRZO,ParaZero Technologies Ltd. - Ordinary Shares,EQUITY,NASDAQ
PSC,Principal U.S. Small-Cap ETF,ETF,NASDAQ
PSCC,Invesco S&P SmallCap Consumer Staples ETF,ETF,NASDAQ
PSCD,Invesco S&P SmallCap Consumer Discretionary ETF,ETF,NASDAQ
PSCE,Invesco S&P SmallCap Energy ETF,ETF,NASDAQ
PSCF,Invesco S&P SmallCap Financials ETF,ETF,NASDAQ
PSCH,Invesco S&P SmallCap Health Care ETF,ETF,NASDAQ
PSCI,Invesco S&P SmallCap Industrials ETF,ETF,NASDAQ
PSCM,Invesco S&P SmallCap Materials ETF,ETF,NASDAQ
PSCT,Invesco S&P SmallCap Information Technology ETF,ETF,NASDAQ
PSCU,Invesco S&P SmallCap Utilities & Communication Services ETF,ETF,NASDAQ
PSEC,Prospect Capital Corporation - Closed End Fund,EQUITY,NASDAQ
PSET,Principal Quality ETF,ETF,NASDAQ
PSHG,Performance Shipping Inc. - Common Shares,EQUITY,NASDAQ
PSIG,PS International Group Ltd. - Ordinary Shares,EQUITY,NASDAQ
PSIX,"Power Solutions International, Inc. - Common Stock",EQUITY,NASDAQ
PSKY,Paramount Skydance Corporation - Class B Common Stock,EQUITY,NASDAQ
PSL,Invesco Dorsey Wright Consumer Staples Momentum ETF,ETF,NASDAQ
PSMT,"PriceSmart, Inc. - Common Stock",EQUITY,NASDAQ
PSNL,"Personalis, Inc. - Common Stock",EQUITY,NASDAQ
PSNY,Polestar Automotive Holding UK Limited - Class A ADS,EQUITY,NASDAQ
PSNYW,Polestar Automotive Holding UK Limited - Class C-1 ADS (ADW),EQUITY,NASDAQ
PSQL,Pasqal Holding SA - Ordinary Shares,EQUITY,NASDAQ
PSTR,PeakShares Sector Rotation ETF,ETF,NASDAQ
PSWD,Xtrackers Cybersecurity Select Equity ETF,ETF,NASDAQ
PTAC,Patriot Acquisition Corp. - Class A Ordinary Shares,EQUITY,NASDAQ
PTC,PTC Inc. - Common Stock,EQUITY,NASDAQ
PTCT,"PTC Therapeutics, Inc. - Common Stock",EQUITY,NASDAQ
PTEN,"Patterson-UTI Energy, Inc. - Common Stock",EQUITY,NASDAQ
PTF,Invesco Dorsey Wright Technology Momentum ETF,ETF,NASDAQ
PTGX,"Protagonist Therapeutics, Inc. - Common Stock",EQUITY,NASDAQ
PTH,Invesco Dorsey Wright Healthcare Momentum ETF,ETF,NASDAQ
PTIR,GraniteShares 2x Long PLTR Daily ETF,ETF,NASDAQ
PTLE,PTL LTD - Class A Ordinary Shares,EQUITY,NASDAQ
PTLO,Portillo's Inc. - Class A Common Stock,EQUITY,NASDAQ
PTN,"Palatin Technologies, Inc. - Common Stock",EQUITY,NASDAQ
PTNQ,Pacer Trendpilot 100 ETF,ETF,NASDAQ
PTON,"Peloton Interactive, Inc. - Common Stock",EQUITY,NASDAQ
PTOR,Praetorian Acquisition Corp. - Class A Ordinary Shares,EQUITY,NASDAQ
PTRN,Pattern Group Inc. - Series A Common Stock,EQUITY,NASDAQ
PUBM,"PubMatic, Inc. - Class A Common Stock",EQUITY,NASDAQ
PUI,Invesco Dorsey Wright Utilities Momentum ETF,ETF,NASDAQ
PUL,GraniteShares 2x Long P Daily ETF,ETF,NASDAQ
PULM,"Pulmatrix, Inc. - Common Stock",EQUITY,NASDAQ
PUR,Defiance Daily Target 2X Long PURR ETF,ETF,NASDAQ
PURR,Hyperliquid Strategies Inc - Common Stock,EQUITY,NASDAQ
PUSA,Aureus Greenway Holdings Inc. - Common Stock,EQUITY,NASDAQ
PVLA,"Palvella Therapeutics, Inc. - Common Stock",EQUITY,NASDAQ
PWCM,"PowerCompute, Inc. - Common Stock",EQUITY,NASDAQ
PWP,Perella Weinberg Partners - Class A Common Stock,EQUITY,NASDAQ
PWRD,TCW Transform Systems ETF,ETF,NASDAQ
PWRL,Powerlaw Corp. - Common Stock,EQUITY,NASDAQ
PXI,Invesco Dorsey Wright Energy Momentum ETF,ETF,NASDAQ
PXLW,"Pixelworks, Inc. - Common Stock",EQUITY,NASDAQ
PXS,Pyxis Tankers Inc. - Common Stock,EQUITY,NASDAQ
PY,Principal Value ETF,ETF,NASDAQ
PYPD,PolyPid Ltd. - Ordinary Shares,EQUITY,NASDAQ
PYPG,Leverage Shares 2X Long PYPL Daily ETF,ETF,NASDAQ
PYPL,"PayPal Holdings, Inc. - Common Stock",EQUITY,NASDAQ
PYXS,"Pyxis Oncology, Inc. - Common Stock",EQUITY,NASDAQ
PYZ,Invesco Dorsey Wright Basic Materials Momentum ETF,ETF,NASDAQ
PZZA,"Papa John's International, Inc. - Common Stock",EQUITY,NASDAQ
QABA,First Trust NASDAQ ABA Community Bank Index Fund,ETF,NASDAQ
QADR,QDRO Acquisition Corp. - Class A Ordinary Shares,EQUITY,NASDAQ
QALT,SEI DBi Multi-Strategy Alternative ETF,ETF,NASDAQ
QAT,iShares MSCI Qatar ETF,ETF,NASDAQ
QB,ProShares Nasdaq-100 Dynamic Buffer ETF,ETF,NASDAQ
QBIG,Invesco Top QQQ ETF,ETF,NASDAQ
QBTS,D-Wave Quantum Inc. - Common Stock,EQUITY,NASDAQ
QBTZ,Defiance Daily Target 2x Short QBTS ETF,ETF,NASDAQ
QBUF,Innovator Nasdaq-100 10 Buffer ETF Quarterly,ETF,NASDAQ
QBY,GraniteShares YieldBoost QBTS ETF,ETF,NASDAQ
QCLN,First Trust NASDAQ Clean Edge Green Energy Index Fund,ETF,NASDAQ
QCLR,Global X NASDAQ 100 Collar 95-110 ETF,ETF,NASDAQ
QCLS,"Q/C Technologies, Inc. - Common Stock",EQUITY,NASDAQ
QCMD,Direxion Daily QCOM Bear 1X ETF,ETF,NASDAQ
QCML,GraniteShares 2x Long QCOM Daily ETF,ETF,NASDAQ
QCMU,Direxion Daily QCOM Bull 2X ETF,ETF,NASDAQ
QCOM,QUALCOMM Incorporated - Common Stock,EQUITY,NASDAQ
QCRH,"QCR Holdings, Inc. - Common Stock",EQUITY,NASDAQ
QDEL,QuidelOrtho Corporation - Common Stock,EQUITY,NASDAQ
QDTY,YieldMax Nasdaq 100 0DTE Covered Call Strategy ETF,ETF,NASDAQ
QETA,Quetta Acquisition Corporation - Common Stock,EQUITY,NASDAQ
QEW,Invesco QQQ Equal Weight ETF,ETF,NASDAQ
QFF,Qualivian Focus Fund ETF,ETF,NASDAQ
QFIN,"Qfin Holdings, Inc.  - American Depositary Shares",EQUITY,NASDAQ
QGRD,Horizon Nasdaq-100 Defined Risk ETF,ETF,NASDAQ
QH,Quhuo Limited - Class A Ordinary Shares,EQUITY,NASDAQ
QLDY,Defiance Nasdaq 100 LightningSpread Income ETF,ETF,NASDAQ
QLYS,"Qualys, Inc. - Common Stock",EQUITY,NASDAQ
QMCO,Quantum Corporation - Common Stock,EQUITY,NASDAQ
QMID,WisdomTree U.S. MidCap Quality Growth Fund,ETF,NASDAQ
QMLS,"QumulusAI, Inc. - Common Stock",EQUITY,NASDAQ
QMOM,Alpha Architect U.S. Quantitative Momentum ETF,ETF,NASDAQ
QNBC,QNB Corp. - Common Stock,EQUITY,NASDAQ
QNCX,"Quince Therapeutics, Inc. - Common Stock",EQUITY,NASDAQ
QNDX,State Street SPDR Portfolio Nasdaq 100 ETF,ETF,NASDAQ
QNME,"Quanome Technologies, Inc. - Common Stock",EQUITY,NASDAQ
QNRX,"Quoin Pharmaceuticals, Ltd. - American Depositary Shares",EQUITY,NASDAQ
QNST,"QuinStreet, Inc. - Common Stock",EQUITY,NASDAQ
QNT,Quantinuum Inc. - Class A Common Stock,EQUITY,NASDAQ
QNTM,Quantum Biopharma Ltd. - Class B Subordinate Voting Shares,EQUITY,NASDAQ
QNXT,iShares Nasdaq-100 ex Top 30 ETF,ETF,NASDAQ
QOWZ,Invesco Nasdaq Free Cash Flow Achievers ETF,ETF,NASDAQ
QPUX,Defiance 2X Daily Long Pure Quantum ETF,ETF,NASDAQ
QQA,Invesco QQQ Income Advantage ETF,ETF,NASDAQ
QQDN,ProShares UltraShort QQQ Mega,ETF,NASDAQ
QQEW,First Trust Nasdaq-100 Select Equal Weight ETF,ETF,NASDAQ
QQHG,Invesco QQQ Hedged Advantage ETF,ETF,NASDAQ
QQI,Invesco Nasdaq International Innovators 100 ETF,ETF,NASDAQ
QQLV,Invesco QQQ Low Volatility ETF,ETF,NASDAQ
QQMG,Invesco ESG NASDAQ 100 ETF,ETF,NASDAQ
QQQ,"Invesco QQQ Trust, Series 1",ETF,NASDAQ
QQQA,ProShares Nasdaq-100 Dorsey Wright Momentum ETF,ETF,NASDAQ
QQQB,VistaShares Shield Nasdaq 100 Enhanced Protection ETF,ETF,NASDAQ
QQQE,Direxion NASDAQ-100 Equal Weighted Index ETF,ETF,NASDAQ
QQQG,Pacer Nasdaq 100 Top 50 Cash Cows Growth Leaders ETF,ETF,NASDAQ
QQQH,NEOS Nasdaq-100 Hedged Equity Income ETF,ETF,NASDAQ
QQQI,NEOS Nasdaq 100 High Income ETF,ETF,NASDAQ
QQQJ,Invesco NASDAQ Next Gen 100 ETF,ETF,NASDAQ
QQQM,Invesco NASDAQ 100 ETF,ETF,NASDAQ
QQQP,Tradr 2X Long Innovation 100 Quarterly ETF,ETF,NASDAQ
QQQS,Invesco NASDAQ Future Gen 200 ETF,ETF,NASDAQ
QQQT,Defiance Nasdaq 100 Income Target ETF,ETF,NASDAQ
QQQX,Nuveen NASDAQ 100 Dynamic Overwrite Fund - Closed End Fund,EQUITY,NASDAQ
QQQY,Defiance Nasdaq 100 Weekly Distribution ETF,ETF,NASDAQ
QQUP,ProShares Ultra QQQ Mega,ETF,NASDAQ
QQWZ,Pacer Cash COWZ 100-Nasdaq 100 Rotator ETF,ETF,NASDAQ
QQXL,ProShares Ultra QQQ Top 30,ETF,NASDAQ
QQXT,First Trust NASDAQ-100 Ex-Technology Sector Index Fund,ETF,NASDAQ
QRHC,Quest Resource Holding Corporation - Common Stock,EQUITY,NASDAQ
QRMI,Global X NASDAQ 100 Risk Managed Income ETF,ETF,NASDAQ
QRVO,"Qorvo, Inc. - Common Stock",EQUITY,NASDAQ
QS,QuantumScape Corporation - Common Stock,EQUITY,NASDAQ
QSEA,Quartzsea Acquisition Corporation - Ordinary Shares,EQUITY,NASDAQ
QSI,Quantum-Si Incorporated - Class A Common Stock,EQUITY,NASDAQ
QSIX,Pacer Metaurus Nasdaq 100 Dividend Multiplier 600 ETF,ETF,NASDAQ
QSML,WisdomTree U.S. SmallCap Quality Growth Fund,ETF,NASDAQ
QTEC,First Trust NASDAQ-100-Technology Sector Index Fund,ETF,NASDAQ
QTEX,QTREX Quantum Ltd. - Ordinary Shares,EQUITY,NASDAQ
QTI,"QT Imaging Holdings, Inc. - Common Stock",EQUITY,NASDAQ
QTOP,iShares Nasdaq Top 30 Stocks ETF,ETF,NASDAQ
QTR,Global X NASDAQ 100 Tail Risk ETF,ETF,NASDAQ
QTRX,Quanterix Corporation - Common Stock,EQUITY,NASDAQ
QTTB,Q32 Bio Inc. - Common Stock,EQUITY,NASDAQ
QTUM,Defiance Quantum ETF,ETF,NASDAQ
QUBT,Quantum Computing Inc. - Common Stock,EQUITY,NASDAQ
QUCY,Quantum Cyber N.V. - Ordinary Shares,EQUITY,NASDAQ
QUIK,QuickLogic Corporation - Common Stock,EQUITY,NASDAQ
QUMS,Quantumsphere Acquisition Corp. - Ordinary Shares,EQUITY,NASDAQ
QURE,uniQure N.V. - Ordinary Shares,EQUITY,NASDAQ
QVAL,Alpha Architect U.S. Quantitative Value ETF,ETF,NASDAQ
QVCG,"QVC Group, Inc. - Common Stock",EQUITY,NASDAQ
QVOL,Infrastructure Capital Nasdaq Option Income ETF,ETF,NASDAQ
QXL,Quantum X Labs Inc. - Common Stock,EQUITY,NASDAQ
QXQ,SGI Enhanced Nasdaq-100 ETF,ETF,NASDAQ
QYLD,Global X NASDAQ 100 Covered Call ETF,ETF,NASDAQ
QYLG,Global X Nasdaq 100 Covered Call & Growth ETF,ETF,NASDAQ
RAA,SMI 3Fourteen REAL Asset Allocation ETF,ETF,NASDAQ
RACC,Research Alliance Corporation III - Class A Ordinary Shares,EQUITY,NASDAQ
RACD,Research Alliance Corporation IV - Class A Ordinary Shares,EQUITY,NASDAQ
RADX,Radiopharm Theranostics Limited - American Depositary Shares,EQUITY,NASDAQ
RAIL,"Freightcar America, Inc. - Common Stock",EQUITY,NASDAQ
RAIN,"Rain Enhancement Technologies Holdco, Inc. - Class A Common Stock",EQUITY,NASDAQ
RAND,Rand Capital Corporation - Closed End Fund,EQUITY,NASDAQ
RANG,Range Capital Acquisition Corp. - Ordinary Shares,EQUITY,NASDAQ
RANI,"Rani Therapeutics Holdings, Inc. - Class A Common Stock",EQUITY,NASDAQ
RAPP,"Rapport Therapeutics, Inc. - Common Stock",EQUITY,NASDAQ
RARE,Ultragenyx Pharmaceutical Inc. - Common Stock,EQUITY,NASDAQ
RAUS,RACWI US ETF,ETF,NASDAQ
RAVE,"Rave Restaurant Group, Inc. - Common Stock",EQUITY,NASDAQ
RAYA,Erayak Power Solution Group Inc. - Class A Ordinary Shares,EQUITY,NASDAQ
RBB,RBB Bancorp - Common Stock,EQUITY,NASDAQ
RBBN,Ribbon Communications Inc.  - Common Stock,EQUITY,NASDAQ
RBCAA,"Republic Bancorp, Inc. - Class A Common Stock",EQUITY,NASDAQ
RBIL,F/m Ultrashort Treasury Inflation-Protected Security (TIPS) ETF,ETF,NASDAQ
RBKB,"Rhinebeck Bancorp, Inc. - Common Stock",EQUITY,NASDAQ
RBNE,Robin Energy Ltd. - Common Stock,EQUITY,NASDAQ
RCAT,"Red Cat Holdings, Inc. - Common Stock",EQUITY,NASDAQ
RCAX,Defiance Daily Target 2x Long RCAT ETF,ETF,NASDAQ
RCBC,River City Bank - Common stock,EQUITY,NASDAQ
RCEL,"Avita Medical, Inc. - Common Stock",EQUITY,NASDAQ
RCGE,RockCreek Global Equality ETF,ETF,NASDAQ
RCKT,"Rocket Pharmaceuticals, Inc. - Common Stock",EQUITY,NASDAQ
RCKY,"Rocky Brands, Inc. - Common Stock",EQUITY,NASDAQ
RCMT,"RCM Technologies, Inc. - Common Stock",EQUITY,NASDAQ
RCON,"Recon Technology, Ltd. - Class A Ordinary Shares",EQUITY,NASDAQ
RCT,RedCloud Holdings plc - Ordinary Shares,EQUITY,NASDAQ
RDAC,Rising Dragon Acquisition Corp. - Ordinary Shares,EQUITY,NASDAQ
RDAG,Republic Digital Acquisition Company - Class A Ordinary Shares,EQUITY,NASDAQ
RDCM,Radcom Ltd. - Ordinary Shares,EQUITY,NASDAQ
RDGT,"Ridgetech, Inc. - Ordinary Shares",EQUITY,NASDAQ
RDHL,Redhill Biopharma Ltd. - American Depositary Shares,EQUITY,NASDAQ
RDI,Reading International Inc - Class A Non-voting Common Stock,EQUITY,NASDAQ
RDIB,Reading International Inc - Class B Voting Common Stock,EQUITY,NASDAQ
RDNT,"RadNet, Inc. - Common Stock",EQUITY,NASDAQ
RDNW,"RideNow Group, Inc. - Class B Common Stock",EQUITY,NASDAQ
RDTL,GraniteShares 2x Long RDDT Daily ETF,ETF,NASDAQ
RDTY,YieldMax R2000 0DTE Covered Strategy ETF,ETF,NASDAQ
RDVT,"Red Violet, Inc. - Common Stock",EQUITY,NASDAQ
RDVY,First Trust Rising Dividend Achievers ETF,ETF,NASDAQ
RDWR,Radware Ltd. - Ordinary Shares,EQUITY,NASDAQ
RDZN,"Roadzen, Inc. - Ordinary Shares",EQUITY,NASDAQ
REAI,Intelligent Real Estate ETF,ETF,NASDAQ
REAL,"The RealReal, Inc. - Common Stock",EQUITY,NASDAQ
REAX,Real REMAX Group Inc. - Common Stock,EQUITY,NASDAQ
REBN,"Reborn Coffee, Inc. - Common Stock",EQUITY,NASDAQ
RECT,Rectitude Holdings Ltd - Ordinary Shares,EQUITY,NASDAQ
REFI,"Chicago Atlantic Real Estate Finance, Inc. - Common Stock",EQUITY,NASDAQ
REFR,Research Frontiers Incorporated - Common Stock,EQUITY,NASDAQ
REG,Regency Centers Corporation - Common Stock,EQUITY,NASDAQ
REGN,"Regeneron Pharmaceuticals, Inc. - Common Stock",EQUITY,NASDAQ
REIT,ALPS Active REIT ETF,ETF,NASDAQ
REKR,"Rekor Systems, Inc. - Common Stock",EQUITY,NASDAQ
RELL,"Richardson Electronics, Ltd. - Common Stock",EQUITY,NASDAQ
RELY,"Remitly Global, Inc. - Common stock",EQUITY,NASDAQ
REMG,Russell Investments Emerging Markets Equity ETF,ETF,NASDAQ
RENT,"Rent the Runway, Inc. - Class A Common Stock",EQUITY,NASDAQ
RENX,RenX Enterprises Corp. - Common Stock,EQUITY,NASDAQ
REPL,"Replimune Group, Inc. - Common Stock",EQUITY,NASDAQ
RETO,"ReTo Eco-Solutions, Inc. - Class A Shares",EQUITY,NASDAQ
REVB,"Revelation Biosciences, Inc. - Common Stock",EQUITY,NASDAQ
REXC,Sprott Rare Earths Ex-China ETF,ETF,NASDAQ
REYN,Reynolds Consumer Products Inc. - Common Stock,EQUITY,NASDAQ
RFAI,RF Acquisition Corp II - Ordinary Shares,EQUITY,NASDAQ
RFAM,RF Acquisition Corp III - Ordinary Shares,EQUITY,NASDAQ
RFIL,"RF Industries, Ltd. - Common Stock",EQUITY,NASDAQ
RGC,Regencell Bioscience Holdings Limited - Ordinary Shares,EQUITY,NASDAQ
RGCO,RGC Resources Inc. - Common Stock,EQUITY,NASDAQ
RGEN,Repligen Corporation - Common Stock,EQUITY,NASDAQ
RGLD,"Royal Gold, Inc. - Common Stock",EQUITY,NASDAQ
RGLO,Russell Investments Global Equity ETF,ETF,NASDAQ
RGNX,REGENXBIO Inc. - Common Stock,EQUITY,NASDAQ
RGP,"Resources Connection, Inc. - Common Stock",EQUITY,NASDAQ
RGS,Regis Corporation - Common Stock,EQUITY,NASDAQ
RGTI,"Rigetti Computing, Inc.  - Common stock",EQUITY,NASDAQ
RGTX,Defiance Daily Target 2X Long RGTI ETF,ETF,NASDAQ
RGTZ,Defiance Daily Target 2x Short RGTI ETF,ETF,NASDAQ
RGYY,GraniteShares YieldBoost RGTI ETF,ETF,NASDAQ
RIBB,Ribbon Acquisition Corp - Class A Ordinary Shares,EQUITY,NASDAQ
RICK,"RCI Hospitality Holdings, Inc. - Common Stock",EQUITY,NASDAQ
RIFR,Russell Investments Global Infrastructure ETF,ETF,NASDAQ
RIGL,"Rigel Pharmaceuticals, Inc. - Common Stock",EQUITY,NASDAQ
RILY,"BRC Group Holdings, Inc. - Common Stock",EQUITY,NASDAQ
RIME,"Algorhythm Holdings, Inc. - Common Stock",EQUITY,NASDAQ
RING,iShares MSCI Global Gold Miners ETF,ETF,NASDAQ
RINT,Russell Investments International Developed Equity ETF,ETF,NASDAQ
RIOT,"Riot Platforms, Inc. - Common Stock",EQUITY,NASDAQ
RIVN,"Rivian Automotive, Inc. - Class A Common Stock",EQUITY,NASDAQ
RJET,Republic Airways Holdings Inc. - Common Stock,EQUITY,NASDAQ
RKDA,"Arcadia Biosciences, Inc. - Common Stock",EQUITY,NASDAQ
RKLB,Rocket Lab Corporation - Common Stock,EQUITY,NASDAQ
RKLX,Defiance Daily Target 2X Long RKLB ETF,ETF,NASDAQ
RKLZ,Defiance Daily Target 2x Short RKLB ETF,ETF,NASDAQ
RKNG,Defiance Retail Kings ETF,ETF,NASDAQ
RKTO,Rocket One Inc. - Common Stock,EQUITY,NASDAQ
RLAY,"Relay Therapeutics, Inc. - Common Stock",EQUITY,NASDAQ
RLMD,"Relmada Therapeutics, Inc. - Common Stock",EQUITY,NASDAQ
RLYB,Rallybio Corporation - Common Stock,EQUITY,NASDAQ
RMBI,"Richmond Mutual Bancorporation, Inc. - Common Stock",EQUITY,NASDAQ
RMBS,"Rambus, Inc. - Common Stock",EQUITY,NASDAQ
RMCF,"Rocky Mountain Chocolate Factory, Inc. - Common Stock",EQUITY,NASDAQ
RMCO,Royalty Management Holding Corporation - Class A Common Stock,EQUITY,NASDAQ
RMIX,"Suncrete, Inc. - Class A Common Stock",EQUITY,NASDAQ
RML,Resolution Minerals Ltd - American Depositary Shares,EQUITY,NASDAQ
RMNI,"Rimini Street, Inc. - Common Stock",EQUITY,NASDAQ
RMR,The RMR Group Inc. - Class A Common Stock,EQUITY,NASDAQ
RMSG,Real Messenger Corporation - Ordinary Shares,EQUITY,NASDAQ
RMTI,"Rockwell Medical, Inc. - Common Stock",EQUITY,NASDAQ
RNA,"Atrium Therapeutics, Inc. - Common Stock",EQUITY,NASDAQ
RNAC,"Cartesian Therapeutics, Inc. - Common Stock",EQUITY,NASDAQ
RNAQ,Rainier Acquisition Corporation - Class A Ordinary Shares,EQUITY,NASDAQ
RNAZ,"TransCode Therapeutics, Inc. - Common Stock",EQUITY,NASDAQ
RNEM,Emerging Markets Equity Select ETF,ETF,NASDAQ
RNGT,Range Capital Acquisition Corp II - Class A Ordinary Shares,EQUITY,NASDAQ
RNIN,Bushido Capital US SMID Cap Equity ETF,ETF,NASDAQ
RNRG,Global X Renewable Energy Producers ETF,ETF,NASDAQ
RNTX,"Rein Therapeutics, Inc. - Common Stock",EQUITY,NASDAQ
RNW,ReNew Energy Global plc - Class A Shares,EQUITY,NASDAQ
RNXT,"RenovoRx, Inc. - Common Stock",EQUITY,NASDAQ
ROAD,"Construction Partners, Inc. - Common Stock",EQUITY,NASDAQ
ROBT,First Trust Nasdaq Artificial Intelligence and Robotics ETF,ETF,NASDAQ
ROC,Rank One Computing Corporation - Common stock,EQUITY,NASDAQ
ROCK,"Gibraltar Industries, Inc. - Common Stock",EQUITY,NASDAQ
ROCQ,JPMorgan Nasdaq Equity Premium Yield ETF,ETF,NASDAQ
ROCY,JPMorgan Equity Premium Yield ETF,ETF,NASDAQ
ROE,Astoria US Equal Weight Quality Kings ETF,ETF,NASDAQ
ROIV,Roivant Sciences Ltd. - Common Shares,EQUITY,NASDAQ
ROKU,"Roku, Inc. - Class A Common Stock",EQUITY,NASDAQ
ROMA,Roma Green Finance Limited - Class A Ordinary Shares,EQUITY,NASDAQ
ROOT,"Root, Inc. - Common Stock",EQUITY,NASDAQ
ROP,"Roper Technologies, Inc. - Common Stock",EQUITY,NASDAQ
ROST,"Ross Stores, Inc. - Common Stock",EQUITY,NASDAQ
RPAY,Repay Holdings Corporation - Class A Common Stock,EQUITY,NASDAQ
RPD,"Rapid7, Inc. - Common Stock",EQUITY,NASDAQ
RPGL,Republic Power Group Limited - Class A Ordinary Shares,EQUITY,NASDAQ
RPID,"Rapid Micro Biosystems, Inc. - Class A Common Stock",EQUITY,NASDAQ
RPRX,Royalty Pharma plc - Class A Ordinary Shares,EQUITY,NASDAQ
RR,Richtech Robotics Inc. - Class B Common Stock,EQUITY,NASDAQ
RRBI,"Red River Bancshares, Inc. - Common Stock",EQUITY,NASDAQ
RREV,RRE Ventures Acquisition Corp. - Class A Ordinary Shares,EQUITY,NASDAQ
RRGB,"Red Robin Gourmet Burgers, Inc. - Common Stock",EQUITY,NASDAQ
RRR,"Red Rock Resorts, Inc. - Class A Common Stock",EQUITY,NASDAQ
RSSS,"Research Solutions, Inc - Common Stock",EQUITY,NASDAQ
RSVR,"Reservoir Media, Inc.. - Common Stock",EQUITY,NASDAQ
RTAC,Renatus Tactical Acquisition Corp I - Class A Ordinary Shares,EQUITY,NASDAQ
RTB,"RTB Digital, Inc. - Common Stock",EQUITY,NASDAQ
RTH,VanEck Retail ETF,ETF,NASDAQ
RTXG,Leverage Shares 2X Long RTX Daily ETF,ETF,NASDAQ
RTYY,GraniteShares YieldBoost RIOT ETF,ETF,NASDAQ
RUBI,Rubico Inc. - Common Stock,EQUITY,NASDAQ
RUM,RUM Group Inc. - Class A Common Stock,EQUITY,NASDAQ
RUN,Sunrun Inc. - Common Stock,EQUITY,NASDAQ
RUNN,Running Oak Efficient Growth ETF,ETF,NASDAQ
RUSC,Russell Investments U.S. Small Cap Equity ETF,ETF,NASDAQ
RUSHA,"Rush Enterprises, Inc. - Class A Common Stock",EQUITY,NASDAQ
RUSHB,"Rush Enterprises, Inc. - Class B Common Stock",EQUITY,NASDAQ
RVMD,"Revolution Medicines, Inc. - Common Stock",EQUITY,NASDAQ
RVNL,GraniteShares 2x Long RIVN Daily ETF,ETF,NASDAQ
RVSB,Riverview Bancorp Inc - Common Stock,EQUITY,NASDAQ
RVSN,Rail Vision Ltd. - Ordinary Shares,EQUITY,NASDAQ
RWAY,Runway Growth Finance Corp. - Common Stock,EQUITY,NASDAQ
RWIN,Rayliant NxtGen Multifactor International Equity ETF,ETF,NASDAQ
RXRX,"Recursion Pharmaceuticals, Inc. - Class A Common Stock",EQUITY,NASDAQ
RXST,"RxSight, Inc. - Common Stock",EQUITY,NASDAQ
RXT,"Rackspace Technology, Inc. - Common Stock",EQUITY,NASDAQ
RYAAY,"Ryanair Holdings plc - American Depositary Shares, each representing five Ordinary Shares",EQUITY,NASDAQ
RYET,Ruanyun Edai Technology Inc. - Ordinary shares,EQUITY,NASDAQ
RYM,"RYTHM, Inc. - Common Stock",EQUITY,NASDAQ
RYOJ,"rYojbaba Co., Ltd. - Common Shares",EQUITY,NASDAQ
RYTM,"Rhythm Pharmaceuticals, Inc. - Common Stock",EQUITY,NASDAQ
RZLT,"Rezolute, Inc. - Common Stock (NV)",EQUITY,NASDAQ
RZLV,Rezolve AI PLC - Ordinary Shares,EQUITY,NASDAQ
SAAQ,Space Asset Acquisition Corp. - Class A Ordinary Shares,EQUITY,NASDAQ
SABR,Sabre Corporation - Common Stock,EQUITY,NASDAQ
SABS,"SAB Biotherapeutics, Inc. - Common Stock",EQUITY,NASDAQ
SAFT,"Safety Insurance Group, Inc. - Common Stock",EQUITY,NASDAQ
SAFX,"XCF Global, Inc. - Class A Common Stock",EQUITY,NASDAQ
SAGT,SAGTEC GLOBAL LIMITED - Class A Ordinary shares,EQUITY,NASDAQ
SAIA,"Saia, Inc. - Common Stock",EQUITY,NASDAQ
SAIC,Science Applications International Corporation - Common Stock,EQUITY,NASDAQ
SAIH,SAIHEAT Limited - Class A Ordinary Shares,EQUITY,NASDAQ
SAIL,"SailPoint, Inc. - Common Stock",EQUITY,NASDAQ
SAMG,Silvercrest Asset Management Group Inc. - Common Stock,EQUITY,NASDAQ
SANA,"Sana Biotechnology, Inc. - Common Stock",EQUITY,NASDAQ
SANG,Sangoma Technologies Corporation - Common Shares,EQUITY,NASDAQ
SANM,Sanmina Corporation - Common Stock,EQUITY,NASDAQ
SARK,Tradr 1X Short Innovation Daily ETF,ETF,NASDAQ
SATL,Satellogic Inc. - Class A Common Stock,EQUITY,NASDAQ
SBAC,SBA Communications Corporation - Class A Common Stock,EQUITY,NASDAQ
SBC,SBC Medical Group Holdings Incorporated - Common Stock,EQUITY,NASDAQ
SBCF,Seacoast Banking Corporation of Florida - Common Stock,EQUITY,NASDAQ
SBET,"Sharplink, Inc. - Common Stock",EQUITY,NASDAQ
SBFG,"SB Financial Group, Inc. - Common Stock",EQUITY,NASDAQ
SBFM,Sunshine Biopharma Inc. - Common stock,EQUITY,NASDAQ
SBGI,"Sinclair, Inc. - Class A Common Stock",EQUITY,NASDAQ
SBLK,Star Bulk Carriers Corp. - Common Shares,EQUITY,NASDAQ
SBRA,"Sabra Health Care REIT, Inc. - Common Stock",EQUITY,NASDAQ
SBUX,Starbucks Corporation - Common Stock,EQUITY,NASDAQ
SCA,GraniteShares Autocallable SMCI ETF,ETF,NASDAQ
SCAG,Scage Future - American Depositary Shares,EQUITY,NASDAQ
SCDS,JPMorgan Fundamental Data Science Small Core ETF,ETF,NASDAQ
SCHL,Scholastic Corporation - Common Stock,EQUITY,NASDAQ
SCII,SC II Acquisition Corp. - Class A ordinary share,EQUITY,NASDAQ
SCKT,"Socket Mobile, Inc. - Common Stock",EQUITY,NASDAQ
SCLX,Scilex Holding Company - Common Stock,EQUITY,NASDAQ
SCNI,Scinai Immunotherapeutics Ltd. - American Depositary Shares,EQUITY,NASDAQ
SCNX,"Scienture Holdings, Inc. - Common Stock",EQUITY,NASDAQ
SCOR,"comScore, Inc. - Common Stock",EQUITY,NASDAQ
SCPQ,Social Commerce Partners Corporation - Class A Ordinary Shares,EQUITY,NASDAQ
SCSC,"ScanSource, Inc. - Common Stock",EQUITY,NASDAQ
SCTX,Scribe Therapeutics Inc. - Common Stock,EQUITY,NASDAQ
SCWO,374Water Inc. - common stock,EQUITY,NASDAQ
SCYX,"SCYNEXIS, Inc. - Common Stock",EQUITY,NASDAQ
SCZ,iShares MSCI EAFE Small-Cap ETF,ETF,NASDAQ
SCZM,Santacruz Silver Mining Ltd. - Common Shares,EQUITY,NASDAQ
SDA,SunCar Technology Group Inc. - Ordinary Shares,EQUITY,NASDAQ
SDG,iShares MSCI Global Sustainable Development Goals ETF,ETF,NASDAQ
SDGR,"Schrodinger, Inc. - Common Stock",EQUITY,NASDAQ
SDHI,Siddhi Acquisition Corp - Class A Common stock,EQUITY,NASDAQ
SDOT,Sadot Group Inc. - Common Stock,EQUITY,NASDAQ
SDSI,American Century Short Duration Strategic Income ETF,ETF,NASDAQ
SDST,Stardust Power Inc. - Common Stock,EQUITY,NASDAQ
SDTY,YieldMax S&P 500 0DTE Covered Call Strategy ETF,ETF,NASDAQ
SDVY,First Trust SMID Cap Rising Dividend Achievers ETF,ETF,NASDAQ
SEAT,Vivid Seats Inc. - Class A common stock,EQUITY,NASDAQ
SEDG,"SolarEdge Technologies, Inc. - Common Stock",EQUITY,NASDAQ
SEED,Origin Agritech Limited - Ordinary Shares,EQUITY,NASDAQ
SEEM,SEI Select Emerging Markets Equity ETF,ETF,NASDAQ
SEER,"Seer, Inc. - Class A Common Stock",EQUITY,NASDAQ
SEGG,Sports Entertainment Gaming Global Corporation  - Common Stock,EQUITY,NASDAQ
SEIC,SEI Investments Company - Common Stock,EQUITY,NASDAQ
SEIE,SEI Select International Equity ETF,ETF,NASDAQ
SEIS,SEI Select Small Cap ETF,ETF,NASDAQ
SELF,"Global Self Storage, Inc. - Common Stock",EQUITY,NASDAQ
SEMY,GraniteShares YieldBOOST Semiconductor ETF,ETF,NASDAQ
SENEA,Seneca Foods Corp. - Class A Common Stock,EQUITY,NASDAQ
SENEB,Seneca Foods Corp. - Class B Common Stock,EQUITY,NASDAQ
SENS,"Senseonics Holdings, Inc. - Common Stock",EQUITY,NASDAQ
SEPN,"Septerna, Inc. - Common Stock",EQUITY,NASDAQ
SEPQ,STF Tactical Growth & Income ETF,ETF,NASDAQ
SERA,"Sera Prognostics, Inc. - Class A Common Stock",EQUITY,NASDAQ
SERV,Serve Robotics Inc. - Common Stock,EQUITY,NASDAQ
SETM,Sprott Critical Materials ETF,ETF,NASDAQ
SEUS,SEI QiM U.S. Equity Factor Allocation Active ETF,ETF,NASDAQ
SEV,Aptera Motors Corp. - Class B Common Stock,EQUITY,NASDAQ
SEVN,Seven Hills Realty Trust  - Common Stock,EQUITY,NASDAQ
SEZL,Sezzle Inc. - Common Stock,EQUITY,NASDAQ
SFBC,"Sound Financial Bancorp, Inc. - Common Stock",EQUITY,NASDAQ
SFD,"Smithfield Foods, Inc. - Common Stock",EQUITY,NASDAQ
SFHG,Samfine Creation Holdings Group Limited - Class A Ordinary Share,EQUITY,NASDAQ
SFIX,"Stitch Fix, Inc. - Class A Common Stock",EQUITY,NASDAQ
SFLO,VictoryShares Small Cap Free Cash Flow ETF,ETF,NASDAQ
SFM,"Sprouts Farmers Market, Inc. - Common Stock",EQUITY,NASDAQ
SFNC,Simmons First National Corporation - Common Stock,EQUITY,NASDAQ
SFST,"Southern First Bancshares, Inc. - Common Stock",EQUITY,NASDAQ
SFWL,Shengfeng Development Limited - Class A Ordinary Shares,EQUITY,NASDAQ
SGA,"Saga Communications, Inc. - Class A Common Stock",EQUITY,NASDAQ
SGC,"Superior Group of Companies, Inc. - Common Stock",EQUITY,NASDAQ
SGHT,"Sight Sciences, Inc. - Common Stock",EQUITY,NASDAQ
SGLD,Scorpio Gold Corporation - Common Stock,EQUITY,NASDAQ
SGLY,Singularity Future Technology Ltd. - Common Stock,EQUITY,NASDAQ
SGML,Sigma Lithium Corporation - common shares,EQUITY,NASDAQ
SGMT,Sagimet Biosciences Inc. - Series A Common Stock,EQUITY,NASDAQ
SGP,"SpyGlass Pharma, Inc. - Common Stock",EQUITY,NASDAQ
SGRX,SANGRIX INC. - Class A Ordinary Shares,EQUITY,NASDAQ
SGRY,"Surgery Partners, Inc. - Common Stock",EQUITY,NASDAQ
SGVA,F/m Accumulator Ultrashort Treasury Fund,ETF,NASDAQ
SHAZ,"SharonAI Holdings, Inc. - Class A Common Stock",EQUITY,NASDAQ
SHBI,"Shore Bancshares, Inc. - Common Stock",EQUITY,NASDAQ
SHC,Sotera Health Company - Common Stock,EQUITY,NASDAQ
SHEN,Shenandoah Telecommunications Co - Common Stock,EQUITY,NASDAQ
SHFS,"SHF Holdings, Inc. - Class A Common Stock",EQUITY,NASDAQ
SHIM,Shimmick Corporation - Common Stock,EQUITY,NASDAQ
SHIP,Seanergy Maritime Holdings Corp. - Common Stock,EQUITY,NASDAQ
SHLS,"Shoals Technologies Group, Inc. - Class A Common Stock",EQUITY,NASDAQ
SHMD,SCHMID Group N.V. - Class A Ordinary Shares,EQUITY,NASDAQ
SHOE,"Shoe Station Group, Inc. - Common Stock",EQUITY,NASDAQ
SHOO,"Steven Madden, Ltd. - Common Stock",EQUITY,NASDAQ
SHOP,Shopify Inc. - Class A Subordinate Voting Shares,EQUITY,NASDAQ
SHOT,RMG ML Sports Holdings - Class A Ordinary Shares,EQUITY,NASDAQ
SHPH,"Shuttle Pharmaceuticals Holdings, Inc. - common stock",EQUITY,NASDAQ
SHPU,Direxion Daily SHOP Bull 2X ETF,ETF,NASDAQ
SHRY,First Trust Bloomberg Shareholder Yield ETF,ETF,NASDAQ
SHY,iShares 1-3 Year Treasury Bond ETF,ETF,NASDAQ
SIBN,"SI-BONE, Inc. - Common Stock",EQUITY,NASDAQ
SIDU,"Sidus Space, Inc. - Class A Common Stock",EQUITY,NASDAQ
SIEB,Siebert Financial Corp. - Common Stock,EQUITY,NASDAQ
SIFY,Sify Technologies Limited - American Depository Shares,EQUITY,NASDAQ
SIGA,SIGA Technologies Inc. - Common Stock,EQUITY,NASDAQ
SIGI,"Selective Insurance Group, Inc. - Common Stock",EQUITY,NASDAQ
SILC,Silicom Ltd - Ordinary Shares,EQUITY,NASDAQ
SILO,"Silo Pharma, Inc. - Common Stock",EQUITY,NASDAQ
SIMA,SIM Acquisition Corp. I - Class A Ordinary Shares,EQUITY,NASDAQ
SIMO,"Silicon Motion Technology Corporation - American Depositary Shares, each representing four ordinary shares",EQUITY,NASDAQ
SINT,"SiNtx Technologies, Inc. - Common Stock",EQUITY,NASDAQ
SION,"Sionna Therapeutics, Inc. - Common Stock",EQUITY,NASDAQ
SIRI,SiriusXM Holdings Inc. - Common Stock,EQUITY,NASDAQ
SITM,SiTime Corporation - Common Stock,EQUITY,NASDAQ
SJ,Scienjoy Holding Corporation - Class A Ordinary Shares,EQUITY,NASDAQ
SJCP,SanJac Alpha Core Plus Bond ETF,ETF,NASDAQ
SJLD,SanJac Alpha Low Duration ETF,ETF,NASDAQ
SKDD,GraniteShares 2x Short SK Hynix Daily ETF,ETF,NASDAQ
SKHY,SK hynix Inc. - American Depositary Shares,EQUITY,NASDAQ
SKIN,SkinHealth Systems Inc. - Class A Common Stock,EQUITY,NASDAQ
SKK,SKK Holdings Limited - Class A Ordinary Shares,EQUITY,NASDAQ
SKOR,Northern Trust Credit-Scored US Corporate Bond ETF,ETF,NASDAQ
SKRE,Tuttle Capital Daily 2X Inverse Regional Banks ETF,ETF,NASDAQ
SKUU,GraniteShares 2x Long SK Hynix Daily ETF,ETF,NASDAQ
SKWD,"Skyward Specialty Insurance Group, Inc. - Common Stock",EQUITY,NASDAQ
SKYA,"SkyAI, Inc. - Common Stock",EQUITY,NASDAQ
SKYE,"Skye Bioscience, Inc. - Common Stock",EQUITY,NASDAQ
SKYQ,Sky Quarry Inc. - Common Stock,EQUITY,NASDAQ
SKYU,ProShares Ultra Cloud Computing,ETF,NASDAQ
SKYW,"SkyWest, Inc. - Common Stock",EQUITY,NASDAQ
SKYX,SKYX Platforms Corp. - Common Stock,EQUITY,NASDAQ
SKYY,First Trust Cloud Computing ETF,ETF,NASDAQ
SLAB,"Silicon Laboratories, Inc. - Common Stock",EQUITY,NASDAQ
SLBT,SL Science Holding Limited - Ordinary Shares,EQUITY,NASDAQ
SLDB,Solid Biosciences Inc. - Common Stock,EQUITY,NASDAQ
SLDE,"Slide Insurance Holdings, Inc. - Common Stock",EQUITY,NASDAQ
SLDP,"Solid Power, Inc. - Class A Common Stock",EQUITY,NASDAQ
SLE,"Super League Enterprise, Inc. - Common Stock",EQUITY,NASDAQ
SLGB,Smart Logistics Global Limited - Class A Ordinary Shares,EQUITY,NASDAQ
SLGL,Sol-Gel Technologies Ltd. - Ordinary Shares,EQUITY,NASDAQ
SLM,SLM Corporation - Common Stock,EQUITY,NASDAQ
SLMT,Brera Holdings PLC - Class B Ordinary Shares,EQUITY,NASDAQ
SLN,Silence Therapeutics Plc - American Depository Share,EQUITY,NASDAQ
SLNG,"Stabilis Solutions, Inc. - Common Stock",EQUITY,NASDAQ
SLNH,"Soluna Holdings, Inc. - Common Stock",EQUITY,NASDAQ
SLP,"Simulations Plus, Inc. - Common Stock",EQUITY,NASDAQ
SLQD,iShares 0-5 Year Investment Grade Corporate Bond ETF,ETF,NASDAQ
SLRC,SLR Investment Corp. - Closed End Fund,EQUITY,NASDAQ
SLS,"SELLAS Life Sciences Group, Inc.  - Common Stock",EQUITY,NASDAQ
SLSN,"Solesence, Inc. - Common stock",EQUITY,NASDAQ
SLVO,"ETRACS Silver Shares Covered Call ETNs due April 21, 2033",ETF,NASDAQ
SLVR,Sprott Silver Miners & Physical Silver ETF,ETF,NASDAQ
SLXN,Silexion Therapeutics Corp - Ordinary Shares,EQUITY,NASDAQ
SMBC,"Southern Missouri Bancorp, Inc. - Common Stock",EQUITY,NASDAQ
SMCI,"Super Micro Computer, Inc. - Common Stock",EQUITY,NASDAQ
SMCL,GraniteShares 2x Long SMCI Daily ETF,ETF,NASDAQ
SMCO,Hilton Small-MidCap Opportunity ETF,ETF,NASDAQ
SMCX,Defiance Daily Target 2X Long SMCI ETF,ETF,NASDAQ
SMCZ,Defiance Daily Target 2X Short SMCI ETF,ETF,NASDAQ
SMH,VanEck Semiconductor ETF,ETF,NASDAQ
SMHC,VanEck China Semiconductor ETF,ETF,NASDAQ
SMHX,VanEck Fabless Semiconductor ETF,ETF,NASDAQ
SMID,Smith-Midland Corporation - Common Stock,EQUITY,NASDAQ
SMMT,Summit Therapeutics Inc.  - Common Stock,EQUITY,NASDAQ
SMOM,Symmetry Panoramic Sector Momentum ETF,ETF,NASDAQ
SMPL,The Simply Good Foods Company - Common Stock,EQUITY,NASDAQ
SMRI,Bushido Capital US Equity ETF,ETF,NASDAQ
SMSI,"Smith Micro Software, Inc. - Common Stock",EQUITY,NASDAQ
SMST,Defiance Daily Target 2x Short MSTR ETF,ETF,NASDAQ
SMTC,Semtech Corporation - Common Stock,EQUITY,NASDAQ
SMTI,Sanara MedTech Inc. - Common Stock,EQUITY,NASDAQ
SMTK,"SmartKem, Inc. - Common Stock",EQUITY,NASDAQ
SMX,SMX (Security Matters) Public Limited Company - Ordinary Shares,EQUITY,NASDAQ
SMXT,Solarmax Technology Inc. - Common Stock,EQUITY,NASDAQ
SMYY,GraniteShares YieldBOOST SMCI ETF,ETF,NASDAQ
SNAG,Leverage Shares 2x Long SNAP Daily ETF,ETF,NASDAQ
SNAL,"Snail, Inc. - Class A Common Stock",EQUITY,NASDAQ
SND,"Smart Sand, Inc. - Common Stock",EQUITY,NASDAQ
SNDK,Sandisk Corporation - Common Stock When-Issued,EQUITY,NASDAQ
SNDL,SNDL Inc. - Common Shares,EQUITY,NASDAQ
SNDX,"Syndax Pharmaceuticals, Inc. - Common Stock",EQUITY,NASDAQ
SNES,"SenesTech, Inc. - Common Stock",EQUITY,NASDAQ
SNEX,StoneX Group Inc. - Common Stock,EQUITY,NASDAQ
SNFCA,Security National Financial Corporation - Class A Common Stock,EQUITY,NASDAQ
SNGX,"Soligenix, Inc. - Common Stock",EQUITY,NASDAQ
SNOA,"Sonoma Pharmaceuticals, Inc. - Common Stock",EQUITY,NASDAQ
SNPS,"Synopsys, Inc. - Common Stock",EQUITY,NASDAQ
SNSR,Global X Internet of Things ETF,ETF,NASDAQ
SNT,Senstar Technologies Corporation - Common Shares,EQUITY,NASDAQ
SNTG,Sentage Holdings Inc. - Class A Ordinary Shares,EQUITY,NASDAQ
SNTI,"Senti Biosciences Holdings, Inc. - Common Stock",EQUITY,NASDAQ
SNWV,"SANUWAVE Health, Inc. - Common Stock",EQUITY,NASDAQ
SNY,Sanofi - American Depositary Shares,EQUITY,NASDAQ
SOCA,Solarius Capital Acquisition Corp. - Class A Ordinary Share,EQUITY,NASDAQ
SOCL,Global X Social Media ETF,ETF,NASDAQ
SOFA,Direxion Daily SOFI Bull 2X ETF,ETF,NASDAQ
SOFI,"SoFi Technologies, Inc.  - Common Stock",EQUITY,NASDAQ
SOFX,Defiance Daily Target 2X Long SOFI ETF,ETF,NASDAQ
SOGP,Sound Group Inc. - American Depositary Shares,EQUITY,NASDAQ
SOHU,Sohu.com Limited  - American Depositary Shares,EQUITY,NASDAQ
SOLC,Canary Marinade Solana ETF,ETF,NASDAQ
SOLS,Solstice Advanced Materials Inc. - Common Stock,EQUITY,NASDAQ
SOLT,2x Solana ETF,ETF,NASDAQ
SOLZ,Solana ETF,ETF,NASDAQ
SONM,"DNA X, Inc. - Common Stock",EQUITY,NASDAQ
SONO,"Sonos, Inc. - Common Stock",EQUITY,NASDAQ
SOPH,SOPHiA GENETICS SA - Ordinary Shares,EQUITY,NASDAQ
SORA,AsiaStrategy - Ordinary Shares,EQUITY,NASDAQ
SORN,Soren Acquisition Corp. - Class A Ordinary Shares,EQUITY,NASDAQ
SOTK,Sono-Tek Corporation - Common Stock,EQUITY,NASDAQ
SOUN,"SoundHound AI, Inc. - Class A Common Stock",EQUITY,NASDAQ
SOUX,Defiance Daily Target 2X Long SOUN ETF,ETF,NASDAQ
SOWG,Sow Good Inc. - Common Stock,EQUITY,NASDAQ
SOXQ,Invesco PHLX Semiconductor ETF,ETF,NASDAQ
SOXX,iShares PHLX SOX Semiconductor Sector Index Fund,ETF,NASDAQ
SPAI,Safe Pro Group Inc. - Common Stock,EQUITY,NASDAQ
SPAM,Themes Cybersecurity ETF,ETF,NASDAQ
SPAQ,Horizon Kinetics SPAC Active ETF,ETF,NASDAQ
SPBC,Simplify US Equity PLUS Bitcoin Strategy ETF,ETF,NASDAQ
SPCB,"SuperCom, Ltd. - Ordinary Shares",EQUITY,NASDAQ
SPCK,SPAC and New Issue ETF,ETF,NASDAQ
SPCT,Liberty One Spectrum ETF,ETF,NASDAQ
SPCX,Space Exploration Technologies Corp. - Class A Common Stock,EQUITY,NASDAQ
SPEG,Silver Pegasus Acquisition Corp - Class A Ordinary Shares,EQUITY,NASDAQ
SPFI,"South Plains Financial, Inc. - Common Stock",EQUITY,NASDAQ
SPHL,Springview Holdings Ltd - Ordinary shares,EQUITY,NASDAQ
SPIT,F/m Emerald Special Situations ETF,ETF,NASDAQ
SPKL,Spark I Acquisition Corp. - Class A Ordinary Share,EQUITY,NASDAQ
SPOG,Leverage Shares 2X Long SPOT Daily ETF,ETF,NASDAQ
SPOK,"Spok Holdings, Inc. - Common Stock",EQUITY,NASDAQ
SPPL,SIMPPLE LTD. - Ordinary Shares,EQUITY,NASDAQ
SPRB,"Spruce Biosciences, Inc. - Common Stock",EQUITY,NASDAQ
SPRC,SciSparc Ltd. - Ordinary Shares,EQUITY,NASDAQ
SPRO,"Spero Therapeutics, Inc. - Common Stock",EQUITY,NASDAQ
SPRX,Spear Alpha ETF,ETF,NASDAQ
SPRY,"ARS Pharmaceuticals, Inc. - Common Stock",EQUITY,NASDAQ
SPSC,"SPS Commerce, Inc. - Common Stock",EQUITY,NASDAQ
SPT,"Sprout Social, Inc - Class A Common Stock",EQUITY,NASDAQ
SPTX,"Seaport Therapeutics, Inc. - Common Stock",EQUITY,NASDAQ
SPWH,"Sportsman's Warehouse Holdings, Inc. - Common Stock",EQUITY,NASDAQ
SPWR,SunPower Inc. - Common Stock,EQUITY,NASDAQ
SPXD,Xtrackers S&P 500 Diversified Sector Weight ETF,ETF,NASDAQ
SPYQ,Tradr 2X Long SPY Quarterly ETF,ETF,NASDAQ
SQFT,"Presidio Property Trust, Inc. - Class A Common Stock",EQUITY,NASDAQ
SQLV,Royce Quant Small-Cap Quality Value ETF,ETF,NASDAQ
SQQQ,ProShares UltraPro Short QQQ,ETF,NASDAQ
SQS,Sapient Quality Select ETF,ETF,NASDAQ
SRAD,Sportradar Group AG - Class A Ordinary Shares,EQUITY,NASDAQ
SRBK,"SR Bancorp, Inc. - Common stock",EQUITY,NASDAQ
SRCE,1st Source Corporation - Common Stock,EQUITY,NASDAQ
SRET,Global X SuperDividend REIT ETF,ETF,NASDAQ
SRPT,"Sarepta Therapeutics, Inc. - Common Stock",EQUITY,NASDAQ
SRRK,Scholar Rock Holding Corporation - Common Stock,EQUITY,NASDAQ
SRTA,"Strata Critical Medical, Inc. - Class A Common Stock",EQUITY,NASDAQ
SRTS,"Sensus Healthcare, Inc. - Common Stock",EQUITY,NASDAQ
SRZN,"Surrozen, Inc. - Common Stock",EQUITY,NASDAQ
SSAC,SPACSphere Acquisition Corp. - Class A Ordinary Shares,EQUITY,NASDAQ
SSBI,Summit State Bank - Common Stock,EQUITY,NASDAQ
SSEA,Starry Sea Acquisition Corp - Ordinary Shares,EQUITY,NASDAQ
SSII,SS Innovations International Inc. - Common Stock,EQUITY,NASDAQ
SSM,Sono Group N.V. - Ordinary Shares,EQUITY,NASDAQ
SSNC,"SS&C Technologies Holdings, Inc. - Common Stock",EQUITY,NASDAQ
SSP,E.W. Scripps Company (The) - Class A Common Stock,EQUITY,NASDAQ
SSRM,SSR Mining Inc. - Common Stock,EQUITY,NASDAQ
SSS,CYBER HORNET S&P 500 and Solana 75/25 Strategy ETF,ETF,NASDAQ
SSTI,"SoundThinking, Inc. - Common Stock",EQUITY,NASDAQ
SSYS,"Stratasys, Ltd. - Common Stock",EQUITY,NASDAQ
STAA,STAAR Surgical Company - Common Stock,EQUITY,NASDAQ
STAK,STAK Inc. - Class A Ordinary Shares,EQUITY,NASDAQ
STBA,"S&T Bancorp, Inc. - Common Stock",EQUITY,NASDAQ
STEP,StepStone Group Inc. - Class A Common Stock,EQUITY,NASDAQ
STEX,Streamex Corp. - Common Stock,EQUITY,NASDAQ
STFS,Star Fashion Culture Holdings Limited - Class A Ordinary Shares,EQUITY,NASDAQ
STGW,Stagwell Inc. - Class A Common Stock,EQUITY,NASDAQ
STHO,Star Holdings - Shares of Beneficial Interest,EQUITY,NASDAQ
STI,"Solidion Technology, Inc. - Common Stock",EQUITY,NASDAQ
STIM,"Neuronetics, Inc. - Common Stock",EQUITY,NASDAQ
STKE,Sol Strategies Inc. - Common Shares,EQUITY,NASDAQ
STKH,Steakholder Foods Ltd. - American Depositary Shares,EQUITY,NASDAQ
STKS,"The ONE Group Hospitality, Inc. - Common Stock",EQUITY,NASDAQ
STLD,"Steel Dynamics, Inc. - Common Stock",EQUITY,NASDAQ
STLN,"Starling Oncology, Inc. - Common Stock",EQUITY,NASDAQ
STNC,Hennessy Sustainable ETF,ETF,NASDAQ
STNE,StoneCo Ltd. - Class A Common Share,EQUITY,NASDAQ
STOK,"Stoke Therapeutics, Inc. - Common Stock",EQUITY,NASDAQ
STRA,"Strategic Education, Inc. - Common Stock",EQUITY,NASDAQ
STRL,"Sterling Infrastructure, Inc. - Common Stock",EQUITY,NASDAQ
STRO,"Sutro Biopharma, Inc. - Common Stock",EQUITY,NASDAQ
STRR,"Star Equity Holdings, Inc. - Common Stock",EQUITY,NASDAQ
STRT,STRATTEC SECURITY CORPORATION - Common Stock,EQUITY,NASDAQ
STRZ,Starz Entertainment Corp. - Common Shares,EQUITY,NASDAQ
STTK,"Shattuck Labs, Inc. - Common Stock",EQUITY,NASDAQ
STX,Seagate Technology Holdings PLC - Ordinary Shares (Ireland),EQUITY,NASDAQ
SUGP,SU Group Holdings Limited - Class A Ordinary Shares,EQUITY,NASDAQ
SUIG,Sui Group Holdings Limited - Common Stock,EQUITY,NASDAQ
SUIS,Canary Staked SUI ETF,ETF,NASDAQ
SUJA,"Suja Life, Inc. - Class A Common Stock",EQUITY,NASDAQ
SUMA,SUMA Acquisition Corporation - Class A Ordinary Shares,EQUITY,NASDAQ
SUNE,"SUNation Energy, Inc. - Common Stock",EQUITY,NASDAQ
SUNS,"Sunrise Realty Trust, Inc. - Common Stock",EQUITY,NASDAQ
SUPN,"Supernus Pharmaceuticals, Inc. - Common Stock",EQUITY,NASDAQ
SUPP,TCW Transform Supply Chain ETF,ETF,NASDAQ
SUPX,SuperX AI Technology Limited - Ordinary Shares,EQUITY,NASDAQ
SURG,"SurgePays, Inc. - Common Stock",EQUITY,NASDAQ
SUSB,iShares ESG Aware 1-5 Year USD Corporate Bond ETF,ETF,NASDAQ
SUSC,iShares ESG Aware USD Corporate Bond ETF,ETF,NASDAQ
SUSL,iShares ESG MSCI USA Leaders ETF,ETF,NASDAQ
SVA,"Sinovac Biotech, Ltd. - Ordinary Shares (Antigua/Barbudo)",EQUITY,NASDAQ
SVAQ,Silicon Valley Acquisition Corp. - Class A Ordinary Shares,EQUITY,NASDAQ
SVC,Service Properties Trust - Common Shares of Beneficial Interest,EQUITY,NASDAQ
SVCC,Stellar V Capital Corp. - Class A Ordinary Shares,EQUITY,NASDAQ
SVCO,"Silvaco Group, Inc. - Common Stock",EQUITY,NASDAQ
SVIA,"Silvia, Inc. - Common Stock",EQUITY,NASDAQ
SVIV,Spring Valley Acquisition Corp. IV - Class A Ordinary Shares,EQUITY,NASDAQ
SVRA,"Savara, Inc. - Common Stock",EQUITY,NASDAQ
SVRE,SaverOne 2014 Ltd. - American Depositary Shares,EQUITY,NASDAQ
SVRN,"SVRN, Inc. - Common Stock",EQUITY,NASDAQ
SWAG,"Stran & Company, Inc. - Common Stock",EQUITY,NASDAQ
SWBI,"Smith & Wesson Brands, Inc. - Common Stock",EQUITY,NASDAQ
SWIM,"Latham Group, Inc. - Common Stock",EQUITY,NASDAQ
SWKS,"Skyworks Solutions, Inc. - Common Stock",EQUITY,NASDAQ
SWMR,"Swarmer, Inc - common stock",EQUITY,NASDAQ
SWP,SWP Growth & Income ETF,ETF,NASDAQ
SWRD,Stewards Inc - Common Stock,EQUITY,NASDAQ
SWVL,Swvl Holdings Corp - Ordinary Shares,EQUITY,NASDAQ
SXTC,"China SXT Pharmaceuticals, Inc. - Class A Ordinary Shares",EQUITY,NASDAQ
SXTP,"60 Degrees Pharmaceuticals, Inc. - Common Stock",EQUITY,NASDAQ
SY,So-Young International Inc. - American Depository Shares,EQUITY,NASDAQ
SYBT,"Stock Yards Bancorp, Inc. - Common Stock",EQUITY,NASDAQ
SYM,Symbotic Inc. - Class A Common Stock,EQUITY,NASDAQ
SYNA,Synaptics Incorporated - Common Stock,EQUITY,NASDAQ
SYPR,"Sypris Solutions, Inc. - Common Stock",EQUITY,NASDAQ
SYRE,"Spyre Therapeutics, Inc. - Common Stock",EQUITY,NASDAQ
SYZ,Lazard US Systematic Small Cap Equity ETF,ETF,NASDAQ
SZZL,Sizzle Acquisition Corp. II - Class A ordinary shares,EQUITY,NASDAQ
TACH,Titan Acquisition Corp. - Class A Ordinary Shares,EQUITY,NASDAQ
TACO,Berto Acquisition Corp. - Ordinary Shares,EQUITY,NASDAQ
TACT,TransAct Technologies Incorporated - Common Stock,EQUITY,NASDAQ
TANH,Tantech Holdings Ltd. - Class A Common Shares,EQUITY,NASDAQ
TAOP,Taoping Inc. - Ordinary Shares,EQUITY,NASDAQ
TAOX,Tao Synergies Inc. - Common Stock,EQUITY,NASDAQ
TAOZ,Thornburg American Opportunities Fund,ETF,NASDAQ
TARA,"Protara Therapeutics, Inc.  - Common Stock",EQUITY,NASDAQ
TARK,Tradr 2X Long Innovation ETF,ETF,NASDAQ
TARS,"Tarsus Pharmaceuticals, Inc. - Common Stock",EQUITY,NASDAQ
TASK,"TaskUs, Inc. - Class A Common Stock",EQUITY,NASDAQ
TATT,TAT Technologies Ltd. - Ordinary Shares,EQUITY,NASDAQ
TAVI,Tavia Acquisition Corp. - Ordinary Shares,EQUITY,NASDAQ
TAX,Cambria Tax Aware ETF,ETF,NASDAQ
TAXE,Intermediate Municipal Income ETF,ETF,NASDAQ
TAXI,Northern Trust Intermediate Tax-Exempt Bond ETF,ETF,NASDAQ
TAXS,Northern Trust Short-Term Tax-Exempt Bond ETF,ETF,NASDAQ
TAXT,Northern Trust Tax-Exempt Bond ETF,ETF,NASDAQ
TAYD,"Taylor Devices, Inc. - Common Stock",EQUITY,NASDAQ
TBBK,"The Bancorp, Inc. - Common Stock",EQUITY,NASDAQ
TBCH,Turtle Beach Corporation - Common Stock,EQUITY,NASDAQ
TBIL,F/m US Treasury 3 Month Bill Fund,ETF,NASDAQ
TBLA,Taboola.com Ltd. - Ordinary Shares,EQUITY,NASDAQ
TBLD,Thornburg Income Builder Opportunities Trust - Closed End Fund,EQUITY,NASDAQ
TC,Token Cat Limited - American Depositary Shares,EQUITY,NASDAQ
TCAN,21Shares Canton Network ETF,ETF,NASDAQ
TCBI,"Texas Capital Bancshares, Inc. - Common Stock",EQUITY,NASDAQ
TCBK,TriCo Bancshares - Common Stock,EQUITY,NASDAQ
TCBS,"Texas Community Bancshares, Inc. - Common Stock",EQUITY,NASDAQ
TCGX,TCGX Acquisition Corp. - Class A Ordinary Shares,EQUITY,NASDAQ
TCHI,iShares MSCI China Multisector Tech ETF,ETF,NASDAQ
TCMD,"Tactile Systems Technology, Inc. - Common Stock",EQUITY,NASDAQ
TCOM,Trip.com Group Limited - American Depositary Shares,EQUITY,NASDAQ
TCPC,BlackRock TCP Capital Corp. - Closed End Fund,EQUITY,NASDAQ
TCRT,"Alaunos Therapeutics, Inc. - Common Stock",EQUITY,NASDAQ
TCRX,"TScan Therapeutics, Inc. - Common Stock",EQUITY,NASDAQ
TCX,Tucows Inc. - Common Stock,EQUITY,NASDAQ
TDAC,Translational Development Acquisition Corp. - Ordinary Shares,EQUITY,NASDAQ
TDCL,GraniteShares 2x Long TDC Daily ETF,ETF,NASDAQ
TDI,Touchstone Dynamic International ETF,ETF,NASDAQ
TDIC,Dreamland Limited - Class A Ordinary Shares,EQUITY,NASDAQ
TDIV,First Trust NASDAQ Technology Dividend Index Fund,ETF,NASDAQ
TDNA,T. Rowe Price Biotech ETF,ETF,NASDAQ
TDOG,21shares Dogecoin ETF,ETF,NASDAQ
TDOT,21shares Polkadot Staking ETF,ETF,NASDAQ
TDSB,ETC Cabana Target Beta ETF,ETF,NASDAQ
TDSC,ETC Cabana Target Drawdown 10 ETF,ETF,NASDAQ
TDTH,Trident Digital Tech Holdings Ltd - Class B Ordinary Shares,EQUITY,NASDAQ
TDUP,ThredUp Inc. - Class A Common Stock,EQUITY,NASDAQ
TDWD,Tailwind 2.0 Acquisition Corp. - Class A Ordinary Shares,EQUITY,NASDAQ
TEAD,Teads Holding Co. - Common Stock,EQUITY,NASDAQ
TEAM,Atlassian Corporation  - Class A Common Stock,EQUITY,NASDAQ
TECH,Bio-Techne Corp - Common Stock,EQUITY,NASDAQ
TECX,"Tectonic Therapeutic, Inc. - Common Stock",EQUITY,NASDAQ
TECY,GraniteShares YieldBOOST Technology ETF,ETF,NASDAQ
TEKX,State Street Galaxy Transformative Tech Accelerators ETF,ETF,NASDAQ
TEKY,Lazard Next Gen Technologies ETF,ETF,NASDAQ
TELA,"TELA Bio, Inc. - Common stock",EQUITY,NASDAQ
TELO,"Telomir Pharmaceuticals, Inc. - Common Stock",EQUITY,NASDAQ
TEM,"Tempus AI, Inc. - Class A Common Stock",EQUITY,NASDAQ
TENB,"Tenable Holdings, Inc. - Common Stock",EQUITY,NASDAQ
TENX,"Tenax Therapeutics, Inc. - Common Stock",EQUITY,NASDAQ
TER,"Teradyne, Inc. - Common Stock",EQUITY,NASDAQ
TERG,Leverage Shares 2X Long TER Daily ETF,ETF,NASDAQ
TEXN,iShares Texas Equity ETF,ETF,NASDAQ
TEXX,Horizon Kinetics Texas ETF,ETF,NASDAQ
TFGZ,Thornburg Focus Growth Fund,ETF,NASDAQ
TFNS,T. Rowe Price Financials ETF,ETF,NASDAQ
TFSL,TFS Financial Corporation - Common Stock,EQUITY,NASDAQ
TGHL,The GrowHub Limited - Class A Ordinary Shares,EQUITY,NASDAQ
TGL,Treasure Global Inc. - Common Stock,EQUITY,NASDAQ
TGRZ,China AI Tigers LLM ETF,ETF,NASDAQ
TGTX,"TG Therapeutics, Inc. - Common Stock",EQUITY,NASDAQ
TH,Target Hospitality Corp. - Common Stock,EQUITY,NASDAQ
THCH,TH International Limited - Ordinary shares,EQUITY,NASDAQ
THEO,BOA Acquisition Corp. II - Class A Ordinary Shares,EQUITY,NASDAQ
THFF,First Financial Corporation  - Common Stock,EQUITY,NASDAQ
THH,TryHard Holdings Limited - Ordinary Shares,EQUITY,NASDAQ
THMZ,Lazard Equity Megatrends ETF,ETF,NASDAQ
THRM,Gentherm Inc - Common Stock,EQUITY,NASDAQ
THRV,Prospera Income ETF,ETF,NASDAQ
THRY,"Thryv Holdings, Inc. - Common Stock",EQUITY,NASDAQ
THYM,T. Rowe Price High Income Municipal ETF,ETF,NASDAQ
THYP,21shares Hyperliquid Staking ETF,ETF,NASDAQ
TIGO,Millicom International Cellular S.A. - Common Stock,EQUITY,NASDAQ
TIGR,UP Fintech Holding Limited - American Depositary Shares representing fifteen Class A Ordinary Shares,EQUITY,NASDAQ
TIH,The Investment House ETF,ETF,NASDAQ
TIL,"Instil Bio, Inc. - Common Stock",EQUITY,NASDAQ
TILC,Thrivent International Large Cap ETF,ETF,NASDAQ
TILE,"Interface, Inc. - Common Stock",EQUITY,NASDAQ
TIPT,Tiptree Inc. - Common Stock,EQUITY,NASDAQ
TISC,Thrivent International Small Cap ETF,ETF,NASDAQ
TITN,Titan Machinery Inc. - Common Stock,EQUITY,NASDAQ
TJGC,TJGC Group Limited - Class A Ordinary Shares,EQUITY,NASDAQ
TKLF,"Tokyo Lifestyle Co., Ltd. - American Depositary Shares",EQUITY,NASDAQ
TKNO,"Alpha Teknova, Inc. - Common Stock",EQUITY,NASDAQ
TKNS,21Shares Active Crypto ETF,ETF,NASDAQ
TLA,GraniteShares Autocallable TSLA ETF,ETF,NASDAQ
TLAC,Three Lions Acquisition Corp. - Ordinary Shares,EQUITY,NASDAQ
TLF,"Tandy Leather Factory, Inc. - common stock",EQUITY,NASDAQ
TLG,Touchstone Large Company Growth ETF,ETF,NASDAQ
TLIH,Ten-League International Holdings Limited - Ordinary Shares,EQUITY,NASDAQ
TLN,Talen Energy Corporation - Common Stock,EQUITY,NASDAQ
TLNC,Talon Capital Corp. - Class A Ordinary Shares,EQUITY,NASDAQ
TLPH,"Talphera, Inc. - Common Stock",EQUITY,NASDAQ
TLRY,"Tilray Brands, Inc. - Common Stock",EQUITY,NASDAQ
TLS,Telos Corporation - Common Stock,EQUITY,NASDAQ
TLSA,Tiziana Life Sciences Ltd - Common Shares,EQUITY,NASDAQ
TLSI,"TriSalus Life Sciences, Inc. - Common Stock",EQUITY,NASDAQ
TLT,iShares 20+ Year Treasury Bond ETF,ETF,NASDAQ
TLX,Telix Pharmaceuticals Limited - American Depositary Shares,EQUITY,NASDAQ
TMB,Thornburg Multi Sector Bond ETF,ETF,NASDAQ
TMC,TMC the metals company Inc. - Common Stock,EQUITY,NASDAQ
TMCI,"Treace Medical Concepts, Inc. - Common Stock",EQUITY,NASDAQ
TMCR,The Metals Royalty Company Inc. - Common Stock,EQUITY,NASDAQ
TMDX,"TransMedics Group, Inc. - Common Stock",EQUITY,NASDAQ
TMED,T. Rowe Price Health Care ETF,ETF,NASDAQ
TMID,T. Rowe Price Mid Cap Equity Research ETF,ETF,NASDAQ
TMNL,T. Rowe Price Long Municipal Income ETF,ETF,NASDAQ
TMNS,T. Rowe Price Short Municipal Income ETF,ETF,NASDAQ
TMS,Teamshares Inc. - Common Stock,EQUITY,NASDAQ
TMSF,T. Rowe Price Multi-Sector Income ETF,ETF,NASDAQ
TMTS,Spartacus Acquisition Corp. II - Class A Ordinary Shares,EQUITY,NASDAQ
TMUS,"T-Mobile US, Inc. - Common Stock",EQUITY,NASDAQ
TMYY,GraniteShares YieldBOOST TSM ETF,ETF,NASDAQ
TNDM,"Tandem Diabetes Care, Inc. - Common Stock",EQUITY,NASDAQ
TNGX,"Tango Therapeutics, Inc. - Common Stock",EQUITY,NASDAQ
TNMG,TNL Mediagene - Ordinary Shares,EQUITY,NASDAQ
TNON,"Tenon Medical, Inc. - Common Stock",EQUITY,NASDAQ
TNXP,Tonix Pharmaceuticals Holding Corp. - Common Stock,EQUITY,NASDAQ
TNXT,T. Rowe Price Innovation Leaders ETF,ETF,NASDAQ
TNYA,"Tenaya Therapeutics, Inc. - Common Stock",EQUITY,NASDAQ
TOMZ,"TOMI Environmental Solutions, Inc. - Common Stock",EQUITY,NASDAQ
TONX,TON Strategy Company - Common Stock,EQUITY,NASDAQ
TOP,TOP Financial Group Limited - Class A Ordinary Shares,EQUITY,NASDAQ
TORK,KraneShares Actuator ETF,ETF,NASDAQ
TORO,Toro Corp. - Common stock,EQUITY,NASDAQ
TOUR,Tuniu Corporation - American Depositary Shares,EQUITY,NASDAQ
TOWN,Towne Bank - Common Stock,EQUITY,NASDAQ
TOYO,"TOYO Co., Ltd - Ordinary Shares",EQUITY,NASDAQ
TPCS,TechPrecision Corporation - Common stock,EQUITY,NASDAQ
TPG,TPG Inc. - Class A Common Stock,EQUITY,NASDAQ
TPLS,Thornburg Core Plus Bond ETF,ETF,NASDAQ
TPST,"Tempest Therapeutics, Inc. - Common Stock",EQUITY,NASDAQ
TQQQ,ProShares UltraPro QQQ,ETF,NASDAQ
TQQY,GraniteShares YieldBOOST QQQ ETF,ETF,NASDAQ
TRAW,"Traws Pharma, Inc. - Common Stock",EQUITY,NASDAQ
TRAX,"First Tracks Biotherapeutics, Inc. - Ordinary Shares",EQUITY,NASDAQ
TRBF,Angel Oak Total Return ETF,ETF,NASDAQ
TRBG,TurboGen Ltd. - Ordinary Shares,EQUITY,NASDAQ
TRDA,"Entrada Therapeutics, Inc. - Common Stock",EQUITY,NASDAQ
TREE,"LendingTree, Inc. - Common Stock",EQUITY,NASDAQ
TREO,Tactical Resources Corp. - Common Shares,EQUITY,NASDAQ
TRGS,TRG Latin America Acquisitions Corp. - Class A Ordinary Shares,EQUITY,NASDAQ
TRI,Thomson Reuters Corp - Common Shares,EQUITY,NASDAQ
TRIB,Trinity Biotech plc - American Depositary Shares,EQUITY,NASDAQ
TRIP,"TripAdvisor, Inc. - Common Stock",EQUITY,NASDAQ
TRMB,Trimble Inc. - Common Stock,EQUITY,NASDAQ
TRMD,TORM plc - Class A Common Stock,EQUITY,NASDAQ
TRMK,Trustmark Corporation - Common Stock,EQUITY,NASDAQ
TRNR,Interactive Strength Inc. - Common Stock,EQUITY,NASDAQ
TRNS,"Transcat, Inc. - Common Stock",EQUITY,NASDAQ
TRON,Tron Inc. - Common Stock,EQUITY,NASDAQ
TROO,"TROOPS, Inc.  - Ordinary Shares",EQUITY,NASDAQ
TROW,"T. Rowe Price Group, Inc. - Common Stock",EQUITY,NASDAQ
TRS,TriMas Corporation - Common Stock,EQUITY,NASDAQ
TRSG,Tungray Technologies Inc - Class A Ordinary Shares,EQUITY,NASDAQ
TRST,TrustCo Bank Corp NY - Common Stock,EQUITY,NASDAQ
TRT,Trio-Tech International - Common Stock,EQUITY,NASDAQ
TRUC,VanEck Communication Services TruSector ETF,ETF,NASDAQ
TRUD,VanEck Consumer Discretionary TruSector ETF,ETF,NASDAQ
TRUF,VanEck Financials TruSector ETF,ETF,NASDAQ
TRUG,"TruGolf Holdings, Inc. - Class A Common Stock",EQUITY,NASDAQ
TRUH,VanEck Healthcare TruSector ETF,ETF,NASDAQ
TRUI,VanEck Industrials TruSector ETF,ETF,NASDAQ
TRUM,VanEck Materials TruSector ETF,ETF,NASDAQ
TRUN,VanEck Energy TruSector ETF,ETF,NASDAQ
TRUO,VanEck Consumer Staples TruSector ETF,ETF,NASDAQ
TRUP,"Trupanion, Inc. - Common Stock",EQUITY,NASDAQ
TRUR,VanEck Real Estate TruSector ETF,ETF,NASDAQ
TRUT,VanEck Technology TruSector ETF,ETF,NASDAQ
TRUU,VanEck Utilities TruSector ETF,ETF,NASDAQ
TRVG,trivago N.V. - American Depositary Shares,EQUITY,NASDAQ
TRVI,"Trevi Therapeutics, Inc. - Common Stock",EQUITY,NASDAQ
TSAT,Telesat Corporation - Class A Common Shares and Class B Variable Voting Shares,EQUITY,NASDAQ
TSBK,"Timberland Bancorp, Inc. - Common Stock",EQUITY,NASDAQ
TSCM,TimesSquare Quality Mid Cap Growth ETF,ETF,NASDAQ
TSCO,Tractor Supply Company - Common Stock,EQUITY,NASDAQ
TSDD,GraniteShares 2x Short TSLA Daily ETF,ETF,NASDAQ
TSEE,T. Rowe Price Small Cap ETF,ETF,NASDAQ
TSEL,Touchstone Sands Capital US Select Growth ETF,ETF,NASDAQ
TSEM,Tower Semiconductor Ltd. - Ordinary Shares,EQUITY,NASDAQ
TSHA,"Taysha Gene Therapies, Inc. - Common Stock",EQUITY,NASDAQ
TSL,GraniteShares 1.25x Long TSLA Daily ETF,ETF,NASDAQ
TSLA,"Tesla, Inc.  - Common Stock",EQUITY,NASDAQ
TSLG,Leverage Shares 2X Long TSLA Daily ETF,ETF,NASDAQ
TSLL,Direxion Daily TSLA Bull 2X ETF,ETF,NASDAQ
TSLQ,Tradr 2X Short TSLA Daily ETF,ETF,NASDAQ
TSLR,GraniteShares 2x Long TSLA Daily ETF,ETF,NASDAQ
TSLS,Direxion Daily TSLA Bear 1X ETF,ETF,NASDAQ
TSMG,Leverage Shares 2X Long TSM Daily ETF,ETF,NASDAQ
TSMU,GraniteShares 2x Long TSM Daily ETF,ETF,NASDAQ
TSMX,Direxion Daily TSM Bull 2X ETF,ETF,NASDAQ
TSMZ,Direxion Daily TSM Bear 1X ETF,ETF,NASDAQ
TSPY,TappAlpha S&P 500 Growth & Daily Income ETF,ETF,NASDAQ
TSSI,"TSS, Inc. - Common Stock",EQUITY,NASDAQ
TSUI,21Shares Sui Staking ETF,ETF,NASDAQ
TSYX,TSPY Lift ETF,ETF,NASDAQ
TSYY,GraniteShares YieldBOOST TSLA ETF,ETF,NASDAQ
TTAN,"ServiceTitan, Inc. - Class A Common Stock",EQUITY,NASDAQ
TTD,"The Trade Desk, Inc. - Class A Common Stock",EQUITY,NASDAQ
TTEC,"TTEC Holdings, Inc. - Common Stock",EQUITY,NASDAQ
TTEK,"Tetra Tech, Inc. - Common Stock",EQUITY,NASDAQ
TTEQ,T. Rowe Price Technology ETF,ETF,NASDAQ
TTGT,"TechTarget, Inc. - Common Stock",EQUITY,NASDAQ
TTMI,"TTM Technologies, Inc. - Common Stock",EQUITY,NASDAQ
TTRX,Turn Therapeutics Inc. - Common Stock,EQUITY,NASDAQ
TTWO,"Take-Two Interactive Software, Inc. - Common Stock",EQUITY,NASDAQ
TUG,STF Tactical Growth ETF,ETF,NASDAQ
TULP,"Bloomia Holdings, Inc. - Common Stock",EQUITY,NASDAQ
TUR,iShares MSCI Turkey ETF,ETF,NASDAQ
TURB,"Turbo Energy, S.A. - American Depositary Shares",EQUITY,NASDAQ
TURF,T. Rowe Price Natural Resources ETF,ETF,NASDAQ
TUSK,"Mammoth Energy Services, Inc. - Common Stock",EQUITY,NASDAQ
TVA,Texas Ventures Acquisition III Corp - Class A Ordinary Share,EQUITY,NASDAQ
TVAI,Thayer Ventures Acquisition Corporation II - Class A Ordinary Shares,EQUITY,NASDAQ
TVGN,Tevogen Inc. - Common Stock,EQUITY,NASDAQ
TVIV,Texas Ventures Acquisition IV Corp - Class A Ordinary Shares,EQUITY,NASDAQ
TVRD,"Tvardi Therapeutics, Inc. - Common Stock",EQUITY,NASDAQ
TVTX,"Travere Therapeutics, Inc. - Common Stock",EQUITY,NASDAQ
TW,Tradeweb Markets Inc. - Class A Common Stock,EQUITY,NASDAQ
TWAV,"TaoWeave, Inc. - Common Stock",EQUITY,NASDAQ
TWFG,"TWFG, Inc. - Common Stock",EQUITY,NASDAQ
TWG,Top Wealth Group Holding Limited - Class A Ordinary Shares,EQUITY,NASDAQ
TWIN,"Twin Disc, Incorporated - Common Stock",EQUITY,NASDAQ
TWLV,Twelve Seas Investment Company III - Class A Ordinary Shares,EQUITY,NASDAQ
TWST,Twist Bioscience Corporation - Common Stock,EQUITY,NASDAQ
TXCA,Northern Trust California Intermediate Tax-Exempt Bond ETF,ETF,NASDAQ
TXG,"10x Genomics, Inc. - Common Stock",EQUITY,NASDAQ
TXMD,"TherapeuticsMD, Inc. - Common Stock",EQUITY,NASDAQ
TXN,Texas Instruments Incorporated - Common Stock,EQUITY,NASDAQ
TXNY,Northern Trust New York Intermediate Tax-Exempt Bond ETF,ETF,NASDAQ
TXRH,"Texas Roadhouse, Inc. - Common Stock",EQUITY,NASDAQ
TXUE,Thornburg International Equity ETF,ETF,NASDAQ
TXUG,Thornburg International Growth Fund ETF,ETF,NASDAQ
TXXD,21Shares 2x Long Dogecoin ETF,ETF,NASDAQ
TXXH,21Shares 2x Long HYPE ETF,ETF,NASDAQ
TXXS,21Shares 2x Long Sui ETF,ETF,NASDAQ
TYGO,"Tigo Energy, Inc. - Common Stock",EQUITY,NASDAQ
TYRA,"Tyra Biosciences, Inc. - Common Stock",EQUITY,NASDAQ
TZOO,Travelzoo - Common Stock,EQUITY,NASDAQ
UAE,iShares MSCI UAE ETF,ETF,NASDAQ
UAL,"United Airlines Holdings, Inc. - Common Stock",EQUITY,NASDAQ
UBCP,"United Bancorp, Inc. - Common Stock",EQUITY,NASDAQ
UBND,VictoryShares Core Plus Bond ETF,ETF,NASDAQ
UBRL,GraniteShares 2x Long UBER Daily ETF,ETF,NASDAQ
UBSI,"United Bankshares, Inc. - Common Stock",EQUITY,NASDAQ
UCAR,U Power Limited - Class A Ordinary Shares,EQUITY,NASDAQ
UCFI,CN Healthy Food Tech Group Corp. - Common Stock,EQUITY,NASDAQ
UCL,uCloudlink Group Inc. - American Depositary Shares,EQUITY,NASDAQ
UCRD,VictoryShares Corporate Bond ETF,ETF,NASDAQ
UCTT,"Ultra Clean Holdings, Inc. - Common Stock",EQUITY,NASDAQ
UCYB,ProShares Ultra Nasdaq Cybersecurity,ETF,NASDAQ
UECG,Leverage Shares 2x Long UEC Daily ETF,ETF,NASDAQ
UEIC,Universal Electronics Inc. - Common Stock,EQUITY,NASDAQ
UEVM,VictoryShares Emerging Markets Value Momentum ETF,ETF,NASDAQ
UFCS,"United Fire Group, Inc - Common Stock",EQUITY,NASDAQ
UFG,Uni-Fuels Holdings Limited - Class A Ordinary Shares,EQUITY,NASDAQ
UFIV,US Treasury 5 Year Note ETF,ETF,NASDAQ
UFO,Procure Space ETF,ETF,NASDAQ
UFOX,Defiance Space and Connective Tech ETF,ETF,NASDAQ
UFPI,"UFP Industries, Inc. - Common Stock",EQUITY,NASDAQ
UFPT,"UFP Technologies, Inc. - Common Stock",EQUITY,NASDAQ
UG,"United-Guardian, Inc. - Common Stock",EQUITY,NASDAQ
UITB,VictoryShares Core Intermediate Bond ETF,ETF,NASDAQ
UIVM,VictoryShares International Value Momentum ETF,ETF,NASDAQ
UK,Ucommune International Ltd  - Class A Ordinary Shares,EQUITY,NASDAQ
ULBI,Ultralife Corporation - Common Stock,EQUITY,NASDAQ
ULCC,"Frontier Group Holdings, Inc. - Common Stock",EQUITY,NASDAQ
ULH,"Universal Logistics Holdings, Inc. - Common Stock",EQUITY,NASDAQ
ULTA,"Ulta Beauty, Inc. - Common Stock",EQUITY,NASDAQ
ULTI,REX IncomeMax Option Strategy ETF,ETF,NASDAQ
ULVM,VictoryShares US Value Momentum ETF,ETF,NASDAQ
UMBF,UMB Financial Corporation - Common Stock,EQUITY,NASDAQ
UMMA,Wahed Dow Jones Islamic World ETF,ETF,NASDAQ
UNB,"Union Bankshares, Inc. - Common Stock",EQUITY,NASDAQ
UNCY,"Unicycive Therapeutics, Inc. - Common Stock",EQUITY,NASDAQ
UNHG,Leverage Shares 2X Long UNH Daily ETF,ETF,NASDAQ
UNIT,Uniti Group Inc. - Common Stock,EQUITY,NASDAQ
UNIY,WisdomTree Voya Yield Enhanced USD Universal Bond Fund,ETF,NASDAQ
UNTY,"Unity Bancorp, Inc. - Common Stock",EQUITY,NASDAQ
UONE,"Urban One, Inc.  - Class A Common Stock",EQUITY,NASDAQ
UONEK,"Urban One, Inc.  - Class D Common Stock",EQUITY,NASDAQ
UPB,"Upstream Bio, Inc. - Common Stock",EQUITY,NASDAQ
UPBD,"Upbound Group, Inc. - Common Stock",EQUITY,NASDAQ
UPC,Universe Pharmaceuticals Inc - Class A Ordinary Shares,EQUITY,NASDAQ
UPGR,Xtrackers US Green Infrastructure Select Equity ETF,ETF,NASDAQ
UPLD,"Upland Software, Inc. - Common Stock",EQUITY,NASDAQ
UPST,"Upstart Holdings, Inc. - Common stock",EQUITY,NASDAQ
UPWK,Upwork Inc. - Common Stock,EQUITY,NASDAQ
UPXI,"Upexi, Inc. - Common Stock",EQUITY,NASDAQ
URBN,"Urban Outfitters, Inc. - Common Stock",EQUITY,NASDAQ
URGN,UroGen Pharma Ltd. - Ordinary Shares,EQUITY,NASDAQ
URNJ,Sprott Junior Uranium Miners ETF,ETF,NASDAQ
UROY,Uranium Royalty Corp. - Common Stock,EQUITY,NASDAQ
USAF,Atlas America Fund,ETF,NASDAQ
USAR,"USA Rare Earth, Inc. - Common Stock",EQUITY,NASDAQ
USAU,U.S. Gold Corp. - Common Stock,EQUITY,NASDAQ
USCB,"USCB Financial Holdings, Inc.  - Class A Common Stock",EQUITY,NASDAQ
USCL,iShares Climate Conscious & Transition MSCI USA ETF,ETF,NASDAQ
USDE,StablecoinX Inc. - Class A Common Stock,EQUITY,NASDAQ
USDX,SGI Enhanced Core ETF,ETF,NASDAQ
USEA,United Maritime Corporation - Common Stock,EQUITY,NASDAQ
USFI,BrandywineGLOBAL - U.S. Fixed Income ETF,ETF,NASDAQ
USGG,Leverage Shares 2X Long USAR Daily ETF,ETF,NASDAQ
USGO,U.S. GoldMining Inc. - Common stock,EQUITY,NASDAQ
USIG,iShares Broad USD Investment Grade Corporate Bond ETF,ETF,NASDAQ
USIN,WisdomTree 7-10 Year Laddered Treasury Fund,ETF,NASDAQ
USIO,"Usio, Inc. - Common Stock",EQUITY,NASDAQ
USLM,"United States Lime & Minerals, Inc. - Common Stock",EQUITY,NASDAQ
USMC,Principal U.S. Mega-Cap ETF,ETF,NASDAQ
USOI,"ETRACS Crude Oil Shares Covered Call ETNs due April 24, 2037",ETF,NASDAQ
USOY,Defiance Oil Enhanced Options Income ETF,ETF,NASDAQ
USSH,WisdomTree 1-3 Year Laddered Treasury Fund,ETF,NASDAQ
USTB,VictoryShares Short-Term Bond ETF,ETF,NASDAQ
USVM,VictoryShares US Small Mid Cap Value Momentum ETF,ETF,NASDAQ
USVN,US Treasury 7 Year Note ETF,ETF,NASDAQ
USXF,iShares ESG Advanced MSCI USA ETF,ETF,NASDAQ
UTEN,US Treasury 10 Year Note ETF,ETF,NASDAQ
UTHR,United Therapeutics Corporation - Common Stock,EQUITY,NASDAQ
UTHY,US Treasury 30 Year Bond ETF,ETF,NASDAQ
UTMD,"Utah Medical Products, Inc. - Common Stock",EQUITY,NASDAQ
UTRE,US Treasury 3 Year Note ETF,ETF,NASDAQ
UTSI,UTStarcom Holdings Corp - Ordinary Shares,EQUITY,NASDAQ
UTWO,US Treasury 2 Year Note ETF,ETF,NASDAQ
UTWY,US Treasury 20 Year Bond ETF,ETF,NASDAQ
UUUG,Leverage Shares 2X Long UUUU Daily ETF,ETF,NASDAQ
UVSP,Univest Financial Corporation - Common Stock,EQUITY,NASDAQ
UXIN,Uxin Limited - American Depositary Shares,EQUITY,NASDAQ
UYLD,Angel Oak UltraShort Income ETF,ETF,NASDAQ
UYSC,UY Scuti Acquisition Corp. - Ordinary Shares,EQUITY,NASDAQ
UZX,Linkage Global Inc - Class A Ordinary Shares,EQUITY,NASDAQ
VABK,Virginia National Bankshares Corporation - Common Stock,EQUITY,NASDAQ
VAI,Valor Energy Incorporated - Common Stock,EQUITY,NASDAQ
VALG,Leverage Shares 2X Long VALE Daily ETF,ETF,NASDAQ
VALN,Valneva SE - American Depositary Shares,EQUITY,NASDAQ
VALU,"Value Line, Inc. - Common Stock",EQUITY,NASDAQ
VANI,"Vivani Medical, Inc.  - Common Stock",EQUITY,NASDAQ
VAVX,VanEck Avalanche ETF,ETF,NASDAQ
VBCA,Vanguard Target Maturity 2027 Corporate Bond ETF,ETF,NASDAQ
VBCB,Vanguard Target Maturity 2028 Corporate Bond ETF,ETF,NASDAQ
VBCC,Vanguard Target Maturity 2029 Corporate Bond ETF,ETF,NASDAQ
VBCD,Vanguard Target Maturity 2030 Corporate Bond ETF,ETF,NASDAQ
VBCE,Vanguard Target Maturity 2031 Corporate Bond ETF,ETF,NASDAQ
VBCF,Vanguard Target Maturity 2032 Corporate Bond ETF,ETF,NASDAQ
VBCG,Vanguard Target Maturity 2033 Corporate Bond ETF,ETF,NASDAQ
VBCH,Vanguard Target Maturity 2034 Corporate Bond ETF,ETF,NASDAQ
VBCI,Vanguard Target Maturity 2035 Corporate Bond ETF,ETF,NASDAQ
VBCJ,Vanguard Target Maturity 2036 Corporate Bond ETF,ETF,NASDAQ
VBIL,Vanguard 0-3 Month Treasury Bill ETF,ETF,NASDAQ
VBIO,"Valion Bio, Inc. - Common stock",EQUITY,NASDAQ
VBNB,VanEck BNB ETF,ETF,NASDAQ
VBNK,VersaBank - Common Shares,EQUITY,NASDAQ
VC,Visteon Corporation - Common Stock,EQUITY,NASDAQ
VCEL,Vericel Corporation - Common Stock,EQUITY,NASDAQ
VCIG,VCI Global Limited - Ordinary Share,EQUITY,NASDAQ
VCIT,Vanguard Intermediate-Term Corporate Bond ETF,ETF,NASDAQ
VCLT,Vanguard Long-Term Corporate Bond ETF,ETF,NASDAQ
VCRB,Vanguard Core Bond ETF,ETF,NASDAQ
VCRE,Vicore Pharma Holding AB - American Depositary Shares,EQUITY,NASDAQ
VCSH,Vanguard Short-Term Corporate Bond ETF,ETF,NASDAQ
VCTR,"Victory Capital Holdings, Inc. - Common Stock",EQUITY,NASDAQ
VCYT,"Veracyte, Inc. - Common Stock",EQUITY,NASDAQ
VECO,Veeco Instruments Inc. - Common Stock,EQUITY,NASDAQ
VEEA,Veea Inc. - Common Stock,EQUITY,NASDAQ
VEEE,Twin Vee PowerCats Co. - Common Stock,EQUITY,NASDAQ
VEEM,VanEck MSCI EM Analyst Sentiment ETF,ETF,NASDAQ
VEFA,VanEck MSCI EAFE Analyst Sentiment ETF,ETF,NASDAQ
VELO,"Velo3D, Inc. - Common stock",EQUITY,NASDAQ
VEON,VEON Ltd. - American Depositary Shares,EQUITY,NASDAQ
VERA,"Vera Therapeutics, Inc. - Class A Common Stock",EQUITY,NASDAQ
VERI,"Veritone, Inc. - Common Stock",EQUITY,NASDAQ
VERU,Veru Inc. - Common Stock,EQUITY,NASDAQ
VERX,"Vertex, Inc. - Class A Common Stock",EQUITY,NASDAQ
VFF,"Village Farms International, Inc. - Common Shares",EQUITY,NASDAQ
VFLO,VictoryShares Free Cash Flow ETF,ETF,NASDAQ
VFS,VinFast Auto Ltd. - Ordinary Shares,EQUITY,NASDAQ
VGAS,"Verde Clean Fuels, Inc. - Class A Common Stock",EQUITY,NASDAQ
VGIT,Vanguard Intermediate-Term Treasury ETF,ETF,NASDAQ
VGLT,Vanguard Long-Term Treasury ETF,ETF,NASDAQ
VGSH,Vanguard Short-Term Treasury ETF,ETF,NASDAQ
VGSR,Vert Global Sustainable Real Estate ETF,ETF,NASDAQ
VGUS,Vanguard Ultra-Short Treasury ETF,ETF,NASDAQ
VHC,VirnetX Holding Corp - Common Stock,EQUITY,NASDAQ
VHCP,Vine Hill Capital Investment Corp. II - Class A Ordinary Shares,EQUITY,NASDAQ
VHUB,"VenHub Global, Inc. - Common Stock",EQUITY,NASDAQ
VIAV,Viavi Solutions Inc. - Common Stock,EQUITY,NASDAQ
VICR,Vicor Corporation - Common Stock,EQUITY,NASDAQ
VIGI,Vanguard International Dividend Appreciation ETF,ETF,NASDAQ
VINP,Vinci Compass Investments Ltd. - Class A Common Shares,EQUITY,NASDAQ
VIOT,"Viomi Technology Co., Ltd - American Depositary Shares",EQUITY,NASDAQ
VIP,Vulcan Infrastructure and Power Inc. - Class A Common Stock,EQUITY,NASDAQ
VIR,"Vir Biotechnology, Inc. - Common Stock",EQUITY,NASDAQ
VIRC,Virco Manufacturing Corporation - Common Stock,EQUITY,NASDAQ
VISN,"Vistance Networks, Inc.  - Common Stock",EQUITY,NASDAQ
VITL,"Vital Farms, Inc. - Common Stock",EQUITY,NASDAQ
VIVK,"Vivakor, Inc. - Common Stock",EQUITY,NASDAQ
VIVO,VivoPower PLC - Class A Ordinary Shares,EQUITY,NASDAQ
VIVS,"VivoSim Labs, Inc. - Common Stock",EQUITY,NASDAQ
VKTX,"Viking Therapeutics, Inc. - Common Stock",EQUITY,NASDAQ
VLGEA,"Village Super Market, Inc. - Class A Common Stock",EQUITY,NASDAQ
VLOS,Velos Acquisition I Corp. - Class A Ordinary shares,EQUITY,NASDAQ
VLY,Valley National Bancorp - Common Stock,EQUITY,NASDAQ
VMAR,Vision Marine Technologies Inc. - Common Shares,EQUITY,NASDAQ
VMBS,Vanguard Mortgage-Backed Securities ETF,ETF,NASDAQ
VMD,"Viemed Healthcare, Inc. - Common Shares",EQUITY,NASDAQ
VMET,Versamet Royalties Corporation - Common Stock,EQUITY,NASDAQ
VMHY,VictoryShares Municipal High Yield ETF,ETF,NASDAQ
VMSD,VictoryShares Short-Duration Municipal ETF,ETF,NASDAQ
VNCE,Vince Holding Corp. - Common Stock,EQUITY,NASDAQ
VNDA,Vanda Pharmaceuticals Inc. - Common Stock,EQUITY,NASDAQ
VNET,"VNET Group, Inc. - American Depositary Shares",EQUITY,NASDAQ
VNME,Vendome Acquisition Corporation I - Class A Ordinary Shares,EQUITY,NASDAQ
VNOM,"Viper Energy, Inc.  - Class A Common Stock",EQUITY,NASDAQ
VNQI,Vanguard Global ex-U.S. Real Estate ETF,ETF,NASDAQ
VOD,Vodafone Group Plc - American Depositary Shares each representing ten Ordinary Shares,EQUITY,NASDAQ
VOGX,Vogenx Inc - Common Stock,EQUITY,NASDAQ
VOLT,Tema Electrification ETF,ETF,NASDAQ
VONE,Vanguard Russell 1000 ETF,ETF,NASDAQ
VONG,Vanguard Russell 1000 Growth ETF,ETF,NASDAQ
VONV,Vanguard Russell 1000 Value ETF,ETF,NASDAQ
VOOB,VistaShares Shield S&P 500 Enhanced Protection ETF,ETF,NASDAQ
VOR,Vor Biopharma Inc. - Common Stock,EQUITY,NASDAQ
VOTE,TCW Transform 500 ETF,ETF,NASDAQ
VOXR,Vox Royalty Corp. - common stock,EQUITY,NASDAQ
VPLS,Vanguard Core Plus Bond ETF,ETF,NASDAQ
VRA,"Vera Bradley, Inc. - Common Stock",EQUITY,NASDAQ
VRAX,Virax Biolabs Group Limited - Ordinary Shares,EQUITY,NASDAQ
VRCA,Verrica Pharmaceuticals Inc. - Common Stock,EQUITY,NASDAQ
VRDN,"Viridian Therapeutics, Inc.  - Common Stock",EQUITY,NASDAQ
VREX,Varex Imaging Corporation - Common Stock,EQUITY,NASDAQ
VRIG,Invesco Variable Rate Investment Grade ETF,ETF,NASDAQ
VRM,"Vroom, Inc. - Common Stock",EQUITY,NASDAQ
VRME,"VerifyMe, Inc. - Common Stock",EQUITY,NASDAQ
VRNS,"Varonis Systems, Inc. - Common Stock",EQUITY,NASDAQ
VRRM,Verra Mobility Corporation - Class A Common Stock,EQUITY,NASDAQ
VRSK,"Verisk Analytics, Inc. - Common Stock",EQUITY,NASDAQ
VRSN,"VeriSign, Inc. - Common Stock",EQUITY,NASDAQ
VRTL,GraniteShares 2x Long VRT Daily ETF,ETF,NASDAQ
VRTX,Vertex Pharmaceuticals Incorporated - Common Stock,EQUITY,NASDAQ
VRXA,Veraxa Biotech AG - Ordinary Shares,EQUITY,NASDAQ
VS,Versus Systems Inc. - Common Stock,EQUITY,NASDAQ
VSA,VisionSys AI Inc. - American Depositary Shares,EQUITY,NASDAQ
VSAT,"ViaSat, Inc. - Common Stock",EQUITY,NASDAQ
VSDA,VictoryShares Dividend Accelerator ETF,ETF,NASDAQ
VSEC,VSE Corporation - Common Stock,EQUITY,NASDAQ
VSME,VS Media Holdings Limited - Class A Ordinary Shares,EQUITY,NASDAQ
VSMV,VictoryShares US Multi-Factor Minimum Volatility ETF,ETF,NASDAQ
VSNT,"Versant Media Group, Inc. - Class A Common Stock",EQUITY,NASDAQ
VSOL,VanEck Solana ETF,ETF,NASDAQ
VSTL,Defiance Daily Target 2X Long VST ETF,ETF,NASDAQ
VSTM,"Verastem, Inc. - Common Stock",EQUITY,NASDAQ
VTC,Vanguard Total Corporate Bond ETF,ETF,NASDAQ
VTGN,"Vistagen Therapeutics, Inc. - Common Stock",EQUITY,NASDAQ
VTHR,Vanguard Russell 3000 ETF,ETF,NASDAQ
VTIP,Vanguard Short-Term Inflation-Protected Securities Index Fund ETF Shares,ETF,NASDAQ
VTIX,Virtuix Holdings Inc. - Class A Common Stock,EQUITY,NASDAQ
VTRS,Viatris Inc. - Common Stock,EQUITY,NASDAQ
VTSI,"VirTra, Inc. - Common Stock",EQUITY,NASDAQ
VTVT,vTv Therapeutics Inc. - Class A Common Stock,EQUITY,NASDAQ
VTWG,Vanguard Russell 2000 Growth ETF,ETF,NASDAQ
VTWO,Vanguard Russell 2000 ETF,ETF,NASDAQ
VTWV,Vanguard Russell 2000 Value ETF,ETF,NASDAQ
VUZI,Vuzix Corporation  - Common Stock,EQUITY,NASDAQ
VVOS,"Vivos Therapeutics, Inc. - Common Stock",EQUITY,NASDAQ
VWAV,"VisionWave Holdings, Inc. - Common Stock",EQUITY,NASDAQ
VWOB,Vanguard Emerging Markets Government Bond ETF,ETF,NASDAQ
VXUS,Vanguard Total International Stock ETF,ETF,NASDAQ
VYGR,"Voyager Therapeutics, Inc. - Common Stock",EQUITY,NASDAQ
VYMI,Vanguard International High Dividend Yield ETF,ETF,NASDAQ
WABC,Westamerica Bancorporation - Common Stock,EQUITY,NASDAQ
WABF,Western Asset Bond ETF,ETF,NASDAQ
WAFD,"WaFd, Inc. - Common Stock",EQUITY,NASDAQ
WAFDP,"WaFd, Inc. - Depositary Shares",EQUITY,NASDAQ
WAFU,Wah Fu Education Group Limited - Ordinary Shares,EQUITY,NASDAQ
WALD,Waldencast plc - Class A Ordinary Share,EQUITY,NASDAQ
WAMA,WisdomTree US Adaptive Moving Average Fund,ETF,NASDAQ
WARP,VanEck Space ETF,ETF,NASDAQ
WASH,"Washington Trust Bancorp, Inc. - Common Stock",EQUITY,NASDAQ
WATR,Air Water Ventures Limited - Ordinary Shares,EQUITY,NASDAQ
WATT,Energous Corporation - Common Stock,EQUITY,NASDAQ
WAVE,Eco Wave Power Global AB (publ) - American Depositary Shares,EQUITY,NASDAQ
WAY,Waystar Holding Corp. - Common Stock,EQUITY,NASDAQ
WB,Weibo Corporation - American Depositary Shares,EQUITY,NASDAQ
WBD,"Warner Bros. Discovery, Inc. - Series A Common Stock",EQUITY,NASDAQ
WBTN,WEBTOON Entertainment Inc. - Common stock,EQUITY,NASDAQ
WBUY,WEBUY GLOBAL LTD. - Class A Ordinary Shares,EQUITY,NASDAQ
WCBR,WisdomTree Cybersecurity Fund,ETF,NASDAQ
WCCB,West Coast Community Bancorp - Common Stock,EQUITY,NASDAQ
WCLD,WisdomTree Cloud Computing Fund,ETF,NASDAQ
WCT,Wellchange Holdings Company Limited - Class A Ordinary shares,EQUITY,NASDAQ
WDAF,WisdomTree Asia Defense Fund,ETF,NASDAQ
WDAY,"Workday, Inc. - Class A Common Stock",EQUITY,NASDAQ
WDC,Western Digital Corporation - Common Stock,EQUITY,NASDAQ
WDFC,WD-40 Company - Common Stock,EQUITY,NASDAQ
WDGF,WisdomTree Global Defense Fund,ETF,NASDAQ
WEEI,Westwood Salient Enhanced Energy Income ETF,ETF,NASDAQ
WEN,Wendy's Company (The) - Common Stock,EQUITY,NASDAQ
WENN,Wen Acquisition Corp - Class A Ordinary Shares,EQUITY,NASDAQ
WERN,"Werner Enterprises, Inc. - Common Stock",EQUITY,NASDAQ
WEST,Westrock Coffee Company - Common Stock,EQUITY,NASDAQ
WETH,Wetouch Technology Inc. - Common Stock,EQUITY,NASDAQ
WETO,Wetour Robotics Limited - Ordinary Shares,EQUITY,NASDAQ
WEYS,"Weyco Group, Inc. - Common Stock",EQUITY,NASDAQ
WFCF,"Where Food Comes From, Inc. - Common Stock",EQUITY,NASDAQ
WFF,WF Holding Limited - Ordinary Shares,EQUITY,NASDAQ
WFRD,Weatherford International plc - Ordinary shares,EQUITY,NASDAQ
WGMI,CoinShares Bitcoin Mining and Digital Power ETF,ETF,NASDAQ
WGS,GeneDx Holdings Corp. - Class A Common Stock,EQUITY,NASDAQ
WHF,"WhiteHorse Finance, Inc. - Closed End Fund",EQUITY,NASDAQ
WHLR,"Wheeler Real Estate Investment Trust, Inc. - Common Stock",EQUITY,NASDAQ
WHWK,"Whitehawk Therapeutics, Inc. - Common Stock",EQUITY,NASDAQ
WIMA,WisdomTree International Adaptive Moving Average Fund,ETF,NASDAQ
WIMI,WiMi Hologram Cloud Inc. - Class B Ordinary Shares,EQUITY,NASDAQ
WINA,Winmark Corporation - Common Stock,EQUITY,NASDAQ
WING,Wingstop Inc. - Common Stock,EQUITY,NASDAQ
WISE,Themes Generative Artificial Intelligence ETF,ETF,NASDAQ
WIX,Wix.com Ltd. - Ordinary Shares,EQUITY,NASDAQ
WKEY,WISeKey International Holding Ltd - American Depositary Shares,EQUITY,NASDAQ
WKHS,"Workhorse Group, Inc. - Common Stock",EQUITY,NASDAQ
WKSP,"Worksport, Ltd. - Common Stock",EQUITY,NASDAQ
WLCO,Wilco 63 Corporation - Class A Ordinary Shares,EQUITY,NASDAQ
WLDN,"Willdan Group, Inc. - Common Stock",EQUITY,NASDAQ
WLDS,Wearable Devices Ltd. - Ordinary Share,EQUITY,NASDAQ
WLFC,Willis Lease Finance Corporation - Common Stock,EQUITY,NASDAQ
WLII,Willow Lane Acquisition Corp. II - Class A Ordinary Shares,EQUITY,NASDAQ
WLTH,Wealthfront Corporation - Common Stock,EQUITY,NASDAQ
WMG,Warner Music Group Corp. - Class A Common Stock,EQUITY,NASDAQ
WMT,Walmart Inc. - Common Stock,EQUITY,NASDAQ
WNEB,"Western New England Bancorp, Inc. - Common Stock",EQUITY,NASDAQ
WNW,Meiwu Technology Company Limited - Ordinary Shares,EQUITY,NASDAQ
WOK,WORK Medical Technology Group LTD - Class A Ordinary Shares,EQUITY,NASDAQ
WOOD,iShares Global Timber & Forestry ETF,ETF,NASDAQ
WOOF,"Petco Health and Wellness Company, Inc. - Class A Common Stock",EQUITY,NASDAQ
WPRT,Westport Fuel Systems Inc - Common Shares,EQUITY,NASDAQ
WRAP,"Wrap Technologies, Inc. - Common Stock",EQUITY,NASDAQ
WRD,WeRide Inc. - American Depositary Shares,EQUITY,NASDAQ
WRLD,World Acceptance Corporation - Common Stock,EQUITY,NASDAQ
WRND,NYLIM Global Equity R&D Leaders ETF,ETF,NASDAQ
WRTH,Worth Charting Options Income ETF,ETF,NASDAQ
WSBC,"WesBanco, Inc. - Common Stock",EQUITY,NASDAQ
WSBF,"Waterstone Financial, Inc. - Common Stock",EQUITY,NASDAQ
WSBK,"Winchester Bancorp, Inc. - Common Stock",EQUITY,NASDAQ
WSC,WillScot Holdings Corporation - Class A Common Stock,EQUITY,NASDAQ
WSE,Wise Group plc - Class A Ordinary Shares,EQUITY,NASDAQ
WSFS,WSFS Financial Corporation - Common Stock,EQUITY,NASDAQ
WSGE,Warren Street Global Equity ETF,ETF,NASDAQ
WSHP,WeShop Holdings Limited - Class A Ordinary Shares,EQUITY,NASDAQ
WSML,iShares MSCI World Small-Cap ETF,ETF,NASDAQ
WSPC,WisdomTree Space Economy Fund,ETF,NASDAQ
WSTN,Westin Acquisition Corp - Class A Ordinary Share,EQUITY,NASDAQ
WTBA,West Bancorporation - Common Stock,EQUITY,NASDAQ
WTBN,WisdomTree Bianco Total Return Fund,ETF,NASDAQ
WTF,Waton Financial Limited - Ordinary Shares,EQUITY,NASDAQ
WTFC,Wintrust Financial Corporation - Common Stock,EQUITY,NASDAQ
WTG,Wintergreen Acquisition Corp. - Ordinary Shares,EQUITY,NASDAQ
WTIP,WisdomTree Inflation Plus Fund,ETF,NASDAQ
WTMU,WisdomTree Core Laddered Municipal Fund,ETF,NASDAQ
WTMY,WisdomTree High Income Laddered Municipal Fund,ETF,NASDAQ
WTW,Willis Towers Watson Public Limited Company - Ordinary Shares,EQUITY,NASDAQ
WULF,TeraWulf Inc. - Common Stock,EQUITY,NASDAQ
WVE,"Wave Life Sciences, Inc. - Common Stock",EQUITY,NASDAQ
WVVI,"Willamette Valley Vineyards, Inc. - Common Stock",EQUITY,NASDAQ
WW,"WW International, Inc.  - Common Stock",EQUITY,NASDAQ
WWD,"Woodward, Inc. - Common Stock",EQUITY,NASDAQ
WXM,WF International Limited - Ordinary Shares,EQUITY,NASDAQ
WYFI,"WhiteFiber, Inc. - Ordinary Shares",EQUITY,NASDAQ
WYHG,Wing Yip Food Holdings Group Limited - American Depositary Shares,EQUITY,NASDAQ
WYNN,"Wynn Resorts, Limited - Common Stock",EQUITY,NASDAQ
XAIR,"Beyond Air, Inc. - Common Stock",EQUITY,NASDAQ
XAIX,Xtrackers Artificial Intelligence and Big Data ETF,ETF,NASDAQ
XBCI,NEOS Boosted Bitcoin High Income ETF,ETF,NASDAQ
XBIL,US Treasury 6 Month Bill ETF,ETF,NASDAQ
XBIO,"Xenetic Biosciences, Inc. - Common Stock",EQUITY,NASDAQ
XBIT,XBiotech Inc. - Common Stock,EQUITY,NASDAQ
XBP,"XBP Global Holdings, Inc. - Common Stock",EQUITY,NASDAQ
XBTY,GraniteShares YieldBOOST Bitcoin ETF,ETF,NASDAQ
XCBE,X3 Acquisition Corp. Ltd. - Class A Ordinary Shares,EQUITY,NASDAQ
XCH,XCHG Limited - ADS,EQUITY,NASDAQ
XCNY,State Street SPDR S&P Emerging Markets ex-China ETF,ETF,NASDAQ
XCSH,XFUNDS 1-3 Month BOX ETF,ETF,NASDAQ
XCUR,"Exicure, Inc. - Common Stock",EQUITY,NASDAQ
XDEF,Xtrackers Europe Defense Technologies ETF,ETF,NASDAQ
XE,"X-Energy, Inc. - Class A Common Stock",EQUITY,NASDAQ
XEL,Xcel Energy Inc. - Common Stock,EQUITY,NASDAQ
XELB,"Xcel Brands, Inc - Common Stock",EQUITY,NASDAQ
XENE,Xenon Pharmaceuticals Inc. - Common Shares,EQUITY,NASDAQ
XERS,"Xeris Biopharma Holdings, Inc. - Common Stock",EQUITY,NASDAQ
XEY,GraniteShares YieldBOOST Ether ETF,ETF,NASDAQ
XFOR,"X4 Pharmaceuticals, Inc. - Common Stock",EQUITY,NASDAQ
XGN,Exagen Inc. - Common Stock,EQUITY,NASDAQ
XHG,XChange TEC.INC - American Depositary Shares,EQUITY,NASDAQ
XHLD,"TEN Holdings, Inc. - Common Stock",EQUITY,NASDAQ
XIII,Churchill Capital Corp XIII - Class A Ordinary Shares,EQUITY,NASDAQ
XLAB,Exascale Labs Holdings Inc. - Class A Common Stock,EQUITY,NASDAQ
XLO,"Xilio Therapeutics, Inc. - Common Stock",EQUITY,NASDAQ
XMAG,Defiance Large Cap ex-Mag 7 ETF,ETF,NASDAQ
XMAX,"XMAX, Inc. - Common Stock",EQUITY,NASDAQ
XMTR,"Xometry, Inc. - Class A Common Stock",EQUITY,NASDAQ
XNCR,"Xencor, Inc. - Common Stock",EQUITY,NASDAQ
XNDU,Xanadu Quantum Technologies Limited - Class B Subordinate Voting Shares,EQUITY,NASDAQ
XNET,Xunlei Limited - American Depositary Shares,EQUITY,NASDAQ
XOMX,Direxion Daily XOM Bull 2X ETF,ETF,NASDAQ
XOS,"Xos, Inc. - Common Stock",EQUITY,NASDAQ
XOVR,ERShares Private-Public Crossover ETF,ETF,NASDAQ
XP,XP Inc. - Class A Common Stock,EQUITY,NASDAQ
XPEG,Leverage Shares 2X Long XPEV Daily ETF,ETF,NASDAQ
XPEL,"XPEL, Inc. - Common Stock",EQUITY,NASDAQ
XPON,"Expion Energy, Inc. - Common Stock",EQUITY,NASDAQ
XQQI,NEOS Boosted Nasdaq-100 High Income ETF,ETF,NASDAQ
XRAY,DENTSPLY SIRONA Inc. - Common Stock,EQUITY,NASDAQ
XRPC,Canary XRP ETF,ETF,NASDAQ
XRPI,Volatility Shares Trust XRP ETF,ETF,NASDAQ
XRPN,Armada Acquisition Corp. II - Class A Ordinary Shares,EQUITY,NASDAQ
XRPT,Volatility Shares Trust XRP 2X ETF,ETF,NASDAQ
XRTX,XORTX Therapeutics Inc. - Common Shares,EQUITY,NASDAQ
XRX,Xerox Holdings Corporation - Common Stock,EQUITY,NASDAQ
XSLL,Xsolla SPAC 1 - Class A Ordinary Shares,EQUITY,NASDAQ
XSPC,VegaShares SpaceX & Beyond Earth ETF,ETF,NASDAQ
XSPI,NEOS Boosted S&P 500 High Income ETF,ETF,NASDAQ
XT,iShares Future Exponential Technologies ETF,ETF,NASDAQ
XTER,Karman Line Acquisition Corp. - Class A Ordinary Shares,EQUITY,NASDAQ
XTIA,"XTI Aerospace, Inc. Common Stock  - Common Stock",EQUITY,NASDAQ
XTLB,XTL Biopharmaceuticals Ltd. - American Depositary Shares,EQUITY,NASDAQ
XUSM,MarketDesk International Momentum ETF,ETF,NASDAQ
XWEL,"XWELL, Inc. - Common Stock",EQUITY,NASDAQ
XXII,"22nd Century Group, Inc - Common Stock",EQUITY,NASDAQ
XXX,CYBER HORNET S&P 500 and XRP 75/25 Strategy ETF,ETF,NASDAQ
XYZG,Leverage Shares 2X Long XYZ Daily ETF,ETF,NASDAQ
YAAS,Youxin Technology Ltd - Class A Ordinary shares,EQUITY,NASDAQ
YARW,"Yarrow Bioscience, Inc. - Common Stock",EQUITY,NASDAQ
YB,Yuanbao Inc. - American Depositary Shares,EQUITY,NASDAQ
YBST,GraniteShares YieldBoost Single Stock Universe ETF,ETF,NASDAQ
YBTY,GraniteShares YieldBoost TopYielders ETF,ETF,NASDAQ
YDDL,One and One Green Technologies. INC - Class A Ordinary Shares,EQUITY,NASDAQ
YDES,YD Bio Limited - Ordinary Shares,EQUITY,NASDAQ
YDKG,Yueda Digital Holding - Class A Ordinary Share,EQUITY,NASDAQ
YFOR,YYForce Inc. - Class A Ordinary Shares,EQUITY,NASDAQ
YHC,LQR House Inc. - Common Stock,EQUITY,NASDAQ
YHGJ,Yunhong Green CTI Ltd. - Common Stock,EQUITY,NASDAQ
YHNA,YHN Acquisition I Limited - Ordinary Shares,EQUITY,NASDAQ
YI,"111, Inc. - American Depositary Shares",EQUITY,NASDAQ
YIBO,Planet Image International Limited - Class A Ordinary Shares,EQUITY,NASDAQ
YICC,Yorkville International Capital Corp. - Class A Ordinary Shares,EQUITY,NASDAQ
YJ,Yunji Inc. - American Depository Shares,EQUITY,NASDAQ
YLDE,Franklin ClearBridge Enhanced Income ETF,ETF,NASDAQ
YMAT,"J-Star Holding Co., Ltd. - Class A Ordinary Shares",EQUITY,NASDAQ
YMT,Yimutian Inc. - American Depositary Shares; each representing 25 Class A ordinary shares,EQUITY,NASDAQ
YNOT,Horizon Digital Frontier ETF,ETF,NASDAQ
YOKE,YOKE Core ETF,ETF,NASDAQ
YORW,The York Water Company - Common Stock,EQUITY,NASDAQ
YOUL,Youlife Group Inc. - American Depositary Shares,EQUITY,NASDAQ
YQ,17 Education & Technology Group Inc. - American Depositary Shares,EQUITY,NASDAQ
YQQQ,YieldMax Short N100 Option Income Strategy ETF,ETF,NASDAQ
YRAM,YieldMax Memory and Storage Portfolio Option Income ETF,ETF,NASDAQ
YSAG,Y'all Street Physical Silver ETF,ETF,NASDAQ
YSAU,Y'all Street Physical Gold ETF,ETF,NASDAQ
YSPY,GraniteShares YieldBOOST SPY ETF,ETF,NASDAQ
YSWY,"Yesway, Inc. - Class A Common Stock",EQUITY,NASDAQ
YSXT,"YSX Tech. Co., Ltd  - Class A Ordinary Shares",EQUITY,NASDAQ
YTRA,"Yatra Online, Inc. - Ordinary Shares",EQUITY,NASDAQ
YXT,YXT.COM GROUP HOLDING LIMITED - American Depository Shares,EQUITY,NASDAQ
YYAI,AiRWA Inc. - Common Stock,EQUITY,NASDAQ
Z,"Zillow Group, Inc. - Class C Capital Stock",EQUITY,NASDAQ
ZAP,Global X U.S. Electrification ETF,ETF,NASDAQ
ZBAO,Zhibao Technology Inc. - Class A Ordinary Shares,EQUITY,NASDAQ
ZBIO,"Zenas BioPharma, Inc. - Common Stock",EQUITY,NASDAQ
ZBRA,Zebra Technologies Corporation - Class A Common Stock,EQUITY,NASDAQ
ZCMD,Zhongchao Inc. - Class A Ordinary Shares,EQUITY,NASDAQ
ZD,"Ziff Davis, Inc. - Common Stock",EQUITY,NASDAQ
ZDAI,"DirectBooking Technology Co., Ltd. - Class A Ordinary Shares",EQUITY,NASDAQ
ZENA,"ZenaTech, Inc. - Common Stock",EQUITY,NASDAQ
ZEO,Zeo Energy Corporation - Class A Common Stock,EQUITY,NASDAQ
ZG,"Zillow Group, Inc. - Class A Common Stock",EQUITY,NASDAQ
ZHOG,F/m Opportunistic Income ETF,ETF,NASDAQ
ZION,Zions Bancorporation N.A. - Common Stock,EQUITY,NASDAQ
ZJK,"ZJK Industrial Co., Ltd. - Class A Ordinary Shares",EQUITY,NASDAQ
ZJYL,JIN MEDICAL INTERNATIONAL LTD. - Class A Ordinary Shares,EQUITY,NASDAQ
ZKIN,"ZK International Group Co., Ltd - Ordinary Share",EQUITY,NASDAQ
ZKP,Lafayette Digital Acquisition Corp. I - Class A Ordinary Shares,EQUITY,NASDAQ
ZLAB,Zai Lab Limited - American Depositary Shares,EQUITY,NASDAQ
ZM,"Zoom Communications, Inc. - Class A Common Stock",EQUITY,NASDAQ
ZMUN,F/m Ultrashort Tax-Free Municipal ETF,ETF,NASDAQ
ZNB,Zeta Network Group - Class A Ordinary Shares,EQUITY,NASDAQ
ZNTL,"Zentalis Pharmaceuticals, Inc. - common stock",EQUITY,NASDAQ
ZOOZ,ZOOZ Strategy Ltd. - Ordinary Shares,EQUITY,NASDAQ
ZS,"Zscaler, Inc. - Common Stock",EQUITY,NASDAQ
ZSQR,Z Squared Inc. - Common Stock,EQUITY,NASDAQ
ZSTK,ZeroStack Corp. - Common Stock,EQUITY,NASDAQ
ZTEN,F/m 10-Year Investment Grade Corporate Bond ETF,ETF,NASDAQ
ZTG,Zenta Group Company Limited - Class A Ordinary Shares,EQUITY,NASDAQ
ZTOP,F/m High Yield 100 ETF,ETF,NASDAQ
ZTRE,F/m 3-Year Investment Grade Corporate Bond ETF,ETF,NASDAQ
ZTWO,F/m 2-Year Investment Grade Corporate Bond ETF,ETF,NASDAQ
ZUMZ,Zumiez Inc. - Common Stock,EQUITY,NASDAQ
ZURA,Zura Bio Limited - Class A Ordinary shares,EQUITY,NASDAQ
ZVRA,"Zevra Therapeutics, Inc.  - Common Stock",EQUITY,NASDAQ
ZYBT,Zhengye Biotechnology Holding Limited - Class A Ordinary Shares,EQUITY,NASDAQ
ZYME,Zymeworks Inc. - Common Stock,EQUITY,NASDAQ
A,"Agilent Technologies, Inc. Common Stock",EQUITY,NYSE
AA,Alcoa Corporation Common Stock,EQUITY,NYSE
AAA,Alternative Access First Priority CLO Bond ETF,ETF,NYSE ARCA
AAAA,Amplius Aggressive Asset Allocation ETF,ETF,BATS
AAAC,Columbia AAA CLO ETF,ETF,NYSE ARCA
AAAD,PGIM AAA CLO Aggregate Duration ETF,ETF,NYSE ARCA
AAAU,Goldman Sachs Physical Gold ETF Shares,ETF,BATS
AAC,Ares Acquisition Corporation III Class A Ordinary Shares,EQUITY,NYSE
AADX,"Applied Aerospace & Defense, Inc. Common Stock",EQUITY,NYSE
AAMI,Acadian Asset Management Inc. Common Stock,EQUITY,NYSE
AAOG,Leverage Shares 2X Long AAOI Daily ETF,ETF,BATS
AAOX,Tradr 2X Long AAOI Daily ETF,ETF,BATS
AAOZ,Tradr 2X Short AAOI Daily ETF,ETF,BATS
AAP,Advance Auto Parts Inc.,EQUITY,NYSE
AAPE,Leverage Shares 2X Long AAPL Daily ETF,ETF,BATS
AAPR,Innovator Equity Defined Protection ETF - 2 Yr to April 2028,ETF,BATS
AAPW,Roundhill AAPL WeeklyPay ETF,ETF,BATS
AAPX,T-Rex 2X Long Apple Daily Target ETF,ETF,BATS
AAPY,Kurv Yield Premium Strategy Apple (AAPL) ETF,ETF,BATS
AAT,"American Assets Trust, Inc. Common Stock",EQUITY,NYSE
AAUA,Alpha Architect US Equity 3 ETF,ETF,BATS
AAUC,Allied Gold Corporation Common Shares,EQUITY,NYSE
ABBV,AbbVie Inc. Common Stock,EQUITY,NYSE
ABCB,Ameris Bancorp Common Stock,EQUITY,NYSE
ABEQ,Absolute Select Value ETF,ETF,NYSE ARCA
ABEV,Ambev S.A. American Depositary Shares (Each representing 1 Common Share),EQUITY,NYSE
ABFL,Abacus FCF Leaders ETF,ETF,BATS
ABG,Asbury Automotive Group Inc Common Stock,EQUITY,NYSE
ABLD,Abacus FCF Real Assets Leaders ETF,ETF,BATS
ABLG,Abacus FCF International Leaders ETF,ETF,BATS
ABLS,Abacus FCF Small Cap Leaders ETF,ETF,BATS
ABM,ABM Industries Incorporated Common Stock,EQUITY,NYSE
ABND,American Century Core Plus Income ETF,ETF,NYSE ARCA
ABOT,Abacus FCF Innovation Leaders ETF,ETF,BATS
ABR,Arbor Realty Trust Common Stock,EQUITY,NYSE
ABT,Abbott Laboratories Common Stock,EQUITY,NYSE
ABUF,Aptus Laddered Buffer ETF,ETF,BATS
ABX,"Abacus Global Management, Inc. Class A Common Stock",EQUITY,NYSE
ABXB,Abacus Flexible Bond Leaders ETF,ETF,BATS
ACA,"Arcosa, Inc. Common Stock",EQUITY,NYSE
ACCO,Acco Brands Corporation Common Stock,EQUITY,NYSE
ACCS,ACCESS Newswire Inc. Common Stock,EQUITY,NYSE AMERICAN
ACEI,Innovator Equity Autocallable Income Strategy ETF,ETF,NYSE ARCA
ACEL,"Accel Entertainment, Inc.",EQUITY,NYSE
ACES,ALPS Clean Energy ETF,ETF,NYSE ARCA
ACGO,Hartford Alpha Capture Growth ETF,ETF,BATS
ACGR,American Century Large Cap Growth ETF,ETF,NYSE ARCA
ACH,"Accendra Health, Inc. Common Stock",EQUITY,NYSE
ACHR,Archer Aviation Inc. Class A Common Stock,EQUITY,NYSE
ACHX,Corgi ACHR 2x Daily ETF,ETF,BATS
ACI,"Albertsons Companies, Inc. Class A Common Stock",EQUITY,NYSE
ACII,Innovator Index Autocallable Income Strategy ETF,ETF,NYSE ARCA
ACIO,Aptus Collared Investment Opportunity ETF,ETF,BATS
ACKY,VistaShares Target 15 ACKtivist Distribution ETF,ETF,NYSE ARCA
ACLC,American Century Large Cap Equity ETF,ETF,NYSE ARCA
ACLO,TCW AAA CLO ETF,ETF,NYSE
ACLZ,Corgi ACLS 2x Daily ETF,ETF,BATS
ACM,AECOM Common Stock,EQUITY,NYSE
ACMM,Corgi ACMR 2x Daily ETF,ETF,BATS
ACN,Accenture plc Class A Ordinary Shares (Ireland),EQUITY,NYSE
ACOM,Harbor Active Commodity ETF,ETF,NYSE ARCA
ACP,abrdn Income Credit Strategies Fund Common Shares,EQUITY,NYSE
ACR,ACRES Commercial Realty Corp. Common Stock,EQUITY,NYSE
ACRE,Ares Commercial Real Estate Corporation Common Stock,EQUITY,NYSE
ACSG,American Century Small Cap Growth Insights ETF,ETF,BATS
ACSI,American Customer Satisfaction ETF,ETF,BATS
ACSV,American Century Small Cap Value Insights ETF,ETF,BATS
ACTS,FIS Tactical Equity ETF,ETF,NYSE ARCA
ACV,Virtus Diversified Income & Convertible Fund Common Shares of Beneficial Interest,EQUITY,NYSE
ACVA,ACV Auctions Inc. Class A Common Stock,EQUITY,NYSE
ACVF,American Conservative Values ETF,ETF,NYSE ARCA
ACVT,Advent Convertible Bond ETF,ETF,NYSE ARCA
ACVU,Hartford Alpha Capture Value ETF,ETF,BATS
ACWV,iShares MSCI Global Min Vol Factor ETF,ETF,BATS
ACYN,FT Vest Laddered Autocallable Barrier & Income ETF,ETF,NYSE ARCA
ACYQ,FT Vest Autocallable Barrier & High Income ETF,ETF,NYSE ARCA
ACYS,FT Vest Laddered Autocallable Barrier & Resilient Income ETF,ETF,NYSE ARCA
AD,"Array Digital Infrastructure, Inc. Common Shares",EQUITY,NYSE
ADBU,Direxion Daily ADBE Bull 2X ETF,ETF,NYSE ARCA
ADC,Agree Realty Corporation Common Stock,EQUITY,NYSE
ADCT,ADC Therapeutics SA Common Shares,EQUITY,NYSE
ADDS,Hedgeye Index Adds ETF,ETF,NYSE ARCA
ADIG,ADI Global Distribution Inc. Common Stock,EQUITY,NYSE
ADIU,Leverage Shares 2X Long ADI Daily ETF,ETF,BATS
ADIV,Guinness Atkinson Asia Pacific Dividend Builder ETF,ETF,NYSE ARCA
ADM,Archer-Daniels-Midland Company Common Stock,EQUITY,NYSE
ADME,Aptus Drawdown Managed Equity ETF,ETF,BATS
ADNT,Adient plc Ordinary Shares,EQUITY,NYSE
ADPV,Adaptiv Select ETF,ETF,NYSE ARCA
ADT,ADT Inc. Common Stock,EQUITY,NYSE
ADVE,Matthews Asia Dividend Active ETF,ETF,NYSE ARCA
ADX,Adams Diversified Equity Fund Inc.,EQUITY,NYSE
AEE,Ameren Corporation Common Stock,EQUITY,NYSE
AEF,"abrdn Emerging Markets ex-China Fund, Inc. Common Stock",EQUITY,NYSE AMERICAN
AEG,Aegon Ltd. New York Registry Shares,EQUITY,NYSE
AEHG,Leverage Shares 2X Long AEHR Daily ETF,ETF,BATS
AELV,Harbor AlphaEdge Large Cap Value ETF,ETF,NYSE ARCA
AEM,Agnico Eagle Mines Limited Common Stock,EQUITY,NYSE
AEMC,Harbor AlphaEdge Mid Cap Core ETF,ETF,NYSE ARCA
AEMG,Harbor AlphaEdge Mid Cap Growth ETF,ETF,NYSE ARCA
AEMV,Harbor AlphaEdge Mid Cap Value ETF,ETF,NYSE ARCA
AEO,"American Eagle Outfitters, Inc. Common Stock",EQUITY,NYSE
AEON,"AEON Biopharma, Inc. Class A Common Stock",EQUITY,NYSE AMERICAN
AER,AerCap Holdings N.V. Ordinary Shares,EQUITY,NYSE
AERO,"Grupo Aeromexico, S.A.B. de C.V. American Depositary Shares (each representing ten (10) Common Shares)",EQUITY,NYSE
AES,The AES Corporation Common Stock,EQUITY,NYSE
AESB,Harbor AlphaEdge Small Cap Core ETF,ETF,NYSE ARCA
AESG,Harbor AlphaEdge Small Cap Growth ETF,ETF,NYSE ARCA
AESI,Atlas Energy Solutions Inc. Common Stock,EQUITY,NYSE
AESL,Harbor AlphaEdge Small Cap Value ETF,ETF,NYSE ARCA
AESR,Anfield U.S. Equity Sector Rotation ETF,ETF,BATS
AETH,Bitwise Trendwise Ether and Treasuries Rotation Strategy ETF,ETF,NYSE ARCA
AEXA,American Exceptionalism Acquisition Corp. A Class A Ordinary Shares,EQUITY,NYSE
AFB,AllianceBernstein National Municipal Income Fund Inc,EQUITY,NYSE
AFG,"American Financial Group, Inc. Common Stock",EQUITY,NYSE
AFGB,"American Financial Group, Inc. 5.875% Subordinated Debentures due 2059",EQUITY,NYSE
AFGC,"American Financial Group, Inc. 5.125% Subordinated Debentures due 2059",EQUITY,NYSE
AFGD,"American Financial Group, Inc. 5.625% Subordinated Debentures due 2060",EQUITY,NYSE
AFGE,"American Financial Group, Inc. 4.500% Subordinated Debentures due 2060",EQUITY,NYSE
AFGR,First Trust Multi-Manager Large Growth ETF,ETF,NYSE ARCA
AFIF,Anfield Universal Fixed Income ETF,ETF,BATS
AFIX,Allspring Broad Market Core Bond ETF,ETF,NYSE ARCA
AFK,VanEck Africa Index ETF,ETF,NYSE ARCA
AFL,AFLAC Incorporated Common Stock,EQUITY,NYSE
AFLG,First Trust Active Factor Large Cap ETF,ETF,NYSE ARCA
AFMC,First Trust Active Factor Mid Cap ETF,ETF,NYSE ARCA
AFRU,T-REX 2X Long AFRM Daily Target ETF,ETF,BATS
AFSM,First Trust Active Factor Small Cap ETF,ETF,NYSE ARCA
AG,First Majestic Silver Corp. Ordinary Shares (Canada),EQUITY,NYSE
AGBK,AGI Inc Class A Common Shares,EQUITY,NYSE
AGCO,AGCO Corporation Common Stock,EQUITY,NYSE
AGD,abrdn Global Dynamic Dividend Fund Common Shares of Beneficial Interest,EQUITY,NYSE
AGG,iShares Core U.S. Aggregate Bond ETF,ETF,NYSE ARCA
AGGH,Simplify Aggregate Bond ETF,ETF,NYSE ARCA
AGGM,iShares 1-10 Year U.S. Aggregate Bond ETF,ETF,NYSE ARCA
AGGS,Harbor Disciplined Bond ETF,ETF,NYSE ARCA
AGGY,WisdomTree Yield Enhanced U.S. Aggregate Bond Fund,ETF,NYSE ARCA
AGI,Alamos Gold Inc. Class A Common Shares,EQUITY,NYSE
AGIG,Abundia Global Impact Group Inc. Common stock,EQUITY,NYSE AMERICAN
AGIQ,SoFi Agentic AI ETF,ETF,NYSE ARCA
AGL,"agilon health, inc. Common Stock",EQUITY,NYSE
AGM,Federal Agricultural Mortgage Corporation Common Stock,EQUITY,NYSE
AGM-A,Federal Agricultural Mortgage Corporation Common Stock,EQUITY,NYSE
AGO,Assured Guaranty Ltd. Common Stock,EQUITY,NYSE
AGOX,Adaptive Alpha Opportunities ETF,ETF,NYSE ARCA
AGQ,ProShares Ultra Silver,ETF,NYSE ARCA
AGQI,First Trust Active Global Quality Income ETF,ETF,NYSE ARCA
AGRO,Adecoagro S.A. Common Shares,EQUITY,NYSE
AGRW,Allspring LT Large Growth ETF,ETF,NYSE ARCA
AGX,"Argan, Inc. Common Stock",EQUITY,NYSE
AGZ,iShares  Agency Bond ETF,ETF,NYSE ARCA
AHBM,Amplify Top 10 Asia Memory ETF,ETF,NYSE ARCA
AHL$D,Aspen Insurance Holdings Limited 5.625% Perpetual Non-Cumulative Preference Shares,EQUITY,NYSE
AHL$E,"Aspen Insurance Holdings Limited Depositary Shares, each representing a 1/1000th interest in a share of 5.625% Perpetual Non-Cumulative Preference Shares",EQUITY,NYSE
AHL$F,"Aspen Insurance Holdings Limited Depositary Shares, each representing a 1/1,000th Interest in a 7.00% Perpetual Non-Cumulative Preference Share",EQUITY,NYSE
AHLT,AHL Trend ETF,ETF,NYSE ARCA
AHR,"American Healthcare REIT, Inc. Common Stock",EQUITY,NYSE
AHRT,"AH Realty Trust, Inc. Common Stock",EQUITY,NYSE
AHT,Ashford Hospitality Trust Inc Common Stock,EQUITY,NYSE
AHYB,American Century Select High Yield ETF,ETF,NYSE ARCA
AI,"C3.ai, Inc. Class A Common Stock",EQUITY,NYSE
AIB,AIB Data Centers Inc. Common Stock,EQUITY,NYSE AMERICAN
AIBD,Direxion Daily AI and Big Data Bear 2X ETF,ETF,NYSE ARCA
AIBF,iShares Future AI Beneficiaries ETF,ETF,NYSE ARCA
AIBU,Direxion Daily AI and Big Data Bull 2X ETF,ETF,NYSE ARCA
AIEQ,Amplify AI Powered Equity ETF,ETF,NYSE ARCA
AIG,"American International Group, Inc. New Common Stock",EQUITY,NYSE
AIHY,Defiance AI Hyperscale Leaders ETF,ETF,NYSE ARCA
AII,"American Integrity Insurance Group, Inc. Common Stock",EQUITY,NYSE
AIIA,AI Infrastructure Acquisition Corp. Class A Ordinary Shares,EQUITY,NYSE
AIM,AIM ImmunoTech Inc. Common Stock,EQUITY,NYSE AMERICAN
AIN,Albany International Corporation Common Stock,EQUITY,NYSE
AINP,Allspring Income Plus ETF,ETF,NYSE ARCA
AINT,FINQ DOLLAR NEUTRAL U.S. Large Cap AI-Managed Equity ETF,ETF,NYSE ARCA
AIO,Virtus Artificial Intelligence & Technology Opportunities Fund Common Shares of Beneficial Interest,EQUITY,NYSE
AIOO,AllianzIM U.S. Equity Buffer100 Protection ETF,ETF,BATS
AIQD,MicroSectors -3? Short Artificial Intelligence (AI) ETNs,ETF,NYSE ARCA
AIQU,MicroSectors 3? Long Artificial Intelligence (AI) ETNs,ETF,NYSE ARCA
AIR,AAR Corp. Common Stock,EQUITY,NYSE
AIRI,Air Industries Group Common Stock,EQUITY,NYSE AMERICAN
AIS,VistaShares Artificial Intelligence Supercycle ETF,ETF,NYSE ARCA
AIT,"Applied Industrial Technologies, Inc. Common Stock",EQUITY,NYSE
AIUP,FINQ FIRST U.S. Large Cap AI-Managed Equity ETF,ETF,NYSE ARCA
AIV,Apartment Investment and Management Company Common Stock,EQUITY,NYSE
AIVC,Amplify Bloomberg AI Equal Weight ETF,ETF,NYSE ARCA
AIVI,WisdomTree International AI Enhanced Value Fund,ETF,NYSE ARCA
AIVL,WisdomTree U.S. AI Enhanced Value Fund,ETF,NYSE ARCA
AIYY,YieldMax AI Option Income Strategy ETF,ETF,NYSE ARCA
AIZ,"Assurant, Inc. Common Stock",EQUITY,NYSE
AJAN,Innovator Equity Defined Protection ETF - 2 Yr to January 2028,ETF,BATS
AJG,Arthur J. Gallagher & Co. Common Stock,EQUITY,NYSE
AJUL,Innovator Equity Defined Protection ETF - 2 Yr to July 2026,ETF,BATS
AKA,a.k.a. Brands Holding Corp. Common Stock,EQUITY,NYSE
AKAF,The Frontier Economic Fund,ETF,NYSE
AKAL,T-REX 2X Long AKAM Daily Target ETF,ETF,BATS
AKO-A,Embotelladora Andina S.A. Common Stock,EQUITY,NYSE
AKO-B,Embotelladora Andina S.A. Common Stock,EQUITY,NYSE
AKR,Acadia Realty Trust Common Stock,EQUITY,NYSE
AKRE,Akre Focus ETF,ETF,NYSE ARCA
ALA,Corgi ALAB 2x Daily ETF,ETF,BATS
ALAI,Alger AI Enablers & Adopters ETF,ETF,NYSE ARCA
ALB,Albemarle Corporation Common Stock,EQUITY,NYSE
ALC,Alcon Inc. Ordinary Shares,EQUITY,NYSE
ALDB,Aptus Laddered Deep Buffer ETF,ETF,BATS
ALG,"Alamo Group, Inc. Common Stock",EQUITY,NYSE
ALH,Alliance Laundry Holdings Inc. Common Stock,EQUITY,NYSE
ALIT,"Alight, Inc. Class A Common Stock",EQUITY,NYSE
ALK,"Alaska Air Group, Inc. Common Stock",EQUITY,NYSE
ALL,Allstate Corporation (The) Common Stock,EQUITY,NYSE
ALL$B,Allstate Corporation (The) 5.100% Fixed-to-Floating Rate Subordinated Debentures due 2053,EQUITY,NYSE
ALLE,Allegion plc Ordinary Shares,EQUITY,NYSE
ALLY,Ally Financial Inc. Common Stock,EQUITY,NYSE
ALRG,Allspring LT Large Core ETF,ETF,NYSE ARCA
ALSN,"Allison Transmission Holdings, Inc. Common Stock",EQUITY,NYSE
ALTG,Alta Equipment Group Inc. Class A Common Stock,EQUITY,NYSE
ALTL,Pacer Lunt Large Cap Alternator ETF,ETF,NYSE ARCA
ALUB,Alussa Energy Acquisition Corp. II Class A Ordinary Shares,EQUITY,NYSE
ALV,"Autoliv, Inc. Common Stock",EQUITY,NYSE
ALX,"Alexander's, Inc. Common Stock",EQUITY,NYSE
AM,Antero Midstream Corporation Common Stock,EQUITY,NYSE
AMAA,Corgi AMZN 2x Daily ETF,ETF,BATS
AMAU,Leverage Shares 2X Long AMAT Daily ETF,ETF,BATS
AMAX,Adaptive Hedged Multi-Asset Income ETF,ETF,NYSE ARCA
AMBO,Ambow Education Holding Ltd. American Depository Shares (each representing twenty (20) Class A Ordinary Shares),EQUITY,NYSE AMERICAN
AMBP,Ardagh Metal Packaging S.A. Ordinary Shares,EQUITY,NYSE
AMBQ,"Ambiq Micro, Inc. Common Stock",EQUITY,NYSE
AMC,"AMC Entertainment Holdings, Inc. Class A Common Stock",EQUITY,NYSE
AMCR,Amcor plc Ordinary Shares,EQUITY,NYSE
AMDC,Corgi AMD 2x Daily ETF,ETF,BATS
AMDW,Roundhill AMD WeeklyPay ETF,ETF,BATS
AMDY,Yieldmax AMD Option Income Strategy ETF,ETF,NYSE ARCA
AME,"AMETEK, Inc.",EQUITY,NYSE
AMG,"Affiliated Managers Group, Inc. Common Stock",EQUITY,NYSE
AMH,American Homes 4 Rent Common Shares of Beneficial Interest,EQUITY,NYSE
AMHI,American Beacon Aberdeen Municipal High Income ETF,ETF,NYSE ARCA
AMJB,Alerian MLP Index ETN,ETF,NYSE ARCA
AMKL,Defiance Daily Target 2X Long AMKR ETF,ETF,BATS
AMKX,Corgi AMKR 2x Daily ETF,ETF,BATS
AMLP,Alerian MLP ETF,ETF,NYSE ARCA
AMMO,VistaShares Defense Supercycle ETF,ETF,NYSE ARCA
AMN,AMN Healthcare Services Inc,EQUITY,NYSE
AMOM,QRAFT AI-Enhanced U.S. Large Cap Momentum ETF,ETF,NYSE ARCA
AMP,"Ameriprise Financial, Inc. Common Stock",EQUITY,NYSE
AMPU,Defiance Daily Target 2X Long AMPX ETF,ETF,BATS
AMPX,"Amprius Technologies, Inc. Common Stock",EQUITY,NYSE
AMPY,Amplify Energy Corp. Common Stock,EQUITY,NYSE
AMR,"Alpha Metallurgical Resources, Inc. Common Stock",EQUITY,NYSE
AMRC,"Ameresco, Inc. Class A Common Stock",EQUITY,NYSE
AMRZ,Amrize Ltd Ordinary Shares,EQUITY,NYSE
AMS,American Shared Hospital Services Common Stock,EQUITY,NYSE AMERICAN
AMT,American Tower Corporation (REIT) Common Stock,EQUITY,NYSE
AMTB,Amerant Bancorp Inc. Class A Common Stock,EQUITY,NYSE
AMTD,"AMTD IDEA Group American Depositary Shares, each representing six (6) Class A Ordinary Shares",EQUITY,NYSE
AMTM,"Amentum Holdings, Inc. Common Stock",EQUITY,NYSE
AMUB,"ETRACS Alerian MLP Index ETN Series B due July 18, 2042",EQUITY,NYSE ARCA
AMWL,American Well Corporation Class A Common Stock,EQUITY,NYSE
AMZA,InfraCap MLP ETF,ETF,NYSE ARCA
AMZE,"Amaze Holdings, Inc. Common Stock",EQUITY,NYSE AMERICAN
AMZG,Leverage Shares 2X Long AMZN Daily ETF,ETF,BATS
AMZO,Tradr 2X Short AMZN Daily ETF,ETF,BATS
AMZP,Kurv Yield Premium Strategy Amazon (AMZN) ETF,ETF,BATS
AMZW,Roundhill AMZN WeeklyPay ETF,ETF,BATS
AMZY,YieldMax AMZN Option Income Strategy ETF,ETF,NYSE ARCA
AN,"AutoNation, Inc. Common Stock",EQUITY,NYSE
ANDG,Andersen Group Inc. Class A Common Stock,EQUITY,NYSE
ANET,"Arista Networks, Inc. Common Stock",EQUITY,NYSE
ANEW,ProShares MSCI Transformational Changes ETF,ETF,NYSE ARCA
ANF,Abercrombie & Fitch Company Common Stock,EQUITY,NYSE
ANGX,"Angel Studios, Inc. Class A Common Stock",EQUITY,NYSE
ANRO,"Alto Neuroscience, Inc. Common Stock",EQUITY,NYSE
ANTW,Anthropic AI Lab Ecosystem ETF,ETF,NYSE ARCA
ANVS,"Annovis Bio, Inc. Common Stock",EQUITY,NYSE
AOA,iShares Core 80/20 Aggressive Allocation ETF,ETF,NYSE ARCA
AOCT,Innovator Equity Defined Protection ETF - 2 Yr to October 2026,ETF,BATS
AOD,abrdn Total Dynamic Dividend Fund Common Shares of Beneficial Interest,EQUITY,NYSE
AOK,iShares Core 30/70 Conservative Allocation ETF,ETF,NYSE ARCA
AOM,iShares Core 40/60 Moderate Allocation ETF,ETF,NYSE ARCA
AOMR,"Angel Oak Mortgage REIT, Inc. Common Stock",EQUITY,NYSE
AON,Aon plc Class A Ordinary Shares (Ireland),EQUITY,NYSE
AOR,iShares Core 60/40 Balanced Allocation ETF,ETF,NYSE ARCA
AORT,"Artivion, Inc. Common Stock",EQUITY,NYSE
AOS,A.O. Smith Corporation Common Stock,EQUITY,NYSE
AP,Ampco-Pittsburgh Corporation Common Stock,EQUITY,NYSE
APAM,Artisan Partners Asset Management Inc. Class A Common Stock,EQUITY,NYSE
APCB,ActivePassive Core Bond ETF,ETF,NYSE ARCA
APD,"Air Products and Chemicals, Inc. Common Stock",EQUITY,NYSE
APDB,Aptus April Deep Buffer ETF,ETF,BATS
APG,APi Group Corporation Common Stock,EQUITY,NYSE
APH,Amphenol Corporation Common Stock,EQUITY,NYSE
APHG,Leverage Shares 2X Long APH Daily ETF,ETF,BATS
APHU,T-REX 2X Long APH Daily Target ETF,ETF,BATS
APIE,ActivePassive International Equity ETF,ETF,NYSE ARCA
APLE,"Apple Hospitality REIT, Inc. Common Shares",EQUITY,NYSE
APLU,Allspring Core Plus ETF,ETF,NYSE ARCA
APLX,Tradr 2X Long APLD Daily ETF,ETF,BATS
APLY,YieldMax AAPL Option Income Strategy ETF,ETF,NYSE ARCA
APLZ,Tradr 2X Short APLD Daily ETF,ETF,BATS
APMI,Corgi AMAT 2x Daily ETF,ETF,BATS
APMU,ActivePassive Intermediate Municipal Bond ETF,ETF,NYSE ARCA
APO,"Apollo Global Management, Inc. (New) Common Stock",EQUITY,NYSE
APOC,Innovator Equity Defined Protection ETF - 6mo Apr/Oct,ETF,BATS
APPC,Corgi APP 2x Daily ETF,ETF,BATS
APRB,Aptus April Buffer ETF,ETF,BATS
APRH,Innovator Premium Income 20 Barrier ETF - April,ETF,BATS
APRJ,Innovator Premium Income 30 Barrier ETF - April,ETF,BATS
APRP,PGIM S&P 500 Buffer 12 ETF - April,ETF,BATS
APRT,AllianzIM U.S. Large Cap Buffer10 Apr ETF,ETF,BATS
APRW,AllianzIM U.S. Large Cap Buffer20 Apr ETF,ETF,BATS
APRZ,TrueShares Structured Outcome (April) ETF,ETF,BATS
APT,"Alpha Pro Tech, Ltd. Common Stock",EQUITY,NYSE AMERICAN
APTV,Aptiv PLC Ordinary Shares,EQUITY,NYSE
APUE,ActivePassive U.S. Equity ETF,ETF,NYSE ARCA
APUS,"Apimeds Pharmaceuticals US, Inc. Common Stock",EQUITY,NYSE AMERICAN
APXM,FT Vest U.S. Equity Max Buffer ETF - April,ETF,BATS
AQEC,AQE Core ETF,ETF,BATS
AQLT,iShares MSCI Global Quality Factor ETF,ETF,BATS
AQN,Algonquin Power & Utilities Corp. Common Shares,EQUITY,NYSE
AR,Antero Resources Corporation Common Stock,EQUITY,NYSE
ARB,AltShares Merger Arbitrage ETF,ETF,NYSE ARCA
ARCM,Arrow Reserve Capital Management ETF,ETF,BATS
ARCO,Arcos Dorados Holdings Inc. Class A Shares,EQUITY,NYSE
ARCP,Aristotle Core Plus Income ETF,ETF,NYSE ARCA
ARCX,Tradr 2X Long ACHR Daily ETF,ETF,BATS
ARDC,"Ares Dynamic Credit Allocation Fund, Inc. Common Shares",EQUITY,NYSE
ARDT,"Ardent Health, Inc. Common Stock",EQUITY,NYSE
ARE,"Alexandria Real Estate Equities, Inc. Common Stock",EQUITY,NYSE
ARES,Ares Management Corporation Class A Common Stock,EQUITY,NYSE
ARGT,Global X MSCI Argentina ETF,ETF,NYSE ARCA
ARI,"Apollo Commercial Real Estate Finance, Inc",EQUITY,NYSE
ARIA,ARIA Opportunities ETF,ETF,NYSE ARCA
ARIS,Aris Mining Corporation Common Shares,EQUITY,NYSE
ARKB,ARK 21Shares Bitcoin ETF,ETF,BATS
ARKD,ARK DIET Q1 Buffer ETF,ETF,BATS
ARKE,ARK DIET Q3 Buffer ETF,ETF,BATS
ARKF,ARK Blockchain & Fintech Innovation ETF,ETF,BATS
ARKG,ARK Genomic Revolution ETF,ETF,BATS
ARKI,ARK DIET Q2 Buffer ETF,ETF,BATS
ARKK,ARK Innovation ETF,ETF,BATS
ARKQ,ARK Autonomous Technology & Robotics ETF,ETF,BATS
ARKT,ARK DIET Q4 Buffer ETF,ETF,BATS
ARKW,ARK Next Generation Internet ETF,ETF,BATS
ARKX,ARK Space & Defense Innovation ETF,ETF,BATS
ARKY,ARK Active Autocallable Income ETF,ETF,BATS
ARL,"American Realty Investors, Inc. Common Stock",EQUITY,NYSE
ARLI,AllianzIM International Equity Buffer15 Uncapped Apr ETF,ETF,BATS
ARLO,"Arlo Technologies, Inc. Common Stock",EQUITY,NYSE
ARLU,AllianzIM U.S. Equity Buffer15 Uncapped Apr ETF,ETF,BATS
ARMA,Corgi ARM 2x Daily ETF,ETF,BATS
ARMH,Arm Holdings PLC ADRhedged,ETF,NYSE ARCA
ARMK,Aramark Common Stock,EQUITY,NYSE
ARMP,"Armata Pharmaceuticals, Inc. Common Stock",EQUITY,NYSE AMERICAN
ARMS,Aristotle Multi-Sector Income ETF,ETF,NYSE ARCA
ARMW,Roundhill ARM WeeklyPay ETF,ETF,BATS
AROC,"Archrock, Inc. Common Stock",EQUITY,NYSE
ARP,PMV Adaptive Risk Parity ETF,ETF,NYSE ARCA
ARR,"ARMOUR Residential REIT, Inc.",EQUITY,NYSE
ARTY,iShares Future AI & Tech ETF,ETF,NYSE ARCA
ARW,"Arrow Electronics, Inc. Common Stock",EQUITY,NYSE
ARWG,Archer Growth ETF,ETF,BATS
ARX,Accelerant Holdings Class A Common Shares,EQUITY,NYSE
AS,"Amer Sports, Inc. Ordinary Shares",EQUITY,NYSE
ASA,ASA  Gold and Precious Metals Limited,EQUITY,NYSE
ASAN,"Asana, Inc. Class A Common Stock",EQUITY,NYSE
ASB,Associated Banc-Corp Common Stock,EQUITY,NYSE
ASBH,"American Savings Bank, N.A. Common Stock",EQUITY,NYSE
ASC,Ardmore Shipping Corporation Common Stock,EQUITY,NYSE
ASCE,Allspring SMID Core ETF,ETF,NYSE ARCA
ASEA,Global X FTSE Southeast Asia ETF,ETF,NYSE ARCA
ASG,"Liberty All-Star Growth Fund, Inc.",EQUITY,NYSE
ASGI,abrdn Global Infrastructure Income Fund Common Shares of Beneficial Interest,EQUITY,NYSE
ASGM,Virtus AlphaSimplex Global Macro ETF,ETF,NYSE ARCA
ASH,Ashland Inc. Common Stock,EQUITY,NYSE
ASHR,Xtrackers Harvest CSI 300 China A-Shares ETF,ETF,NYSE ARCA
ASHS,Xtrackers Harvest CSI 500 China A-Shares Small Cap ETF,ETF,NYSE ARCA
ASIA,Matthews Pacific Tiger Active ETF,ETF,NYSE ARCA
ASIC,Ategrity Specialty Insurance Company Holdings Common Stock,EQUITY,NYSE
ASIX,AdvanSix Inc. Common Stock,EQUITY,NYSE
ASLV,Allspring Special Large Value ETF,ETF,NYSE ARCA
ASM,Avino Silver & Gold Mines Ltd. Common Shares (Canada),EQUITY,NYSE AMERICAN
ASMF,Virtus AlphaSimplex Managed Futures ETF,ETF,NYSE ARCA
ASMH,ASML Holding NV ADRhedged,ETF,NYSE ARCA
ASMZ,Corgi ASML 2x Daily ETF,ETF,BATS
ASPN,"Aspen Aerogels, Inc. Common Stock",EQUITY,NYSE
ASR,"Grupo Aeroportuario del Sureste, S.A. de C.V. Common Stock",EQUITY,NYSE
ASSX,T-REX 2X Long ASST Daily Target ETF,ETF,BATS
ASTG,Leverage Shares 2X Long ASTS Daily ETF,ETF,BATS
ASTN,Defiance Daily Target 2X Short ASTS ETF,ETF,BATS
ASTT,Corgi ASTS 2x Daily ETF,ETF,BATS
ASTX,Tradr 2X Long ASTS Daily ETF,ETF,BATS
ASTY,Defiance Daily Target 2X Long ASTS ETF,ETF,BATS
ASUP,T-REX 2X Long ASTS Daily Target ETF,ETF,BATS
ASX,"ASE Technology Holding Co., Ltd. American Depositary Shares (each representing Two Common Shares)",EQUITY,NYSE
AT,Defiance Robotics Actuators ETF,ETF,BATS
ATCH,"AtlasClear Holdings, Inc. Common Stock",EQUITY,NYSE AMERICAN
ATCL,REX Autocallable Income ETF,ETF,NYSE ARCA
ATEN,"A10 Networks, Inc. Common Stock",EQUITY,NYSE
ATFV,Alger 35 ETF,ETF,NYSE ARCA
ATH$A,"Athene Holding Ltd. Depositary Shares, Each Representing a 1/1,000th Interest in a 6.35% Fixed-to-Floating Rate Perpetual Non-Cumulative Preference Share, Series A",EQUITY,NYSE
ATH$B,"Athene Holding Ltd. Depositary Shares, Each Representing a 1/1,000th Interest in a 5.625% Fixed Rate Perpetual Non- Cumulative Preference Share, Series B, par value $1.00 per share",EQUITY,NYSE
ATH$D,"Athene Holding Ltd. Depositary Shares, Each Representing a 1/1,000th Interest in a 4.875% Fixed-Rate Perpetual Non-Cumulative Preference Share, Series D",EQUITY,NYSE
ATH$E,"Athene Holding Ltd. Depositary Shares, Each Representing a 1/1,000th Interest in a 7.750% Fixed-Rate Reset Perpetual Non-Cumulative Preference Share, Series E",EQUITY,NYSE
ATHM,"Autohome Inc. American Depositary Shares, each representing four class A ordinary shares.",EQUITY,NYSE
ATHS,Athene Holding Ltd. 7.250% Fixed-Rate Reset Junior Subordinated Debentures due 2064,EQUITY,NYSE
ATI,ATI Inc. Common Stock,EQUITY,NYSE
ATKR,Atkore Inc. Common Stock,EQUITY,NYSE
ATMP,iPath Select MLP ETN,EQUITY,BATS
ATMU,Atmus Filtration Technologies Inc. Common Stock,EQUITY,NYSE
ATNM,"Actinium Pharmaceuticals, Inc. (Delaware) Common Stock",EQUITY,NYSE AMERICAN
ATO,Atmos Energy Corporation Common Stock,EQUITY,NYSE
ATR,"AptarGroup, Inc. Common Stock",EQUITY,NYSE
ATS,ATS Corporation Common Shares,EQUITY,NYSE
ATTR,Arin Tactical Tail Risk ETF,ETF,BATS
AU,AngloGold Ashanti PLC Ordinary Shares,EQUITY,NYSE
AUAU,Global X Gold Miners ETF,ETF,NYSE ARCA
AUB,Atlantic Union Bankshares Corporation Common Stock,EQUITY,NYSE
AUGC,Corgi U.S. Equities 10% Structured Buffer ETF - August Series,ETF,BATS
AUGM,FT Vest U.S. Equity Max Buffer ETF - August,ETF,BATS
AUGP,PGIM S&P 500 Buffer 12 ETF - August,ETF,BATS
AUGT,AllianzIM U.S. Large Cap Buffer10 Aug ETF,ETF,BATS
AUGU,AllianzIM U.S. Equity Buffer15 Uncapped Aug ETF,ETF,BATS
AUGW,AllianzIM U.S. Large Cap Buffer20 Aug ETF,ETF,BATS
AUGZ,TrueShares Structured Outcome (August) ETF,ETF,BATS
AUNA,Auna SA Class A Ordinary Shares,EQUITY,NYSE
AUSF,Global X Adaptive U.S. Factor ETF,ETF,NYSE ARCA
AUSM,Allspring Ultra Short Municipal ETF,ETF,NYSE ARCA
AUST,Austin Gold Corp. Common Shares,EQUITY,NYSE AMERICAN
AUXX,Gold X2 Mining Inc. Common Shares,EQUITY,NYSE AMERICAN
AV,Corgi Aerospace & Commercial Aviation ETF,ETF,BATS
AVA,Avista Corporation Common Stock,EQUITY,NYSE
AVAZ,2x Avalanche ETF,ETF,BATS
AVBC,"Avidia Bancorp, Inc. Common Stock",EQUITY,NYSE
AVD,American Vanguard Corporation Common Stock ($0.10 Par Value),EQUITY,NYSE
AVDE,Avantis International Equity ETF,ETF,NYSE ARCA
AVDS,Avantis International Small Cap Equity ETF,ETF,NYSE ARCA
AVDV,Avantis International Small Cap Value ETF,ETF,NYSE ARCA
AVEE,Avantis Emerging Markets Small Cap Equity ETF,ETF,NYSE ARCA
AVEM,Avantis Emerging Markets Equity ETF,ETF,NYSE ARCA
AVES,Avantis Emerging Markets Value ETF,ETF,NYSE ARCA
AVEX,AEVEX Corp. Class A Common Stock,EQUITY,NYSE
AVGC,Corgi AVGO 2x Daily ETF,ETF,BATS
AVGE,Avantis All Equity Markets ETF,ETF,NYSE ARCA
AVGV,Avantis All Equity Markets Value ETF,ETF,NYSE ARCA
AVGW,Roundhill AVGO WeeklyPay ETF,ETF,BATS
AVIE,Avantis Inflation Focused Equity ETF,ETF,NYSE ARCA
AVIG,Avantis Core Fixed Income ETF,ETF,NYSE ARCA
AVIV,Avantis International Large Cap Value ETF,ETF,NYSE ARCA
AVK,Advent Convertible and Income Fund,EQUITY,NYSE
AVLC,Avantis U.S. Large Cap Equity ETF,ETF,NYSE ARCA
AVLV,Avantis U.S. Large Cap Value ETF,ETF,NYSE ARCA
AVMA,Avantis Moderate Allocation ETF,ETF,NYSE ARCA
AVMC,Avantis U.S. Mid Cap Equity ETF,ETF,NYSE ARCA
AVMU,Avantis Core Municipal Fixed Income ETF,ETF,NYSE ARCA
AVMV,Avantis U.S. Mid Cap Value ETF,ETF,NYSE ARCA
AVNM,Avantis All International Markets Equity ETF,ETF,NYSE ARCA
AVNT,Avient Corporation Common Stock,EQUITY,NYSE
AVNV,Avantis All International Markets Value ETF,ETF,NYSE ARCA
AVRE,Avantis Real Estate ETF,ETF,NYSE ARCA
AVRY,Avory Foundational ETF,ETF,BATS
AVSC,Avantis U.S Small Cap Equity ETF,ETF,NYSE ARCA
AVSD,Avantis Responsible International Equity ETF,ETF,NYSE ARCA
AVSE,Avantis Responsible Emerging Markets Equity ETF,ETF,NYSE ARCA
AVSF,Avantis Short-Term Fixed Income ETF,ETF,NYSE ARCA
AVSU,Avantis Responsible U.S. Equity ETF,ETF,NYSE ARCA
AVTM,Avantis Total Equity Markets ETF,ETF,NYSE ARCA
AVTR,"Avantor, Inc. Common Stock",EQUITY,NYSE
AVUS,Avantis U.S. Equity ETF,ETF,NYSE ARCA
AVUV,Avantis U.S. Small Cap Value ETF,ETF,NYSE ARCA
AVY,Avery Dennison Corporation Common Stock,EQUITY,NYSE
AWAY,Amplify Travel Tech ETF,ETF,NYSE ARCA
AWF,Alliancebernstein Global High Income Fund,EQUITY,NYSE
AWI,Armstrong World Industries Inc Common Stock,EQUITY,NYSE
AWK,"American Water Works Company, Inc. Common Stock",EQUITY,NYSE
AWP,abrdn Global Premier Properties Fund Common Shares of Beneficial Interest,EQUITY,NYSE
AWR,American States Water Company Common Stock,EQUITY,NYSE
AWX,Avalon Holdings Corporation Common Stock,EQUITY,NYSE AMERICAN
AX,"Axos Financial, Inc. Common Stock",EQUITY,NYSE
AXIL,"AXIL Brands, Inc. Common Stock",EQUITY,NYSE AMERICAN
AXP,American Express Company Common Stock,EQUITY,NYSE
AXR,AMREP Corporation Common Stock,EQUITY,NYSE
AXS,Axis Capital Holdings Limited Common Stock,EQUITY,NYSE
AXTA,Axalta Coating Systems Ltd. Common Shares,EQUITY,NYSE
AXTC,Corgi AXTI 2x Daily ETF,ETF,BATS
AXTL,Leverage Shares 2X Long AXTI Daily ETF,ETF,BATS
AXTQ,Tradr 2X Short AXTI Daily ETF,ETF,BATS
AXTU,T-REX 2X Long AXTI Daily Target ETF,ETF,BATS
AXTX,Tradr 2X Long AXTI Daily ETF,ETF,BATS
AYI,Acuity Inc. Common Stock,EQUITY,NYSE
AZN,AstraZeneca PLC Ordinary Shares,EQUITY,NYSE
AZO,"AutoZone, Inc. Common Stock",EQUITY,NYSE
AZTD,Aztlan Global Stock Selection DM SMID ETF,ETF,NYSE ARCA
AZTR,Azitra Inc Common Stock,EQUITY,NYSE AMERICAN
AZUL,"Azul S.A. American Depositary Shares, each representing two (2) Common Shares",EQUITY,NYSE
AZZ,AZZ Inc.,EQUITY,NYSE
B,Barrick Mining Corporation Common Shares,EQUITY,NYSE
BA,Boeing Company (The) Common Stock,EQUITY,NYSE
BAB,Invesco Taxable Municipal Bond ETF,ETF,NYSE ARCA
BABA,Alibaba Group Holding Limited American Depositary Shares each representing eight Ordinary share,EQUITY,NYSE
BABC,Corgi BABA 2x Daily ETF,ETF,BATS
BABO,YieldMax BABA Option Income Strategy ETF,ETF,NYSE ARCA
BABW,Roundhill BABA WeeklyPay ETF,ETF,BATS
BAC,Bank of America Corporation Common Stock,EQUITY,NYSE
BAC$E,Bank of America Corporation Depositary Sh repstg 1/1000th Perp Pfd Ser E,EQUITY,NYSE
BAC$L,Bank of America Corporation Non Cumulative Perpetual Conv Pfd Ser L,EQUITY,NYSE
BAGX,EA Bridgeway Aggressive Investors ETF,ETF,BATS
BAGY,Amplify Bitcoin Max Income Covered Call ETF,ETF,BATS
BAH,Booz Allen Hamilton Holding Corporation Common Stock,EQUITY,NYSE
BAI,iShares A.I. Innovation and Tech Active ETF,ETF,NYSE ARCA
BAK,Braskem SA ADR,EQUITY,NYSE
BALI,iShares U.S. Large Cap Premium Income Active ETF,ETF,BATS
BALL,Ball Corporation Common Stock,EQUITY,NYSE
BALT,Innovator Defined Wealth Shield ETF,ETF,BATS
BALY,Bally's Corporation Common Stock,EQUITY,NYSE
BAM,Brookfield Asset Management Inc Class A Limited Voting Shares,EQUITY,NYSE
BAMA,Brookstone Active ETF,ETF,BATS
BAMB,Brookstone Intermediate Bond ETF,ETF,BATS
BAMD,Brookstone Dividend Stock ETF,ETF,BATS
BAMG,Brookstone Growth Stock ETF,ETF,BATS
BAMO,Brookstone Opportunities ETF,ETF,BATS
BAMU,Brookstone Ultra-Short Bond ETF,ETF,BATS
BAMV,Brookstone Value Stock ETF,ETF,BATS
BAMY,Brookstone Yield ETF,ETF,BATS
BANC,"Banc of California, Inc. Common Stock",EQUITY,NYSE
BAP,Credicorp Ltd. Common Stock,EQUITY,NYSE
BAPR,Innovator U.S. Equity Buffer ETF - April,ETF,BATS
BAR,GraniteShares Gold Trust Shares of Beneficial Interest,EQUITY,NYSE ARCA
BARK,"BARK, Inc. Class A Common Stock",EQUITY,NYSE
BATL,Battalion Oil Corporation Common Stock,EQUITY,NYSE AMERICAN
BATT,Amplify Lithium & Battery Technology ETF,ETF,NYSE ARCA
BAUG,Innovator U.S. Equity Buffer ETF - August,ETF,BATS
BAVA,Common Shares of Beneficial Interest of Bitwise Avalanche ETF,ETF,NYSE ARCA
BAX,Baxter International Inc. Common Stock,EQUITY,NYSE
BAY,Corgi Bay Area Based ETF,ETF,BATS
BB,BlackBerry Limited Common Stock,EQUITY,NYSE
BBAG,JPMorgan BetaBuilders U.S. Aggregate Bond ETF,ETF,BATS
BBAI,"BigBear.ai, Inc. Common Stock",EQUITY,NYSE
BBAR,Banco BBVA Argentina S.A. ADS,EQUITY,NYSE
BBAX,JPMorgan BetaBuilders Developed Asia Pacific-ex Japan ETF,ETF,BATS
BBBI,BondBloxx BBB Rated 5-10 Year Corporate Bond ETF,ETF,NYSE ARCA
BBBL,BondBloxx BBB Rated 10+ Year Corporate Bond ETF,ETF,NYSE ARCA
BBBS,BondBloxx BBB Rated 1-5 Year Corporate Bond ETF,ETF,NYSE ARCA
BBC,Virtus Biotech Clinical Trials ETF,ETF,NYSE ARCA
BBCA,JPMorgan BetaBuilders Canada ETF,ETF,BATS
BBCB,JPMorgan BetaBuilders USD Investment Grade Corporate Bond ETF,ETF,BATS
BBD,Banco Bradesco Sa American Depositary Shares,EQUITY,NYSE
BBDC,"Barings BDC, Inc. Common Stock",EQUITY,NYSE
BBDO,Banco Bradesco Sa American Depositary Shares (each representing one Common Share),EQUITY,NYSE
BBEM,JPMorgan BetaBuilders Emerging Markets Equity ETF,ETF,BATS
BBEU,JPMorgan BetaBuilders Europe ETF,ETF,BATS
BBHL,BBH Select Large Cap ETF,ETF,NYSE ARCA
BBHM,BBH Select Mid Cap ETF,ETF,NYSE ARCA
BBHY,JPMorgan BetaBuilders USD High Yield Corporate Bond ETF,ETF,BATS
BBIB,JPMorgan BetaBuilders U.S. Treasury Bond 3-10 Year ETF,ETF,BATS
BBIN,JPMorgan BetaBuilders International Equity ETF,ETF,BATS
BBJP,JPMorgan BetaBuilders Japan ETF,ETF,BATS
BBLB,JPMorgan BetaBuilders U.S. Treasury Bond 20+ Year ETF,ETF,BATS
BBLS,Munificent Seven ETF,ETF,NYSE ARCA
BBLU,EA Bridgeway Blue Chip ETF,ETF,NYSE ARCA
BBMC,JPMorgan BetaBuilders U.S. Mid Cap Equity ETF,ETF,BATS
BBN,BlackRock Taxable Municipal Bond Trust Common Shares of Beneficial Interest,EQUITY,NYSE
BBP,Virtus Biotech ETF,ETF,NYSE ARCA
BBRE,JPMorgan BetaBuilders MSCI U.S. REIT ETF,ETF,BATS
BBSB,JPMorgan BetaBuilders U.S. Treasury Bond 1-3 Year ETF,ETF,BATS
BBSC,JPMorgan BetaBuilders U.S. Small Cap Equity ETF,ETF,BATS
BBT,Beacon Financial Corporation Common stock,EQUITY,NYSE
BBUC,Brookfield Business Corporation Class A Subordinate Voting Shares,EQUITY,NYSE
BBUS,JPMorgan BetaBuilders U.S. Equity ETF,ETF,BATS
BBVA,Banco Bilbao Vizcaya Argentaria S.A. Common Stock,EQUITY,NYSE
BBW,"Build-A-Bear Workshop, Inc. Common Stock",EQUITY,NYSE
BBWI,"Bath & Body Works, Inc.",EQUITY,NYSE
BBY,"Best Buy Co., Inc. Common Stock",EQUITY,NYSE
BC,Brunswick Corporation Common Stock,EQUITY,NYSE
BCAT,BlackRock Capital Allocation Term Trust Common Shares of Beneficial Interest,EQUITY,NYSE
BCC,"Boise Cascade, L.L.C. Common Stock",EQUITY,NYSE
BCCC,Global X Bitcoin Covered Call ETF,ETF,BATS
BCD,abrdn Bloomberg All Commodity Longer Dated Strategy K-1 Free ETF,ETF,NYSE ARCA
BCDF,Horizon Kinetics Blockchain Development ETF,ETF,NYSE ARCA
BCE,"BCE, Inc. Common Stock",EQUITY,NYSE
BCEM,Baron Emerging Markets Select ETF,ETF,NYSE
BCGD,Baron Global Durable Advantage ETF,ETF,NYSE
BCGS,Bancreek Global Select ETF,ETF,NYSE ARCA
BCH,Banco De Chile ADS,EQUITY,NYSE
BCHP,Principal Focused Blue Chip ETF,ETF,BATS
BCHT,Birchtech Corp. Common Stock,EQUITY,NYSE AMERICAN
BCI,abrdn Bloomberg All Commodity Strategy K-1 Free ETF,ETF,NYSE ARCA
BCIL,Bancreek International Large Cap ETF,ETF,NYSE ARCA
BCKT,LifeX 2030 Income Bucket ETF,ETF,BATS
BCO,Brinks Company (The) Common Stock,EQUITY,NYSE
BCOR,Grayscale Bitcoin Adopters ETF,ETF,NYSE ARCA
BCPL,BNY Mellon Core Plus ETF,ETF,NYSE ARCA
BCS,Barclays PLC Common Stock,EQUITY,NYSE
BCSF,"Bain Capital Specialty Finance, Inc. Common Stock",EQUITY,NYSE
BCSM,Baron SMID Cap ETF,ETF,NYSE
BCSS,Bain Capital GSS Investment Corp. Class A Ordinary Shares,EQUITY,NYSE
BCUS,Bancreek U.S. Large Cap ETF,ETF,NYSE ARCA
BCV,"Bancroft Fund, Ltd.",EQUITY,NYSE AMERICAN
BCX,BlackRock Resources Common Shares of Beneficial Interest,EQUITY,NYSE
BD,Russell Investments Core Plus Bond ETF,ETF,NYSE ARCA
BDBT,Bluemonte Core Bond ETF,ETF,NYSE ARCA
BDC,Belden Inc Common Stock,EQUITY,NYSE
BDCX,"ETRACS Quarterly Pay 1.5x Leveraged MarketVector BDC Liquid Index ETN due June 10, 2050",ETF,NYSE ARCA
BDCZ,"ETRACS MarketVector Business Development Companies Liquid Index ETN due April 26, 2041",EQUITY,NYSE ARCA
BDEC,Innovator U.S. Equity Buffer ETF - December,ETF,BATS
BDIV,AAM Brentview Dividend Growth ETF,ETF,NYSE ARCA
BDJ,Blackrock Enhanced Equity Dividend Trust,EQUITY,NYSE
BDL,"Flanigan's Enterprises, Inc. Common Stock",EQUITY,NYSE AMERICAN
BDN,Brandywine Realty Trust Common Stock,EQUITY,NYSE
BDRY,Breakwave Dry Bulk Shipping ETF,ETF,NYSE ARCA
BDVG,IMGP Berkshire Dividend Growth ETF,ETF,NYSE ARCA
BDX,"Becton, Dickinson and Company Common Stock",EQUITY,NYSE
BE,Bloom Energy Corporation Class A Common Stock,EQUITY,NYSE
BEBE,TGE Value Creative Solutions Corp Class A Ordinary Shares,EQUITY,NYSE
BEC,Corgi BE 2x Daily ETF,ETF,BATS
BEGS,Rareview 2x Bull Cryptocurrency & Precious Metals ETF,ETF,BATS
BEKE,KE Holdings Inc American Depositary Shares (each representing three Class A Ordinary Shares),EQUITY,NYSE
BEMB,iShares J.P. Morgan Broad USD Emerging Markets Bond ETF,ETF,BATS
BEMD,BNY Mellon Emerging Markets Debt ETF,ETF,BATS
BEN,"Franklin Templeton, Inc. Common Stock",EQUITY,NYSE
BENJ,Horizon Landmark ETF,ETF,NYSE ARCA
BEPC,Brookfield Renewable Corporation Brookfield Renewable Corporation Class A Subordinate Voting Shares,EQUITY,NYSE
BERZ,MicroSectors FANG & Innovation -3x Inverse Leveraged ETN,ETF,NYSE ARCA
BESF,Bastion Energy ETF,ETF,BATS
BESS,Bimergen Energy Corporation Common Stock,EQUITY,NYSE AMERICAN
BETA,"Beta Technologies, Inc. Class A Common Stock",EQUITY,NYSE
BETE,ProShares Bitcoin & Ether Equal Weight ETF,ETF,NYSE ARCA
BETH,ProShares Bitcoin & Ether Market Cap Weight ETF,ETF,NYSE ARCA
BETZ,Roundhill Sports Betting & iGaming ETF,ETF,NYSE ARCA
BEX,Tradr 2X Long BE Daily ETF,ETF,BATS
BEZ,Tradr 2X Short BE Daily ETF,ETF,BATS
BF-A,Brown Forman Inc Class A Common Stock,EQUITY,NYSE
BF-B,Brown Forman Inc Class B Common Stock,EQUITY,NYSE
BFAM,Bright Horizons Family Solutions Inc. Common Stock,EQUITY,NYSE
BFAP,FT Vest Bitcoin Strategy Floor15 ETF April,ETF,NYSE ARCA
BFEB,Innovator U.S. Equity Buffer ETF - February,ETF,BATS
BFEW,FT Vest Laddered U.S. Equity Equal Weight Buffer ETF,ETF,BATS
BFH,"Bread Financial Holdings, Inc. Common Stock",EQUITY,NYSE
BFIX,Build Bond Innovation ETF,ETF,NYSE ARCA
BFJA,FT Vest Bitcoin Strategy Floor15 ETF - January,ETF,NYSE ARCA
BFJL,FT Vest Bitcoin Strategy Floor15 ETF July,ETF,NYSE ARCA
BFLB,BufferLABS US Equity Dynamic Buffer ETF,ETF,BATS
BFLY,"Butterfly Network, Inc. Class A Common Stock",EQUITY,NYSE
BFOC,FT Vest Bitcoin Strategy Floor15 ETF - October,ETF,NYSE ARCA
BFOR,Barron's 400 ETF,ETF,NYSE ARCA
BFRZ,Innovator Equity Managed 100 Buffer ETF,ETF,NYSE ARCA
BFS,"Saul Centers, Inc. Common Stock",EQUITY,NYSE
BFXU,FT Vest Laddered U.S. Equity Uncapped Accelerator ETF,ETF,BATS
BG,Bunge Limited Common Shares,EQUITY,NYSE
BGB,Blackstone Strategic Credit 2027 Term Fund Common Shares of Beneficial Interest,EQUITY,NYSE
BGDV,Bahl & Gaynor Dividend ETF,ETF,NYSE ARCA
BGFI,BNY Mellon Global Fixed Income ETF,ETF,BATS
BGH,Barings Global Short Duration High Yield Fund Common Shares of Beneficial Interests,EQUITY,NYSE
BGIG,Bahl & Gaynor Income Growth ETF,ETF,NYSE ARCA
BGLD,FT Vest Gold Strategy Quarterly Buffer ETF,ETF,BATS
BGR,BlackRock Energy and Resources Trust,EQUITY,NYSE
BGS,"B&G Foods, Inc. Common Stock",EQUITY,NYSE
BGSF,"BGSF, Inc. Common Stock",EQUITY,NYSE
BGSI,Boyd Group Services Inc. Common Shares,EQUITY,NYSE
BGT,BlackRock Floating Rate Income Trust,EQUITY,NYSE
BGX,Blackstone Long Short Credit Income Fund Common Shares,EQUITY,NYSE
BGY,Blackrock Enhanced International Dividend Trust,EQUITY,NYSE
BH,Biglari Holdings Inc. Class B Common Stock,EQUITY,NYSE
BH-A,Biglari Holdings Inc. Class A Common Stock,EQUITY,NYSE
BHB,"Bar Harbor Bankshares, Inc. Common Stock",EQUITY,NYSE AMERICAN
BHC,Bausch Health Companies Inc. Common Stock,EQUITY,NYSE
BHE,"Benchmark Electronics, Inc. Common Stock",EQUITY,NYSE
BHK,Blackrock Core Bond Trust,EQUITY,NYSE
BHM,"Bluerock Homes Trust, Inc. Class A Common Stock",EQUITY,NYSE AMERICAN
BHP,BHP Group Limited American Depositary Shares (Each representing two Ordinary Shares),EQUITY,NYSE
BHR,Braemar Hotels & Resorts Inc. Common Stock,EQUITY,NYSE
BHV,BlackRock Virginia Municipal Bond Trust,EQUITY,NYSE
BHVN,Biohaven Ltd. Common Shares,EQUITY,NYSE
BHYB,Xtrackers USD High Yield BB-B ex Financials ETF,ETF,BATS
BHYP,Common Shares of Beneficial Interest of Bitwise Hyperliquid ETF,ETF,NYSE ARCA
BIBL,Inspire 100 ETF,ETF,NYSE ARCA
BIDD,iShares International Dividend Active ETF,ETF,NYSE ARCA
BIGY,YieldMax Target 12 Big 50 Option Income ETF,ETF,NYSE ARCA
BIII,Black Spade Acquisition III Co Class A Ordinary Shares,EQUITY,NYSE
BIL,State Street SPDR Bloomberg 1-3 Month T-Bill ETF,ETF,NYSE ARCA
BILD,Nomura Global Listed Infrastructure ETF,ETF,NYSE ARCA
BILL,"BILL Holdings, Inc. Common Stock",EQUITY,NYSE
BILS,State Street SPDR Bloomberg 3-12 Month T-Bill ETF,ETF,NYSE ARCA
BILT,iShares Infrastructure Active ETF,ETF,BATS
BILZ,PIMCO Ultra Short Government Active Exchange-Traded Fund,ETF,NYSE ARCA
BINC,iShares Flexible Income Active ETF,ETF,NYSE ARCA
BINT,Bluemonte Global Equity ETF,ETF,NYSE ARCA
BINV,Brandes International ETF,ETF,BATS
BIO,"Bio-Rad Laboratories, Inc. Class A Common Stock",EQUITY,NYSE
BIO-B,"Bio-Rad Laboratories, Inc. Class B  Common Stock",EQUITY,NYSE
BIPC,Brookfield Infrastructure Corporation Brookfield Infrastructure Corporation,EQUITY,NYSE
BIRK,Birkenstock Holding plc Ordinary Shares,EQUITY,NYSE
BIT,BlackRock Multi-Sector Income Trust Common Shares of Beneficial Interest,EQUITY,NYSE
BITB,Bitwise Bitcoin ETF,ETF,NYSE ARCA
BITC,Bitwise Trendwise Bitcoin and Treasuries Rotation Strategy ETF,ETF,NYSE ARCA
BITI,ProShares Short Bitcoin ETF,ETF,NYSE ARCA
BITO,ProShares Bitcoin ETF,ETF,NYSE ARCA
BITQ,Bitwise Crypto Industry Innovators ETF,ETF,NYSE ARCA
BITU,ProShares Ultra Bitcoin ETF,ETF,NYSE ARCA
BITW,Common Shares of Beneficial Interest,ETF,NYSE ARCA
BITX,2x Bitcoin ETF,ETF,BATS
BITY,Amplify Bitcoin 2% Monthly Option Income ETF,ETF,BATS
BIV,Vanguard Intermediate-Term Bond ETF,ETF,NYSE ARCA
BIZD,VanEck BDC Income ETF,ETF,NYSE ARCA
BJ,"BJ's Wholesale Club Holdings, Inc. Common Stock",EQUITY,NYSE
BJAN,Innovator U.S. Equity Buffer ETF - January,ETF,BATS
BJUL,Innovator U.S. Equity Buffer ETF - July,ETF,BATS
BJUN,Innovator U.S. Equity Buffer ETF - June,ETF,BATS
BKAG,BNY Mellon Core Bond ETF,ETF,NYSE ARCA
BKCG,BNY Mellon Concentrated Growth ETF,ETF,NYSE ARCA
BKCI,BNY Mellon Concentrated International ETF,ETF,NYSE ARCA
BKD,Brookdale Senior Living Inc. Common Stock,EQUITY,NYSE
BKDV,BNY Mellon Dynamic Value ETF,ETF,NYSE ARCA
BKE,"Buckle, Inc. (The) Common Stock",EQUITY,NYSE
BKEM,BNY Mellon Emerging Markets Equity ETF,ETF,NYSE ARCA
BKF,iShares MSCI BIC ETF,ETF,NYSE ARCA
BKFI,BNY Mellon Active Core Bond ETF,ETF,NYSE ARCA
BKGI,BNY Mellon Global Infrastructure Income ETF,ETF,BATS
BKH,Black Hills Corporation Common Stock,EQUITY,NYSE
BKHY,BNY Mellon High Yield ETF,ETF,NYSE ARCA
BKIE,BNY Mellon International Equity ETF,ETF,NYSE ARCA
BKKT,"Bakkt, Inc. Class A Common Stock",EQUITY,NYSE
BKLC,BNY Mellon US Large Cap Core Equity ETF,ETF,NYSE ARCA
BKLG,BNY Mellon US Large Cap Equity Growth ETF,ETF,NYSE ARCA
BKLN,Invesco Senior Loan ETF,ETF,NYSE ARCA
BKMC,BNY Mellon US Mid Cap Core Equity ETF,ETF,NYSE ARCA
BKSE,BNY Mellon US Small Cap Core Equity ETF,ETF,NYSE ARCA
BKSY,BlackSky Technology Inc. Class A Common Stock,EQUITY,NYSE
BKT,BlackRock Income Trust Inc. (The),EQUITY,NYSE
BKTI,BK Technologies Corporation Common Stock,EQUITY,NYSE AMERICAN
BKU,"BankUnited, Inc. Common Stock",EQUITY,NYSE
BKUI,BNY Mellon Ultra Short Income ETF,ETF,NYSE ARCA
BKV,BKV Corporation Common Stock,EQUITY,NYSE
BLCK,Corgi Crypto Infrastructure ETF,ETF,BATS
BLCO,Bausch + Lomb Corporation Common Shares,EQUITY,NYSE
BLCV,iShares Large Cap Value Active ETF,ETF,NYSE ARCA
BLDG,Cambria Global Real Estate ETF,ETF,BATS
BLDR,"Builders FirstSource, Inc. Common Stock",EQUITY,NYSE
BLDX,Impax Global Sustainable Infrastructure ETF,ETF,NYSE ARCA
BLES,Inspire Global Hope ETF,ETF,NYSE ARCA
BLGR,Bluemonte Large Cap Growth ETF,ETF,NYSE ARCA
BLK,"BlackRock, Inc. Common Stock",EQUITY,NYSE
BLND,"Blend Labs, Inc. Class A Common Stock",EQUITY,NYSE
BLOK,Amplify Blockchain Technology ETF,ETF,NYSE ARCA
BLOX,Nicholas Crypto Income ETF,ETF,NYSE ARCA
BLSH,Bullish Ordinary Shares,EQUITY,NYSE
BLST,Bluemonte Short Term Bond ETF,ETF,NYSE ARCA
BLTD,Bluemonte Long Term Bond ETF,ETF,NYSE ARCA
BLUC,Bluemonte Large Cap Core ETF,ETF,NYSE ARCA
BLUI,Bluemonte Diversified Income ETF,ETF,NYSE ARCA
BLUX,Bluemonte Dynamic Total Market ETF,ETF,NYSE ARCA
BLV,Vanguard Long-Term Bond ETF,ETF,NYSE ARCA
BLW,Blackrock Limited Duration Income Trust,EQUITY,NYSE
BLX,"Bladex, Inc. Class E Common Stock",EQUITY,NYSE
BMA,Banco Macro S.A.  ADR (representing Ten Class B Common Shares),EQUITY,NYSE
BMAR,Innovator U.S. Equity Buffer ETF - March,ETF,BATS
BMAY,Innovator U.S. Equity Buffer ETF - May,ETF,BATS
BME,Blackrock Health Sciences Trust,EQUITY,NYSE
BMED,iShares Health Innovation Active ETF,ETF,NYSE ARCA
BMEZ,BlackRock Health Sciences Term Trust Common Shares of Beneficial Interest,EQUITY,NYSE
BMI,"Badger Meter, Inc. Common Stock",EQUITY,NYSE
BMN,BlackRock 2037 Municipal Target Term Trust Common Shares of Beneficial Interest,EQUITY,NYSE
BMNR,"BitMine Immersion Technologies, Inc. Common Stock",EQUITY,NYSE
BMNU,T-REX 2X Long BMNR Daily Target ETF,ETF,BATS
BMNZ,Defiance Daily Target 2X Short BMNR ETF,ETF,NYSE ARCA
BMO,Bank Of Montreal Common Stock,EQUITY,NYSE
BMSI,BNY Mellon Muti-Sector Income ETF,ETF,BATS
BMVP,Invesco Bloomberg MVP Multi-factor ETF,ETF,NYSE ARCA
BMY,Bristol-Myers Squibb Company Common Stock,EQUITY,NYSE
BN,Brookfield Corporation Class A Limited Voting Shares,EQUITY,NYSE
BNAV,Amplify Fairlead Tactical Bitcoin ETF,ETF,BATS
BNDC,Northern Trust Core Bond ETF,ETF,NYSE ARCA
BNDD,Quadratic Deflation ETF,ETF,NYSE ARCA
BNDI,NEOS Enhanced Income Aggregate Bond ETF,ETF,NYSE ARCA
BNDS,Infrastructure Capital Bond Income ETF,ETF,NYSE ARCA
BNDY,Horizon Core Bond ETF,ETF,BATS
BNED,"Barnes & Noble Education, Inc Common Stock",EQUITY,NYSE
BNGE,First Trust S-Network Streaming and Gaming ETF,ETF,NYSE ARCA
BNKD,"MicroSectors U.S. Big Banks -3 Inverse Leveraged ETNs due February 17, 2045",ETF,NYSE ARCA
BNKU,"MicroSectors U.S. Big Banks 3 Leveraged ETNs due February 17, 2045",ETF,NYSE ARCA
BNL,"Broadstone Net Lease, Inc. Common Stock",EQUITY,NYSE
BNMC,Corgi BMNR 2x Daily ETF,ETF,BATS
BNO,"United States Brent Oil Fund, LP ETV",ETF,NYSE ARCA
BNOV,Innovator U.S. Equity Buffer ETF - November,ETF,BATS
BNS,Bank Nova Scotia Halifax Pfd 3 Ordinary Shares,EQUITY,NYSE
BNT,Brookfield Wealth Solutions Ltd. Class A Exchangeable Limited Voting Shares,EQUITY,NYSE
BNY,The Bank of New York Mellon Corporation Common Stock,EQUITY,NYSE
BOAT,SonicShares Global Shipping ETF,ETF,NYSE ARCA
BOBP,CORE16 Best of Breed Premier Index ETF,ETF,NYSE ARCA
BOBS,"Bob's Discount Furniture, Inc. Common Stock",EQUITY,NYSE
BOC,Boston Omaha Corporation Class A Common Stock,EQUITY,NYSE
BOCT,Innovator U.S. Equity Buffer ETF - October,ETF,BATS
BOE,Blackrock Enhanced Global Dividend Trust Common Shares of Beneficial Interest,EQUITY,NYSE
BOH,Bank of Hawaii Corporation Common Stock,EQUITY,NYSE
BOIL,ProShares Ultra Bloomberg Natural Gas,ETF,NYSE ARCA
BOND,PIMCO Active Bond Exchange-Traded Fund Exchange-Traded Fund,ETF,NYSE
BOOT,"Boot Barn Holdings, Inc. Common Stock",EQUITY,NYSE
BORR,Borr Drilling Limited Common Shares,EQUITY,NYSE
BOUT,CapForce IBD Breakout Opportunities ETF,ETF,NYSE ARCA
BOW,Bowhead Specialty Holdings Inc. Common Stock,EQUITY,NYSE
BOX,"Box, Inc. Class A Common Stock",EQUITY,NYSE
BOXA,Alpha Architect Aggregate Bond ETF,ETF,BATS
BOXX,Alpha Architect 1-3 Month Box ETF,ETF,BATS
BP,BP p.l.c. Common Stock,EQUITY,NYSE
BPAY,iShares FinTech Active ETF,ETF,NYSE ARCA
BPH,BP plc ADRhedged,ETF,NYSE ARCA
BPI,Grayscale Bitcoin Premium Income ETF,ETF,NYSE ARCA
BPRE,Bluerock Private Real Estate Fund Common Shares of Beneficial Interest,EQUITY,NYSE
BPRO,Bitwise Proficio Currency Debasement ETF,ETF,NYSE ARCA
BQ,Boqii Holding Limited Class A Ordinary Shares,EQUITY,NYSE AMERICAN
BR,"Broadridge Financial Solutions, Inc. Common Stock",EQUITY,NYSE
BRAZ,Global X Brazil Active ETF,ETF,NYSE ARCA
BRBR,"BellRing Brands, Inc. Common Stock",EQUITY,NYSE
BRBS,"Blue Ridge Bankshares, Inc. Common Stock",EQUITY,NYSE AMERICAN
BRC,Brady Corporation Common Stock,EQUITY,NYSE
BRCC,BRC Inc. Class A Common Stock,EQUITY,NYSE
BRCE,MFS Blended Research Core Equity ETF,ETF,NYSE
BREE,MFS Blended Research Emerging Markets Equity ETF,ETF,NYSE
BREW,Corgi Coffee & Energy Drinks ETF,ETF,BATS
BRF,VanEck Brazil Small-Cap ETF,ETF,NYSE ARCA
BRIA,BrilliA Inc Class A Ordinary Shares,EQUITY,NYSE AMERICAN
BRIB,FIS Bright Portfolios Core Bond ETF,ETF,NYSE ARCA
BRIE,MFS Blended Research International Equity ETF,ETF,NYSE
BRIF,FIS Bright Portfolios Focused Equity ETF,ETF,NYSE ARCA
BRK-A,Berkshire Hathaway Inc. Common Stock,EQUITY,NYSE
BRK-B,Berkshire Hathaway Inc. New Common Stock,EQUITY,NYSE
BRKC,YieldMax BRK.B Option Income Strategy ETF,ETF,NYSE ARCA
BRKL,Corgi BRKB 2x Daily ETF,ETF,BATS
BRKW,Roundhill BRKB WeeklyPay ETF,ETF,BATS
BRLN,iShares Floating Rate Loan Active ETF,ETF,BATS
BRN,"Barnwell Industries, Inc. Common Stock",EQUITY,NYSE AMERICAN
BRO,"Brown & Brown, Inc. Common Stock",EQUITY,NYSE
BROL,Baron Risk Optimized Large Cap ETF,ETF,NYSE
BROS,Dutch Bros Inc. Class A Common Stock,EQUITY,NYSE
BRSL,"Brightstar Lottery PLC Trading under the Legal Name to begin at the market open on July 21, 2025. Ordinary Shares",EQUITY,NYSE
BRSM,MFS Blended Research Small-Mid Cap ETF,ETF,NYSE ARCA
BRSP,"BrightSpire Capital, Inc. Class A Common Stock",EQUITY,NYSE
BRSV,EA Bridgeway Select Small-Cap Value ETF,ETF,BATS
BRT,BRT Apartments Corp. (MD) Common Stock,EQUITY,NYSE
BRW,Saba Capital Income & Opportunities Fund SBI,EQUITY,NYSE
BRX,Brixmor Property Group Inc. Common Stock,EQUITY,NYSE
BRZD,MicroSectors -3x Short Brazil ETNs,ETF,BATS
BRZL,MicroSectors 3x Long Brazil ETNs,ETF,BATS
BRZU,Direxion Daily Brazil Bull 2X ETF,ETF,NYSE ARCA
BRZX,Corgi Brazil 2x Daily ETF,ETF,BATS
BSAC,Banco Santander - Chile ADS,EQUITY,NYSE
BSEP,Innovator U.S. Equity Buffer ETF - September,ETF,BATS
BSL,Blackstone Senior Floating Rate 2027 Term Fund Common Shares of Beneficial Interest,EQUITY,NYSE
BSMC,Brandes U.S. Small-Mid Cap Value ETF,ETF,BATS
BSOL,Bitwise Solana Staking ETF,ETF,NYSE ARCA
BSR,Beacon Unified Catalyst ETF,ETF,NYSE ARCA
BST,BlackRock Science and Technology Trust Common Shares of Beneficial Interest,EQUITY,NYSE
BSTP,Innovator Buffer Step-Up Strategy ETF,ETF,NYSE ARCA
BSTZ,BlackRock Science and Technology Term Trust Common Shares of Beneficial Interest,EQUITY,NYSE
BSV,Vanguard Short-Term Bond ETF,ETF,NYSE ARCA
BSX,Boston Scientific Corporation Common Stock,EQUITY,NYSE
BTA,Beacon Tactical Alternatives Risk ETF,ETF,NYSE ARCA
BTAL,AGF U.S. Market Neutral Anti-Beta Fund,ETF,NYSE ARCA
BTC,Grayscale Bitcoin Mini Trust (BTC),ETF,NYSE ARCA
BTCC,Grayscale Bitcoin High Income ETF,ETF,NYSE ARCA
BTCI,NEOS Bitcoin High Income ETF,ETF,BATS
BTCK,7RCC Spot Bitcoin and Carbon Credit Futures ETF,ETF,NYSE ARCA
BTCL,T-Rex 2X Long Bitcoin Daily Target ETF,ETF,BATS
BTCO,Invesco Galaxy Bitcoin ETF,ETF,BATS
BTCU,Direxion Daily Bitcoin Bull 2X ETF,ETF,NYSE ARCA
BTCW,WisdomTree Bitcoin Fund,ETF,BATS
BTCZ,T-Rex 2X Inverse Bitcoin Daily Target ETF,ETF,BATS
BTE,Baytex Energy Corp Common Shares,EQUITY,NYSE
BTG,B2Gold Corp Common shares (Canada),EQUITY,NYSE AMERICAN
BTGO,"BitGo Holdings, Inc. Class A Common Stock",EQUITY,NYSE
BTI,"British American Tobacco  Industries, p.l.c. Common Stock ADR",EQUITY,NYSE
BTO,John Hancock Financial Opportunities Fund Common Stock,EQUITY,NYSE
BTOT,iShares Total USD Fixed Income Market ETF,ETF,NYSE ARCA
BTRN,Global X Bitcoin Trend Strategy ETF,ETF,NYSE ARCA
BTT,BlackRock Municipal 2030 Target Term Trust,EQUITY,NYSE
BTU,Peabody Energy Corporation Common Stock,EQUITY,NYSE
BTX,BlackRock Technology and Private Equity Term Trust Common Shares of Beneficial Interest,EQUITY,NYSE
BTZ,BlackRock Credit Allocation Income Trust,EQUITY,NYSE
BUCK,Simplify Treasury Option Income ETF,ETF,NYSE ARCA
BUD,Anheuser-Busch Inbev SA Sponsored ADR (Belgium),EQUITY,NYSE
BUDA,"Buda Juice, Inc. Common Stock",EQUITY,NYSE AMERICAN
BUFB,Innovator Laddered Allocation Buffer ETF,ETF,BATS
BUFD,FT Vest Laddered Deep Buffer ETF,ETF,BATS
BUFE,FT Vest Laddered Emerging Markets Buffer ETF,ETF,BATS
BUFF,Innovator Laddered Allocation Power Buffer ETF,ETF,BATS
BUFG,FT Vest Buffered Allocation Growth ETF,ETF,BATS
BUFH,FT Vest Laddered Max Buffer ETF,ETF,BATS
BUFP,PGIM Laddered S&P 500 Buffer 12 ETF,ETF,BATS
BUFQ,FT Vest Laddered Nasdaq Buffer ETF,ETF,BATS
BUFR,FT Vest Laddered Buffer ETF,ETF,BATS
BUFS,FT Vest Laddered Small Cap Moderate Buffer ETF,ETF,BATS
BUFT,FT Vest Buffered Allocation Defensive ETF,ETF,BATS
BUFX,FT Vest Laddered Enhance & Moderate Buffer ETF,ETF,BATS
BUFY,FT Vest Laddered International Moderate Buffer ETF,ETF,BATS
BUFZ,FT Vest Laddered Moderate Buffer ETF,ETF,BATS
BUI,"BlackRock Utility, Infrastructure & Power Opportunities Trust",EQUITY,NYSE
BUIL,Rebuild America ETF,ETF,BATS
BUL,Pacer US Cash Cows Growth ETF,ETF,NYSE ARCA
BULZ,MicroSectors FANG & Innovation 3x Leveraged ETN,ETF,NYSE ARCA
BUR,Burford Capital Limited Ordinary Shares,EQUITY,NYSE
BURL,"Burlington Stores, Inc. Common Stock",EQUITY,NYSE
BURU,"Nuburu, Inc. Common Stock",EQUITY,NYSE AMERICAN
BUSA,Brandes U.S. Value ETF,ETF,BATS
BUSM,EA Bridgeway Ultra-Small Company Market ETF,ETF,BATS
BUXX,Strive Enhanced Income Short Maturity ETF,ETF,NYSE
BUYB,ProShares S&P 500 Buyback Aristocrats ETF,ETF,NYSE ARCA
BUYO,KraneShares Man Buyout Beta Index ETF,ETF,NYSE ARCA
BUYW,Main BuyWrite ETF,ETF,BATS
BUYZ,Franklin Disruptive Commerce ETF,ETF,BATS
BUZZ,VanEck Social Sentiment ETF,ETF,NYSE ARCA
BV,"BrightView Holdings, Inc. Common Stock",EQUITY,NYSE
BVAL,Bluemonte Large Cap Value ETF,ETF,NYSE ARCA
BVN,Buenaventura Mining Company Inc.,EQUITY,NYSE
BW,"Babcock & Wilcox Enterprises, Inc. Common Stock",EQUITY,NYSE
BWA,BorgWarner Inc. Common Stock,EQUITY,NYSE
BWET,Breakwave Tanker Shipping ETF,ETF,NYSE ARCA
BWG,BrandywineGLOBAL Global Income Opportunities Fund Inc.,EQUITY,NYSE
BWIV,Blue Water Acquisition Corp. IV Class A Ordinary Shares,EQUITY,NYSE
BWLP,BW LPG Limited Common Shares,EQUITY,NYSE
BWMX,"Betterware de Mexico, S.A.P.I. de C.V. Ordinary Shares",EQUITY,NYSE
BWOW,Bitwise Dogecoin ETF,ETF,NYSE ARCA
BWQG,BWM Quality Growth ETF,ETF,BATS
BWTG,Brendan Wood TopGun Index ETF,ETF,BATS
BWX,State Street SPDR Bloomberg International Treasury Bond ETF,ETF,NYSE ARCA
BWXT,"BWX Technologies, Inc. Common Stock",EQUITY,NYSE
BWZ,State Street SPDR Bloomberg Short Term International Treasury Bond ETF,ETF,NYSE ARCA
BX,Blackstone Inc. Common Stock,EQUITY,NYSE
BXC,Bluelinx Holdings Inc. Common Stock,EQUITY,NYSE
BXDC,Blackstone Digital Infrastructure Trust Inc. Common Stock,EQUITY,NYSE
BXMT,"Blackstone Mortgage Trust, Inc. Common Stock",EQUITY,NYSE
BXP,"BXP, Inc. Common Stock",EQUITY,NYSE
BXSL,Blackstone Secured Lending Fund Common Shares of Beneficial Interest,EQUITY,NYSE
BY,"Byline Bancorp, Inc. Common Stock",EQUITY,NYSE
BYD,Boyd Gaming Corporation Common Stock,EQUITY,NYSE
BYLD,iShares Yield Optimized Bond ETF,ETF,NYSE ARCA
BYRE,Principal Real Estate Active Opportunities ETF,ETF,NYSE ARCA
BZH,"Beazer Homes USA, Inc. Common Stock",EQUITY,NYSE
BZQ,ProShares UltraShort MSCI Brazil Capped,ETF,NYSE ARCA
BZZ,Corgi Drones & Urban Air Mobility ETF,ETF,BATS
C,"Citigroup, Inc. Common Stock",EQUITY,NYSE
CAAA,First Trust AAA CMBS ETF,ETF,NYSE ARCA
CAAP,Corporacion America Airports SA Common Shares,EQUITY,NYSE
CABO,"Cable One, Inc. Common Stock",EQUITY,NYSE
CABZ,"Roundhill Robotaxi, Autonomous Vehicles & Technology ETF",ETF,BATS
CACI,"CACI International, Inc. Class A Common Stock",EQUITY,NYSE
CAF,Morgan Stanley China A Share Fund Inc. Common Stock,EQUITY,NYSE
CAFX,Congress Intermediate Bond ETF,ETF,NYSE ARCA
CAG,"ConAgra Brands, Inc. Common Stock",EQUITY,NYSE
CAGE,Calamos Autocallable Growth ETF,ETF,NYSE ARCA
CAH,"Cardinal Health, Inc. Common Stock",EQUITY,NYSE
CAIE,Calamos Autocallable Income ETF,ETF,NYSE ARCA
CAL,"Caleres, Inc. Common Stock",EQUITY,NYSE
CALF,Pacer US Small Cap Cash Cows ETF,ETF,BATS
CALX,"Calix, Inc Common Stock",EQUITY,NYSE
CALY,Callaway Golf Company Common Stock,EQUITY,NYSE
CAM,AB California Intermediate Municipal ETF,ETF,NYSE ARCA
CAMC,Corgi CAMT 2x Daily ETF,ETF,BATS
CAML,Congress Large Cap Growth ETF,ETF,NYSE ARCA
CAMX,Cambiar Aggressive Value ETF,ETF,NYSE ARCA
CANE,Teucrium Sugar Fund ETV,ETF,NYSE ARCA
CANF,"Can-Fite Biopharma Ltd American Depositary Shares, each representing two (2) Ordinary Shares",EQUITY,NYSE AMERICAN
CANG,Cango Inc. Class A Ordinary Shares,EQUITY,NYSE
CAOS,Alpha Architect Tail Risk ETF,ETF,BATS
CAPA,Defiance AI Capacitors & MLCC ETF,ETF,BATS
CAPE,DoubleLine Shiller CAPE U.S. Equities ETF,ETF,NYSE ARCA
CARD,MAX Auto Industry -3x Inverse Leveraged ETN,ETF,NYSE ARCA
CARK,CastleArk Large Growth ETF,ETF,NYSE ARCA
CARR,Carrier Global Corporation Common Stock,EQUITY,NYSE
CARS,Cars.com Inc. Common Stock,EQUITY,NYSE
CARU,MAX Auto Industry 3x Leveraged ETN,ETF,NYSE ARCA
CARX,Corgi CART 2x Daily ETF,ETF,BATS
CAS,Simplify China A Shares PLUS Income ETF,ETF,NYSE ARCA
CAT,"Caterpillar, Inc. Common Stock",EQUITY,NYSE
CATF,American Century California Municipal Bond ETF,ETF,NYSE ARCA
CATG,Leverage Shares 2X Long CAT Daily ETF,ETF,BATS
CATO,Cato Corporation (The) Class A Common Stock,EQUITY,NYSE
CATX,"Perspective Therapeutics, Inc. Common Stock",EQUITY,NYSE AMERICAN
CAUG,Corgi U.S. Equities 15% Structured Buffer ETF - August Series,ETF,BATS
CAVA,"CAVA Group, Inc. Common Stock",EQUITY,NYSE
CB,Chubb Limited  Common Stock,EQUITY,NYSE
CBAN,"Colony Bankcorp, Inc. Common Stock",EQUITY,NYSE
CBIL,Corgi 3-12 Month T-Bill ETF,ETF,BATS
CBL,"CBL & Associates Properties, Inc. Common Stock",EQUITY,NYSE
CBLS,Clough Hedged Equity ETF,ETF,NYSE ARCA
CBNA,"Chain Bridge Bancorp, Inc. Class A Common Stock",EQUITY,NYSE
CBOA,Calamos Bitcoin Structured Alt Protection ETF - April,ETF,BATS
CBOE,"Cboe Global Markets, Inc. Common Stock",EQUITY,BATS
CBOJ,Calamos Bitcoin Structured Alt Protection ETF - January,ETF,BATS
CBOL,Calamos Laddered Bitcoin Structured Alt Protection ETF,ETF,BATS
CBON,VanEck China Bond ETF,ETF,NYSE ARCA
CBOO,Calamos Bitcoin Structured Alt Protection ETF - October,ETF,BATS
CBOT,Corgi Robots & Humanoids ETF,ETF,BATS
CBOX,Calamos Tax-Aware Collateral ETF,ETF,BATS
CBOY,Calamos Bitcoin Structured Alt Protection ETF - July,ETF,BATS
CBRE,CBRE Group Inc Common Stock Class A,EQUITY,NYSE
CBRG,Leverage Shares 2X Long CBRS Daily ETF,ETF,BATS
CBRX,Tradr 2X Long CBRS Daily ETF,ETF,BATS
CBRZ,Tradr 2X Short CBRS Daily ETF,ETF,BATS
CBSE,Clough Select Equity ETF,ETF,NYSE ARCA
CBT,Cabot Corporation Common Stock,EQUITY,NYSE
CBTA,Calamos Bitcoin 80 Series Structured Alt Protection ETF - April,ETF,BATS
CBTJ,Calamos Bitcoin 80 Series Structured Alt Protection ETF - January,ETF,BATS
CBTL,Calamos Laddered Bitcoin 80 Series Structured Alt Protection ETF,ETF,BATS
CBTO,Calamos Bitcoin 80 Series Structured Alt Protection ETF - October,ETF,BATS
CBTY,Calamos Bitcoin 80 Series Structured Alt Protection ETF - July,ETF,BATS
CBU,"Community Financial System, Inc. Common Stock",EQUITY,NYSE
CBXA,Calamos Bitcoin 90 Series Structured Alt Protection ETF - April,ETF,BATS
CBXJ,Calamos Bitcoin 90 Series Structured Alt Protection ETF - January,ETF,BATS
CBXL,Calamos Laddered Bitcoin 90 Series Structured Alt Protection ETF,ETF,BATS
CBXO,Calamos Bitcoin 90 Series Structured Alt Protection ETF - October,ETF,BATS
CBXY,Calamos Bitcoin 90 Series Structured Alt Protection ETF - July,ETF,BATS
CBZ,"CBIZ, Inc. Common Stock",EQUITY,NYSE
CC,Chemours Company (The) Common Stock,EQUITY,NYSE
CCEF,Calamos CEF Income & Arbitrage ETF,ETF,NYSE ARCA
CCEL,"Cryo-Cell International, Inc. Common Stock",EQUITY,NYSE AMERICAN
CCI,Crown Castle Inc. Common Stock,EQUITY,NYSE
CCIF,Carlyle Credit Income Fund Shares of Beneficial Interest,EQUITY,NYSE
CCJ,Cameco Corporation Common Stock,EQUITY,NYSE
CCK,"Crown Holdings, Inc.",EQUITY,NYSE
CCL,Carnival Corporation Ltd. Common Shares,EQUITY,NYSE
CCM,Concord Medical Services Holdings Limited American Depositary Shares (Each represents thirty (30) Class A ordinary shares),EQUITY,NYSE
CCO,"Clear Channel Outdoor Holdings, Inc. Common Stock",EQUITY,NYSE
CCOM,Simplify Chinese Commodities Strategy No K-1 ETF,ETF,NYSE ARCA
CCOR,Core Alternative ETF,ETF,NYSE ARCA
CCPX,Corgi China 2x Daily ETF,ETF,BATS
CCRP,Columbia Corporate Bond ETF,ETF,NYSE ARCA
CCS,"Century Communities, Inc. Common Stock",EQUITY,NYSE
CCU,"Compania Cervecerias Unidas, S.A. Common Stock",EQUITY,NYSE
CCUP,T-REX 2X Long CRCL Daily Target ETF,ETF,BATS
CCZ,Comcast Holdings ZONES,EQUITY,NYSE
CDE,"Coeur Mining, Inc. Common Stock",EQUITY,NYSE
CDEI,"Calvert US Large-Cap Diversity, Equity and Inclusion Index ETF",ETF,NYSE ARCA
CDLR,Cadeler A/S American Depositary Share (each representing four (4) Ordinary Shares),EQUITY,NYSE
CDNG,Leverage Shares 2X Long CDNS Daily ETF,ETF,BATS
CDP,COPT Defense Properties Common Shares of Beneficial Interest,EQUITY,NYSE
CDPI,Columbia High Dividend Premium Income ETF,ETF,NYSE ARCA
CDRE,"Cadre Holdings, Inc. Common Stock",EQUITY,NYSE
CDX,Simplify High Yield ETF,ETF,NYSE ARCA
CE,Celanese Corporation Common Stock,EQUITY,NYSE
CEE,"The Central and Eastern Europe Fund, Inc. (The) Common Stock",EQUITY,NYSE
CEFD,ETRACS Monthly Pay 1.5X Leveraged Closed-End Fund Index ETN,ETF,NYSE ARCA
CEFS,Saba Opportunistically Hedged Closed-End Funds ETF,ETF,BATS
CEFZ,RiverNorth Active Income ETF,ETF,BATS
CEGX,Tradr 2X Long CEG Daily ETF,ETF,BATS
CEMB,iShares J.P. Morgan EM Corporate Bond ETF,ETF,BATS
CEPU,Central Puerto S.A. American Depositary Shares (each represents ten Common Shares),EQUITY,NYSE
CERY,State Street SPDR Bloomberg Enhanced Roll Yield Commodity Strategy No K-1 ETF,ETF,NYSE ARCA
CET,Central Securities Corporation Common Stock,EQUITY,NYSE AMERICAN
CEV,Eaton Vance California Municipal Income Trust Shares of Beneficial Interest,EQUITY,NYSE AMERICAN
CEW,WisdomTree Emerging Currency Strategy Fund,ETF,NYSE ARCA
CF,"CF Industries Holdings, Inc. Common Stock",EQUITY,NYSE
CFG,"Citizens Financial Group, Inc. Common Stock",EQUITY,NYSE
CFIT,Cambria Fixed Income Trend ETF,ETF,BATS
CFND,C1 Fund Inc. Common Stock,EQUITY,NYSE
CFR,"Cullen/Frost Bankers, Inc. Common Stock",EQUITY,NYSE
CGAU,Centerra Gold Inc. Common Shares,EQUITY,NYSE
CGBL,Capital Group Core Balanced ETF,ETF,NYSE ARCA
CGCB,Capital Group Core Bond ETF,ETF,NYSE ARCA
CGCP,Capital Group Core Plus Income ETF,ETF,NYSE ARCA
CGCV,Capital Group Conservative Equity ETF,ETF,NYSE ARCA
CGDG,Capital Group Dividend Growers ETF,ETF,NYSE ARCA
CGDV,Capital Group Dividend Value ETF,ETF,NYSE ARCA
CGFS,CG Flagship Equity ETF,ETF,BATS
CGGE,Capital Group Global Equity ETF,ETF,NYSE ARCA
CGGG,Capital Group U.S. Large Growth ETF,ETF,NYSE ARCA
CGGO,Capital Group Global Growth Equity ETF,ETF,NYSE ARCA
CGGR,Capital Group Growth ETF,ETF,NYSE ARCA
CGHM,Capital Group Municipal High-Income ETF,ETF,NYSE ARCA
CGHY,Capital Group High Yield Bond ETF,ETF,NYSE ARCA
CGIB,Capital Group International Bond ETF (USD-Hedged),ETF,NYSE ARCA
CGIC,Capital Group International Core Equity ETF,ETF,NYSE ARCA
CGIE,Capital Group International Equity ETF,ETF,NYSE ARCA
CGMM,Capital Group U.S. Small and Mid Cap ETF,ETF,NYSE ARCA
CGMS,Capital Group U.S. Multi-Sector Income ETF,ETF,NYSE ARCA
CGMU,Capital Group Municipal Income ETF,ETF,NYSE ARCA
CGNG,Capital Group New Geography Equity ETF,ETF,NYSE ARCA
CGOV,Corgi 0-3 Month T-Bill ETF,ETF,BATS
CGRO,CoreValues Alpha Greater China Growth ETF,ETF,NYSE ARCA
CGSD,Capital Group Short Duration Income ETF,ETF,NYSE ARCA
CGSM,Capital Group Short Duration Municipal Income ETF,ETF,NYSE ARCA
CGUI,Capital Group Ultra Short Income ETF,ETF,NYSE ARCA
CGUS,Capital Group Core Equity ETF,ETF,NYSE ARCA
CGV,Conductor Global Equity Value ETF,ETF,NYSE
CGVV,Capital Group U.S. Large Value ETF,ETF,NYSE ARCA
CGW,Invesco S&P Global Water Index ETF,ETF,NYSE ARCA
CGXU,Capital Group International Focus Equity ETF,ETF,NYSE ARCA
CHAT,Roundhill Generative AI & Technology ETF,ETF,NYSE ARCA
CHAU,Direxion Daily CSI 300 China A Share Bull 2X ETF,ETF,NYSE ARCA
CHCT,Community Healthcare Trust Incorporated Common Stock,EQUITY,NYSE
CHD,"Church & Dwight Company, Inc. Common Stock",EQUITY,NYSE
CHDG,Calamos Active Hedged Equity ETF,ETF,BATS
CHE,Chemed Corp,EQUITY,NYSE
CHGG,"Chegg, Inc. Common Stock",EQUITY,NYSE
CHH,"Choice Hotels International, Inc. Common Stock",EQUITY,NYSE
CHIQ,Global X MSCI China Consumer Discretionary ETF,ETF,NYSE ARCA
CHMI,Cherry Hill Mortgage Investment Corporation Common Stock,EQUITY,NYSE
CHNL,Chainlink ETF,ETF,BATS
CHNU,2x Chainlink ETF,ETF,BATS
CHOW,ChowChow Cloud International Holdings Limited Ordinary Shares,EQUITY,NYSE AMERICAN
CHPT,"ChargePoint Holdings, Inc. Common Stock",EQUITY,NYSE
CHPY,YieldMax Semiconductor Portfolio Option Income ETF,ETF,NYSE ARCA
CHT,"Chunghwa Telecom Co., Ltd.",EQUITY,NYSE
CHWY,"Chewy, Inc. Class A Common Stock",EQUITY,NYSE
CHYG,Corgi 0-5 Year High Yield Corporate Bond ETF,ETF,BATS
CI,The Cigna Group Common Stock,EQUITY,NYSE
CIA,"Citizens, Inc. Class A Common Stock ($1.00 Par)",EQUITY,NYSE
CIEG,Leverage Shares 2X Long CIEN Daily ETF,ETF,BATS
CIEI,Corgi 3-7 Year Treasury Bond ETF,ETF,BATS
CIEN,Ciena Corporation Common Stock,EQUITY,NYSE
CIEX,Tradr 2X Long CIEN Daily ETF,ETF,BATS
CIFC,Corgi CIFR 2x Daily ETF,ETF,BATS
CIFU,T-REX 2X Long CIFR Daily Target ETF,ETF,BATS
CIG,Comp En De Mn Cemig ADS American Depositary Shares,EQUITY,NYSE
CIG-C,Comp En De Mn Cemig ADS American Depositary Receipts,EQUITY,NYSE
CII,"BlackRock Enhanced Large Cap Core Fund, Inc. Common Stock",EQUITY,NYSE
CIK,"UBS Asset Management Income Fund, Inc. Common Stock",EQUITY,NYSE AMERICAN
CIM,Chimera Investment Corporation Common Stock,EQUITY,NYSE
CINT,CI&T Inc Class A Common Shares,EQUITY,NYSE
CION,CION Investment Corporation Common Stock,EQUITY,NYSE
CIR,Corgi CRCL 2x Daily ETF,ETF,BATS
CITR,CitroTech Inc. Common Stock,EQUITY,NYSE AMERICAN
CIVG,Corgi 1-5 Year Investment Grade Corporate Bond ETF,ETF,BATS
CIX,CompX International Inc. Common Stock,EQUITY,NYSE AMERICAN
CJUL,Corgi U.S. Equities 15% Structured Buffer ETF - July Series,ETF,BATS
CJUN,Corgi U.S. Equities 15% Structured Buffer ETF - June Series,ETF,BATS
CKX,"CKX Lands, Inc. Common Stock",EQUITY,NYSE AMERICAN
CL,Colgate-Palmolive Company Common Stock,EQUITY,NYSE
CLB,Core Laboratories Inc. Common Stock,EQUITY,NYSE
CLBR,Colombier Acquisition Corp. III Class A Ordinary Shares,EQUITY,NYSE
CLCG,Crossmark Large Cap Growth ETF,ETF,NYSE ARCA
CLCV,Crossmark Large Cap Value ETF,ETF,NYSE ARCA
CLDI,"Calidi Biotherapeutics, Inc. Common Stock",EQUITY,NYSE AMERICAN
CLDT,Chatham Lodging Trust (REIT) Common Shares of Beneficial Interest,EQUITY,NYSE
CLF,Cleveland-Cliffs Inc. Common Stock,EQUITY,NYSE
CLH,"Clean Harbors, Inc. Common Stock",EQUITY,NYSE
CLIM,Climate Global - Climate Resilient REIT Index ETF,ETF,NYSE ARCA
CLIP,Global X 1-3 Month T-Bill ETF,ETF,NYSE ARCA
CLIX,ProShares Long Online/Short Stores ETF,ETF,NYSE ARCA
CLM,"Cornerstone Strategic Investment Fund, Inc. Common Shares",EQUITY,NYSE AMERICAN
CLNK,Common Shares of Beneficial Interest of Bitwise Chainlink ETF,ETF,NYSE ARCA
CLOB,VanEck AA-BB CLO ETF,ETF,NYSE ARCA
CLOC,AAM Crescent CLO ETF,ETF,NYSE ARCA
CLOI,VanEck CLO ETF,ETF,NYSE ARCA
CLOO,NYLIM Investment Grade CLO ETF,ETF,NYSE ARCA
CLOX,Eldridge AAA CLO ETF,ETF,NYSE ARCA
CLOZ,Eldridge BBB-B CLO ETF,ETF,NYSE ARCA
CLPR,Clipper Realty Inc. Common Stock,EQUITY,NYSE
CLS,"Celestica, Inc. Common Stock",EQUITY,NYSE
CLSE,Convergence Long/Short Equity ETF,ETF,BATS
CLSX,Tradr 2X Long CLSK Daily ETF,ETF,BATS
CLUB,Billionaires Club ETF,ETF,NYSE ARCA
CLVT,Clarivate Plc Ordinary Shares,EQUITY,NYSE
CLW,Clearwater Paper Corporation Common Stock,EQUITY,NYSE
CLX,Clorox Company (The) Common Stock,EQUITY,NYSE
CM,Canadian Imperial Bank of Commerce Common Stock,EQUITY,NYSE
CMAG,Corgi Mag 7 ETF,ETF,BATS
CMAY,Corgi U.S. Equities 15% Structured Buffer ETF - May Series,ETF,BATS
CMBS,iShares CMBS Bond ETF,ETF,NYSE ARCA
CMBT,CMB.TECH NV Ordinary Shares,EQUITY,NYSE
CMC,Commercial Metals Company Common Stock,EQUITY,NYSE
CMCI,VanEck CMCI Commodity Strategy ETF,ETF,BATS
CMCL,Caledonia Mining Corporation Plc Common Shares,EQUITY,NYSE AMERICAN
CMCM,"Cheetah Mobile Inc. American Depositary Shares, each representing fifty (50) Class A Ordinary Shares",EQUITY,NYSE
CMDB,Costamare Bulkers Holdings Limited Common Stock,EQUITY,NYSE
CMDT,PIMCO Commodity Strategy Active Exchange-Traded Fund,ETF,NYSE ARCA
CMDY,iShares Bloomberg Roll Select Commodity Strategy ETF,ETF,NYSE ARCA
CMF,iShares California Muni Bond ETF,ETF,NYSE ARCA
CMG,"Chipotle Mexican Grill, Inc. Common Stock",EQUITY,NYSE
CMI,Cummins Inc. Common Stock,EQUITY,NYSE
CMP,Compass Minerals Intl Inc Common Stock,EQUITY,NYSE
CMRE,Costamare Inc. Common Stock $0.0001 par value,EQUITY,NYSE
CMS,CMS Energy Corporation Common Stock,EQUITY,NYSE
CMT,Core Molding Technologies Inc Common Stock,EQUITY,NYSE AMERICAN
CMTG,"Claros Mortgage Trust, Inc. Common Stock",EQUITY,NYSE
CNA,CNA Financial Corporation Common Stock,EQUITY,NYSE
CNAV,Mohr Company Nav ETF,ETF,BATS
CNBS,Amplify Seymour Cannabis ETF,ETF,NYSE ARCA
CNC,Centene Corporation Common Stock,EQUITY,NYSE
CNEQ,Alger Concentrated Equity ETF,ETF,NYSE ARCA
CNF,"CNFinance Holdings Limited American Depositary Shares, each representing two hundred (200) Ordinary Shares",EQUITY,NYSE
CNH,CNH Industrial N.V. Common Shares,EQUITY,NYSE
CNI,Canadian National Railway Company Common Stock,EQUITY,NYSE
CNK,"Cinemark Holdings Inc Cinemark Holdings, Inc. Common Stock",EQUITY,NYSE
CNM,"Core & Main, Inc. Class A Common Stock",EQUITY,NYSE
CNMD,CONMED Corporation Common Stock,EQUITY,NYSE
CNNE,"Cannae Holdings, Inc. Common Stock",EQUITY,NYSE
CNO,"CNO Financial Group, Inc. Common Stock",EQUITY,NYSE
CNO$A,"CNO Financial Group, Inc. 5.125% Subordinated Debentures due 2060",EQUITY,NYSE
CNP,"CenterPoint Energy, Inc (Holding Co) Common Stock",EQUITY,NYSE
CNQ,Canadian Natural Resources Limited Common Stock,EQUITY,NYSE
CNR,"Core Natural Resources, Inc. Common Stock",EQUITY,NYSE
CNRG,State Street SPDR S&P Kensho Clean Power ETF,ETF,NYSE ARCA
CNS,Cohen & Steers Inc Common Stock,EQUITY,NYSE
CNX,CNX Resources Corporation Common Stock,EQUITY,NYSE
CNXT,VanEck ChiNext Innovators ETF,ETF,NYSE ARCA
CNYA,iShares MSCI China A ETF,ETF,BATS
COAL,Range Global Coal Index ETF,ETF,NYSE ARCA
CODI,D/B/A Compass Diversified Holdings Shares of Beneficial Interest,EQUITY,NYSE
COE,"51Talk Online Education Group American depositary shares, each representing 60 Class A ordinary shares",EQUITY,NYSE AMERICAN
COF,Capital One Financial Corporation Common Stock,EQUITY,NYSE
COHC,Corgi COHR 2x Daily ETF,ETF,BATS
COHH,Leverage Shares 2X Long COHR Daily ETF,ETF,BATS
COHN,Cohen & Company Inc.,EQUITY,NYSE AMERICAN
COHQ,Tradr 2X Short COHR Daily ETF,ETF,BATS
COHR,Coherent Corp. Common Stock,EQUITY,NYSE
COHX,Tradr 2X Long COHR Daily ETF,ETF,BATS
COIA,ProShares Ultra COIN,ETF,NYSE ARCA
COIW,Roundhill COIN WeeklyPay ETF,ETF,BATS
COIX,Corgi COIN 2x Daily ETF,ETF,BATS
COLD,"Americold Realty Trust, Inc. Common Stock",EQUITY,NYSE
COLO,Global X MSCI Colombia ETF,ETF,NYSE ARCA
COM,Direxion Auspice Broad Commodity Strategy ETF,ETF,NYSE ARCA
COMB,GraniteShares Bloomberg Commodity Broad Strategy No K-1 ETF,ETF,NYSE ARCA
COMD,Global X Commodity Strategy ETF,ETF,BATS
COMP,"Compass, Inc. Class A Common Stock",EQUITY,NYSE
CON,"Concentra Group Holdings Parent, Inc. Common Stock",EQUITY,NYSE
CONY,YieldMax COIN Option Income Strategy ETF,ETF,NYSE ARCA
COOK,"Traeger, Inc. Common Stock",EQUITY,NYSE
COP,ConocoPhillips Common Stock,EQUITY,NYSE
COPA,Themes Copper Miners ETF,ETF,BATS
COPL,Copley Acquisition Corp Ordinary Shares,EQUITY,NYSE
COPR,Idaho Copper Corporation Common Stock,EQUITY,NYSE AMERICAN
COPX,Global X Copper Miners ETF,ETF,NYSE ARCA
COPY,"Tweedy, Browne Insider + Value ETF",ETF,NYSE ARCA
COPZ,Defiance Daily Target 2X Long Copper Miners ETF,ETF,NYSE ARCA
COR,"Cencora, Inc. Common Stock",EQUITY,NYSE
CORB,AB Core Bond ETF,ETF,NYSE ARCA
CORD,T-REX 2X Inverse CRWV Daily Target ETF,ETF,BATS
CORN,Teucrium Corn Fund ETV,ETF,NYSE ARCA
CORP,PIMCO Investment Grade Corporate Bond Index Exchange-Traded Fund,ETF,NYSE ARCA
COSO,"CoastalSouth Bancshares, Inc. Common Stock",EQUITY,NYSE
COSW,Roundhill COST WeeklyPay ETF,ETF,BATS
COTY,Coty Inc. Class A Common Stock,EQUITY,NYSE
COUR,"Coursera, Inc. Common Stock",EQUITY,NYSE
COWZ,Pacer US Cash Cows 100 ETF,ETF,BATS
COZX,Tradr 2X Long CORZ Daily ETF,ETF,BATS
CP,Canadian Pacific Kansas City Limited Common Shares,EQUITY,NYSE
CPA,"Copa Holdings, S.A. Class A Common Stock",EQUITY,NYSE
CPAC,Cementos Pacasmayo S.A.A. American Depositary Shares (Each representing five Common Shares),EQUITY,NYSE
CPAI,Counterpoint Quantitative Equity ETF,ETF,NYSE
CPAY,"Corpay, Inc. Common Stock",EQUITY,NYSE
CPER,United States Copper Index Fund ETV,ETF,NYSE ARCA
CPF,Central Pacific Financial Corp New,EQUITY,NYSE
CPHI,"China Pharma Holdings, Inc. Common Stock",EQUITY,NYSE AMERICAN
CPII,American Beacon Ionic Inflation Protection ETF,ETF,NYSE ARCA
CPK,Chesapeake Utilities Corporation Common Stock,EQUITY,NYSE
CPLB,NYLIM MacKay Core Plus Bond ETF,ETF,NYSE ARCA
CPNG,"Coupang, Inc. Class A Common Stock",EQUITY,NYSE
CPNJ,Calamos Nasdaq - 100 Structured Alt Protection ETF -June,ETF,NYSE ARCA
CPNM,Calamos Nasdaq-100 Structured Alt Protection ETF - March,ETF,NYSE ARCA
CPNQ,Calamos Nasdaq-100 Structured Alt Protection ETF December,ETF,NYSE ARCA
CPNS,Calamos Nasdaq-100 Structured Alt Protection ETF  September,ETF,NYSE ARCA
CPNX,Tradr 2X Long CPNG Daily ETF,ETF,BATS
CPRA,Calamos Russell 2000 Structured Alt Protection ETF - April,ETF,NYSE ARCA
CPRI,Capri Holdings Limited Ordinary Shares,EQUITY,NYSE
CPRJ,Calamos Russell 2000 Structured Alt Protection ETF  July,ETF,NYSE ARCA
CPRO,Calamos Russell 2000 Structured Alt Protection ETF - October,ETF,NYSE ARCA
CPRY,Calamos Russell 2000 Structured Alt Protection ETF January,ETF,NYSE ARCA
CPS,Cooper-Standard Holdings Inc. Common Stock,EQUITY,NYSE
CPSA,Calamos S&P 500 Structured Alt Protection ETF  August,ETF,NYSE ARCA
CPSD,Calamos S&P 500 Structured Alt Protection ETF December,ETF,NYSE ARCA
CPSF,Calamos S&P 500 Structured Alt Protection ETF February,ETF,NYSE ARCA
CPSJ,Calamos S&P 500 Structured Alt Protection ETF  July,ETF,NYSE ARCA
CPSL,Calamos Laddered S&P 500 Structured Alt Protection ETF,ETF,BATS
CPSM,Calamos S&P 500 Structured Alt Protection ETF  May,ETF,NYSE ARCA
CPSN,Calamos S&P 500 Structured Alt Protection ETF November,ETF,NYSE ARCA
CPSO,Calamos S&P 500 Structured Alt Protection ETF - October,ETF,NYSE ARCA
CPSP,Calamos S&P 500 Structured Alt Protection ETF - April,ETF,NYSE ARCA
CPSR,Calamos S&P 500 Structured Alt Protection ETF - March,ETF,NYSE ARCA
CPST,Calamos S&P 500 Structured Alt Protection ETF  September,ETF,NYSE ARCA
CPSU,Calamos S&P 500 Structured Alt Protection ETF June,ETF,NYSE ARCA
CPSY,Calamos S&P 500 Structured Alt Protection ETF January,ETF,NYSE ARCA
CPT,Camden Property Trust Common Stock,EQUITY,NYSE
CPXR,USCF Daily Target 2X Copper Index ETF,ETF,NYSE ARCA
CQQQ,Invesco China Technology ETF,ETF,NYSE ARCA
CQTM,Corgi Quantum Computing ETF,ETF,BATS
CR,Crane Company Common Stock,EQUITY,NYSE
CRAK,VanEck Oil Refiners ETF,ETF,NYSE ARCA
CRBG,Corebridge Financial Inc. Common Stock,EQUITY,NYSE
CRBN,iShares Low Carbon Optimized MSCI ACWI ETF,ETF,NYSE ARCA
CRC,California Resources Corporation Common Stock,EQUITY,NYSE
CRCA,ProShares Ultra CRCL,ETF,NYSE ARCA
CRCD,T-REX 2X Inverse CRCL Daily Target ETF,ETF,BATS
CRCL,"Circle Internet Group, Inc. Class A Common Stock",EQUITY,NYSE
CRCO,YieldMax CRCL Option Income Strategy ETF,ETF,NYSE ARCA
CRD,Corgi CRDO 2x Daily ETF,ETF,BATS
CRD-A,Crawford & Company Common Stock,EQUITY,NYSE
CRD-B,Crawford & Company Common Stock,EQUITY,NYSE
CRDD,Cardano ETF,ETF,BATS
CRDT,Simplify Opportunistic Income ETF,ETF,NYSE ARCA
CRDU,Tradr 2X Long CRDO Daily ETF,ETF,BATS
CRDX,2x Cardano ETF,ETF,BATS
CRF,"Cornerstone Total Return Fund, Inc. (The) Common Stock",EQUITY,NYSE AMERICAN
CRGY,Crescent Energy Company Class A Common Stock,EQUITY,NYSE
CRH,CRH PLC Ordinary Shares,EQUITY,NYSE
CRI,"Carter's, Inc. Common Stock",EQUITY,NYSE
CRIB,Russell Investments Global Real Estate ETF,ETF,NYSE ARCA
CRK,"Comstock Resources, Inc. Common Stock",EQUITY,NYSE
CRL,"Charles River Laboratories International, Inc. Common Stock",EQUITY,NYSE
CRM,"Salesforce, Inc. Common Stock",EQUITY,NYSE
CRMX,Tradr 2X Long CRML Daily ETF,ETF,BATS
CRPT,First Trust SkyBridge Crypto Industry and Digital Economy ETF,ETF,NYSE ARCA
CRS,Carpenter Technology Corporation Common Stock,EQUITY,NYSE
CRSH,YieldMax Short TSLA Option Income Strategy ETF,ETF,NYSE ARCA
CRT,Cross Timbers Royalty Trust Common Stock,EQUITY,NYSE
CRTC,Xtrackers US National Critical Technologies ETF,ETF,NYSE ARCA
CRUC,Corgi CRUS 2x Daily ETF,ETF,BATS
CRUX,Columbia Core Bond ETF,ETF,NYSE ARCA
CRWC,Corgi CRWD 2x Daily ETF,ETF,BATS
CRWU,T-REX 2X Long CRWV Daily Target ETF,ETF,BATS
CRWX,Corgi CRWV 2x Daily ETF,ETF,BATS
CRXP,Columbia Core Plus Bond ETF,ETF,NYSE ARCA
CSD,Invesco S&P Spin-Off ETF,ETF,NYSE ARCA
CSEP,Corgi U.S. Equities 15% Structured Buffer ETF - September Series,ETF,BATS
CSEX,Tradr 2X Long CLS Daily ETF,ETF,BATS
CSHI,NEOS Enhanced Income 1-3 Month T-Bill ETF,ETF,NYSE ARCA
CSHP,iShares Dynamic Short-Term Active ETF,ETF,NYSE ARCA
CSIO,Cohen & Steers Infrastructure Opportunities Active ETF,ETF,NYSE ARCA
CSL,Carlisle Companies Incorporated Common Stock,EQUITY,NYSE
CSM,ProShares Large Cap Core Plus,ETF,BATS
CSMD,Congress SMid Growth ETF,ETF,NYSE ARCA
CSNR,Cohen & Steers Natural Resources Active ETF,ETF,NYSE ARCA
CSQR,"Csquare, Inc. Common Stock",EQUITY,NYSE
CSR,D/B/A Centerspace Common Stock,EQUITY,NYSE
CSRA,Cohen & Steers Real Assets Active ETF,ETF,NYSE ARCA
CSRE,Cohen & Steers Real Estate Active ETF,ETF,NYSE ARCA
CSTK,Invesco Comstock Contrarian Equity ETF,ETF,BATS
CSTM,Constellium SE Ordinary Shares (France),EQUITY,NYSE
CSV,"Carriage Services, Inc. Common Stock",EQUITY,NYSE
CSW,"CSW Industrials, Inc. Common Stock",EQUITY,NYSE
CTA,Simplify Managed Futures Strategy ETF,ETF,NYSE ARCA
CTAG,Calamos Timpani Active SMID Growth ETF,ETF,F
CTAP,Simplify US Equity PLUS Managed Futures Strategy ETF,ETF,NYSE ARCA
CTAU,Corgi U.S. Equities 30% Structured Buffer ETF - August Series,ETF,BATS
CTEF,Castellan Targeted Equity ETF,ETF,BATS
CTEV,Claritev Corporation Class A Common Stock,EQUITY,NYSE
CTEX,ProShares S&P Kensho Cleantech ETF,ETF,NYSE ARCA
CTGO,Contango Silver & Gold Inc. Common Stock,EQUITY,NYSE AMERICAN
CTIF,Castellan Targeted Income ETF,ETF,BATS
CTJL,Corgi U.S. Equities 30% Structured Buffer ETF - July Series,ETF,BATS
CTJN,Corgi U.S. Equities 30% Structured Buffer ETF - June Series,ETF,BATS
CTM,"Castellum, Inc. Common Stock",EQUITY,NYSE AMERICAN
CTMA,Corgi U.S. Equities 30% Structured Buffer ETF - May Series,ETF,BATS
CTO,"CTO Realty Growth, Inc. Common Stock",EQUITY,NYSE
CTOS,"Custom Truck One Source, Inc. Common Stock",EQUITY,NYSE
CTRE,"CareTrust REIT, Inc. Common Stock",EQUITY,NYSE
CTRI,"Centuri Holdings, Inc. Common Stock",EQUITY,NYSE
CTS,CTS Corporation Common Stock,EQUITY,NYSE
CTSE,Corgi U.S. Equities 30% Structured Buffer ETF - September Series,ETF,BATS
CTVA,"Corteva, Inc. Common Stock",EQUITY,NYSE
CUBE,CubeSmart Common Shares,EQUITY,NYSE
CUBI,"Customers Bancorp, Inc Common Stock",EQUITY,NYSE
CURB,Curbline Properties Corp. Common Stock,EQUITY,NYSE
CURE,Direxion Daily Healthcare Bull 3X ETF,ETF,NYSE ARCA
CURV,Torrid Holdings Inc. Common Stock,EQUITY,NYSE
CUST,Corgi 1-3 Year Treasury Bond ETF,ETF,BATS
CUT,Invesco MSCI Global Timber ETF,ETF,NYSE ARCA
CUZ,Cousins Properties Incorporated Common Stock,EQUITY,NYSE
CVAR,Cultivar ETF,ETF,BATS
CVE,Cenovus Energy Inc Common Stock,EQUITY,NYSE
CVEO,Civeo Corporation (Canada) Common Shares,EQUITY,NYSE
CVGD,CresAlta Global Dividend ETF,ETF,NYSE ARCA
CVI,CVR Energy Inc. Common Stock,EQUITY,NYSE
CVIE,Calvert International Responsible Index ETF,ETF,NYSE ARCA
CVLC,Calvert US Large-Cap Core Responsible Index ETF,ETF,NYSE ARCA
CVLG,"Covenant Logistics Group, Inc. Class A Common Stock",EQUITY,NYSE
CVM,Cel-Sci Corporation Common Stock,EQUITY,NYSE AMERICAN
CVMC,Calvert US Mid-Cap Core Responsible Index ETF,ETF,NYSE ARCA
CVNA,Carvana Co. Class A Common Stock,EQUITY,NYSE
CVNY,YieldMax CVNA Option Income Strategy ETF,ETF,NYSE ARCA
CVR,Chicago Rivet & Machine Co. Common Stock,EQUITY,NYSE AMERICAN
CVRD,Madison Covered Call ETF,ETF,NYSE ARCA
CVRT,Calamos Convertible Equity Alternative ETF,ETF,NYSE ARCA
CVS,CVS Health Corporation Common Stock,EQUITY,NYSE
CVSA,Covista Inc. Common Shares,EQUITY,NYSE
CVSB,Calvert Ultra-Short Investment Grade ETF,ETF,NYSE ARCA
CVSM,CresAlta Small and Mid-Cap ETF,ETF,NYSE ARCA
CVU,"CPI Aerostructures, Inc. Common Stock",EQUITY,NYSE AMERICAN
CVX,Chevron Corporation Common Stock,EQUITY,NYSE
CVY,Invesco Zacks Multi-Asset Income ETF,ETF,NYSE ARCA
CW,Curtiss-Wright Corporation Common Stock,EQUITY,NYSE
CWB,State Street SPDR Bloomberg Convertible Securities ETF,ETF,NYSE ARCA
CWEB,Direxion Daily CSI China Internet Index Bull 2X ETF,ETF,NYSE ARCA
CWEN,"Clearway Energy, Inc. Class C Common Stock",EQUITY,NYSE
CWH,"Camping World Holdings, Inc. Class A Common Stock",EQUITY,NYSE
CWI,State Street SPDR MSCI ACWI ex-US ETF,ETF,NYSE ARCA
CWK,Cushman & Wakefield Ltd. Common Shares,EQUITY,NYSE
CWS,AdvisorShares Focused Equity ETF,ETF,NYSE ARCA
CWT,California Water Service Group Common Stock,EQUITY,NYSE
CWVX,Tradr 2X Long CRWV Daily ETF,ETF,BATS
CX,"Cemex, S.A.B. de C.V. Sponsored ADR",EQUITY,NYSE
CXM,"Sprinklr, Inc. Class A Common Stock",EQUITY,NYSE
CXRN,Teucrium 2x Daily Corn ETF,ETF,NYSE ARCA
CXT,"Crane NXT, Co. Common Stock",EQUITY,NYSE
CXW,"CoreCivic, Inc. Common Stock",EQUITY,NYSE
CYD,China Yuchai International Limited Common Stock,EQUITY,NYSE
CYH,"Community Health Systems, Inc. Common Stock",EQUITY,NYSE
CZA,Invesco Zacks Mid-Cap ETF,ETF,NYSE ARCA
D,"Dominion Energy, Inc. Common Stock",EQUITY,NYSE
DABS,DoubleLine Asset-Backed Securities ETF,ETF,NYSE ARCA
DAC,Danaos Corporation Common Stock,EQUITY,NYSE
DACL,REX Defensive Autocallable Income ETF,ETF,NYSE ARCA
DAL,"Delta Air Lines, Inc. Common Stock",EQUITY,NYSE
DAMD,Defiance Daily Target 2X Short AMD ETF,ETF,NYSE ARCA
DAN,Dana Incorporated Common Stock,EQUITY,NYSE
DANA,Dana Limited Volatility ETF,ETF,NYSE ARCA
DAO,"Youdao, Inc. American Depositary Shares, each representing one Class A Ordinary Share",EQUITY,NYSE
DAPR,FT Vest U.S. Equity Deep Buffer ETF - April,ETF,BATS
DAR,Darling Ingredients Inc. Common Stock,EQUITY,NYSE
DARP,Grizzle Growth ETF,ETF,NYSE ARCA
DAT,ProShares Big Data Refiners ETF,ETF,NYSE ARCA
DAUG,FT Vest U.S. Equity Deep Buffer ETF - August,ETF,BATS
DAVA,Endava plc American Depositary Shares (each representing one Class A Ordinary Share),EQUITY,NYSE
DB,Deutsche Bank AG Common Stock,EQUITY,NYSE
DBA,Invesco DB Agriculture Fund,ETF,NYSE ARCA
DBAW,Xtrackers MSCI All World ex US Hedged Equity ETF,ETF,NYSE ARCA
DBB,Invesco DB Base Metals Fund,ETF,NYSE ARCA
DBC,Invesco DB Commodity Index Tracking Fund,ETF,NYSE ARCA
DBD,Diebold Nixdorf Incorporated Common stock,EQUITY,NYSE
DBE,Invesco DB Energy Fund,ETF,NYSE ARCA
DBEF,Xtrackers MSCI EAFE Hedged Equity ETF,ETF,NYSE ARCA
DBEM,Xtrackers MSCI Emerging Markets Hedged Equity ETF,ETF,NYSE ARCA
DBEU,Xtrackers MSCI Europe Hedged Equity ETF,ETF,NYSE ARCA
DBEZ,Xtrackers MSCI Eurozone Hedged Equity ETF,ETF,NYSE ARCA
DBI,Designer Brands Inc. Class A Common Stock,EQUITY,NYSE
DBJP,Xtrackers MSCI Japan Hedged Equity ETF,ETF,NYSE ARCA
DBL,DoubleLine Opportunistic Credit Fund Common Shares of Beneficial Interest,EQUITY,NYSE
DBMF,iMGP DBi Managed Futures Strategy ETF,ETF,NYSE ARCA
DBND,DoubleLine Opportunistic Core Bond ETF,ETF,NYSE ARCA
DBO,Invesco DB Oil Fund,ETF,NYSE ARCA
DBP,Invesco DB Precious Metals Fund,ETF,NYSE ARCA
DBRG,"DigitalBridge Group, Inc.",EQUITY,NYSE
DBRG$H,"DigitalBridge Group, Inc. 7.125% Series H",EQUITY,NYSE
DBRG$I,"DigitalBridge Group, Inc. 7.15% Series I",EQUITY,NYSE
DBRG$J,"DigitalBridge Group, Inc. 7.125% Series J",EQUITY,NYSE
DC,Dakota Gold Corp. Common Stock,EQUITY,NYSE AMERICAN
DCH,Dauch Corporation Common Stock,EQUITY,NYSE
DCI,"Donaldson Company, Inc. Common Stock",EQUITY,NYSE
DCMT,DoubleLine Commodity Strategy ETF,ETF,NYSE ARCA
DCO,Ducommun Incorporated Common Stock,EQUITY,NYSE
DCOM,"Dime Commercial Bancshares, Inc. Common Stock",EQUITY,NYSE
DCOR,Dimensional US Core Equity 1 ETF,ETF,NYSE ARCA
DCRE,DoubleLine Commercial Real Estate Debt ETF,ETF,NYSE ARCA
DD,"DuPont de Nemours, Inc. Common Stock",EQUITY,NYSE
DDC,DDC Enterprise Limited Class A Ordinary Shares,EQUITY,NYSE AMERICAN
DDD,3D Systems Corporation Common Stock,EQUITY,NYSE
DDDD,YieldMax U.S. Stocks Target Double Distribution ETF,ETF,NYSE ARCA
DDEC,FT Vest U.S. Equity Deep Buffer ETF - December,ETF,BATS
DDFA,Innovator Equity Dual Directional 15 Buffer ETF - April,ETF,BATS
DDFD,Innovator Equity Dual Directional 15 Buffer ETF - December,ETF,BATS
DDFF,Innovator Equity Dual Directional 15 Buffer ETF - February,ETF,BATS
DDFG,Innovator Equity Dual Directional 15 Buffer ETF - August,ETF,BATS
DDFJ,Innovator Equity Dual Directional 15 Buffer ETF - January,ETF,BATS
DDFL,Innovator Equity Dual Directional 15 Buffer ETF - July,ETF,BATS
DDFM,Innovator Equity Dual Directional 15 Buffer ETF - March,ETF,BATS
DDFN,Innovator Equity Dual Directional 15 Buffer ETF - November,ETF,BATS
DDFO,Innovator Equity Dual Directional 15 Buffer ETF - October,ETF,BATS
DDFS,Innovator Equity Dual Directional 15 Buffer ETF - September,ETF,BATS
DDFY,Innovator Equity Dual Directional 15 Buffer ETF - May,ETF,BATS
DDFZ,Innovator Equity Dual Directional 15 Buffer ETF - June,ETF,BATS
DDL,Dingdong (Cayman) Limited American Depositary Shares (each two representing three Ordinary Shares),EQUITY,NYSE
DDLS,WisdomTree Dynamic International SmallCap Equity Fund,ETF,BATS
DDM,ProShares Ultra Dow30,ETF,NYSE ARCA
DDNQ,Innovator Growth-100 Dual Directional 5 Buffer ETF - Quarterly,ETF,BATS
DDS,"Dillard's, Inc. Common Stock",EQUITY,NYSE
DDSQ,Innovator Equity Dual Directional 5 Buffer ETF - Quarterly,ETF,BATS
DDT,Dillard's Capital Trust I,EQUITY,NYSE
DDTA,Innovator Equity Dual Directional 10 Buffer ETF - April,ETF,BATS
DDTD,Innovator Equity Dual Directional 10 Buffer ETF - December,ETF,BATS
DDTF,Innovator Equity Dual Directional 10 Buffer ETF - February,ETF,BATS
DDTG,Innovator Equity Dual Directional 10 Buffer ETF - August,ETF,BATS
DDTJ,Innovator Equity Dual Directional 10 Buffer ETF - January,ETF,BATS
DDTL,Innovator Equity Dual Directional 10 Buffer ETF - July,ETF,BATS
DDTM,Innovator Equity Dual Directional 10 Buffer ETF - March,ETF,BATS
DDTN,Innovator Equity Dual Directional 10 Buffer ETF - November,ETF,BATS
DDTO,Innovator Equity Dual Directional 10 Buffer ETF - October,ETF,BATS
DDTS,Innovator Equity Dual Directional 10 Buffer ETF - September,ETF,BATS
DDTY,Innovator Equity Dual Directional 10 Buffer ETF - May,ETF,BATS
DDTZ,Innovator Equity Dual Directional 10 Buffer ETF - June,ETF,BATS
DDV,Defined Duration 5 ETF,ETF,BATS
DDWM,WisdomTree Dynamic International Equity Fund,ETF,BATS
DDX,Defined Duration 10 ETF,ETF,BATS
DDXX,Defined Duration 20 ETF,ETF,BATS
DE,Deere & Company Common Stock,EQUITY,NYSE
DEA,"Easterly Government Properties, Inc. Common Stock",EQUITY,NYSE
DEC,Diversified Energy Company Common Stock,EQUITY,NYSE
DECK,Deckers Outdoor Corporation Common Stock,EQUITY,NYSE
DECM,FT Vest U.S. Equity Max Buffer ETF - December,ETF,BATS
DECP,PGIM S&P 500 Buffer 12 ETF - December,ETF,BATS
DECT,AllianzIM U.S. Large Cap Buffer10 Dec ETF,ETF,BATS
DECU,AllianzIM U.S. Equity Buffer15 Uncapped Dec ETF,ETF,BATS
DECW,AllianzIM U.S. Large Cap Buffer20 Dec ETF,ETF,BATS
DECZ,TrueShares Structured Outcome (December) ETF,ETF,BATS
DEED,First Trust Securitized Plus ETF,ETF,NYSE ARCA
DEEF,Xtrackers FTSE Developed ex US Multifactor ETF,ETF,NYSE ARCA
DEEP,Acquirers Small and Micro Deep Value ETF,ETF,NYSE ARCA
DEFR,Aptus Deferred Income ETF,ETF,BATS
DEHP,Dimensional Emerging Markets High Profitability ETF,ETF,NYSE ARCA
DEI,"Douglas Emmett, Inc. Common Stock",EQUITY,NYSE
DELL,Dell Technologies Inc. Class C Common Stock,EQUITY,NYSE
DEM,WisdomTree Emerging Markets High Dividend Fund,ETF,NYSE ARCA
DEO,Diageo plc Common Stock,EQUITY,NYSE
DEPW,Google DeepMind AI Lab Ecosystem ETF,ETF,NYSE ARCA
DES,WisdomTree U.S. SmallCap Dividend Fund,ETF,NYSE ARCA
DESK,VanEck Office and Commercial REIT ETF,ETF,NYSE ARCA
DEUS,Xtrackers Russell US Multifactor ETF,ETF,NYSE ARCA
DEW,WisdomTree Global High Dividend Fund,ETF,NYSE ARCA
DEXC,Dimensional Emerging Markets ex China Core Equity ETF,ETF,NYSE ARCA
DFAC,Dimensional U.S. Core Equity 2 ETF,ETF,NYSE ARCA
DFAE,Dimensional Emerging Core Equity Market ETF,ETF,NYSE ARCA
DFAI,Dimensional International Core Equity Market ETF,ETF,NYSE ARCA
DFAL,Dimensional US Large Cap Core Equity Market ETF,ETF,BATS
DFAR,Dimensional US Real Estate ETF,ETF,NYSE ARCA
DFAS,Dimensional U.S. Small Cap ETF,ETF,NYSE ARCA
DFAT,Dimensional U.S. Targeted Value ETF,ETF,NYSE ARCA
DFAU,Dimensional US Core Equity Market ETF,ETF,NYSE ARCA
DFAW,Dimensional World Equity ETF,ETF,NYSE ARCA
DFAX,Dimensional World ex U.S. Core Equity 2 ETF,ETF,NYSE ARCA
DFCA,Dimensional California Municipal Bond ETF,ETF,NYSE ARCA
DFCF,Dimensional Core Fixed Income ETF,ETF,NYSE ARCA
DFE,WisdomTree Europe SmallCap Dividend Fund,ETF,NYSE ARCA
DFEB,FT Vest U.S. Equity Deep Buffer ETF - February,ETF,BATS
DFEM,Dimensional Emerging Markets Core Equity 2 ETF,ETF,NYSE ARCA
DFEN,Direxion Daily Aerospace & Defense Bull 3X ETF,ETF,NYSE ARCA
DFEV,Dimensional Emerging Markets Value ETF,ETF,NYSE ARCA
DFGR,Dimensional Global Real Estate ETF,ETF,NYSE ARCA
DFH,"Dream Finders Homes, Inc. Class A Common Stock",EQUITY,NYSE
DFIC,Dimensional International Core Equity 2 ETF,ETF,BATS
DFII,FT Vest Bitcoin Strategy & Target Income ETF,ETF,NYSE ARCA
DFIN,"Donnelley Financial Solutions, Inc. Common Stock",EQUITY,NYSE
DFIP,Dimensional Inflation-Protected Securities ETF,ETF,NYSE ARCA
DFIS,Dimensional International Small Cap ETF,ETF,BATS
DFIV,Dimensional International Value ETF,ETF,NYSE ARCA
DFJ,WisdomTree Japan SmallCap Fund,ETF,NYSE ARCA
DFLV,Dimensional US Large Cap Value ETF,ETF,NYSE ARCA
DFMC,U.S. Micro Cap Portfolio: ETF Class Shares,ETF,NYSE ARCA
DFNL,Davis Select Financial ETF,ETF,BATS
DFNM,Dimensional National Municipal Bond ETF,ETF,NYSE ARCA
DFSB,Dimensional Global Sustainability Fixed Income ETF,ETF,NYSE ARCA
DFSD,Dimensional Short-Duration Fixed Income ETF,ETF,NYSE ARCA
DFSE,Dimensional Emerging Markets Sustainability Core 1 ETF,ETF,NYSE ARCA
DFSI,Dimensional International Sustainability Core 1 ETF,ETF,NYSE ARCA
DFSU,Dimensional US Sustainability Core 1 ETF,ETF,NYSE ARCA
DFSV,Dimensional US Small Cap Value ETF,ETF,NYSE ARCA
DFTT,DF Tactical 30 ETF,ETF,NYSE ARCA
DFUS,Dimensional U.S. Equity Market ETF,ETF,NYSE ARCA
DFUV,Dimensional US Marketwide Value ETF,ETF,NYSE ARCA
DFVE,DoubleLine Fortune 500 Equal Weight ETF,ETF,NYSE ARCA
DFVX,Dimensional US Large Cap Vector ETF,ETF,NYSE ARCA
DG,Dollar General Corporation Common Stock,EQUITY,NYSE
DGAC,Disciplined Growth Acquisition Corporation Class A Ordinary Shares,EQUITY,NYSE
DGAP,FT Vest U.S. Equity Buffer & Digital Return ETF - April,ETF,BATS
DGIN,VanEck Digital India ETF,ETF,NYSE ARCA
DGJA,FT Vest U.S. Equity Buffer & Digital Return ETF - January,ETF,BATS
DGJL,FT Vest U.S. Equity Buffer & Digital Return ETF - July,ETF,BATS
DGOC,FT Vest U.S. Equity Buffer & Digital Return ETF - October,ETF,BATS
DGP,"DB Gold Double Long ETN due February 15, 2038",EQUITY,NYSE ARCA
DGRO,iShares Core Dividend Growth ETF,ETF,NYSE ARCA
DGS,WisdomTree Emerging Market SmallCap Fund,ETF,NYSE ARCA
DGT,State Street SPDR Global Dow ETF,ETF,NYSE ARCA
DGX,Quest Diagnostics Incorporated Common Stock,EQUITY,NYSE
DGZ,"DB Gold Short ETN due February 15, 2038",EQUITY,NYSE ARCA
DHDG,FT Vest U.S. Equity Quarterly 2.5 to 15 Buffer ETF,ETF,BATS
DHF,BNY Mellon High Yield Strategies Fund Common Stock,EQUITY,NYSE
DHI,"D.R. Horton, Inc. Common Stock",EQUITY,NYSE
DHLX,Diamond Hill Large Cap Concentrated ETF,ETF,NYSE ARCA
DHR,Danaher Corporation Common Stock,EQUITY,NYSE
DHS,WisdomTree U.S. High Dividend Fund,ETF,NYSE ARCA
DHSB,Day Hagan Smart Buffer ETF,ETF,NYSE ARCA
DHT,"DHT Holdings, Inc.",EQUITY,NYSE
DHX,"DHI Group, Inc. Common Stock",EQUITY,NYSE
DHY,UBS Asset Management High Yield Credit Fund Common Stock,EQUITY,NYSE AMERICAN
DIA,State Street SPDR Dow Jones Industrial Average ETF Trust,ETF,NYSE ARCA
DIAL,Columbia Diversified Fixed Income Allocation ETF,ETF,NYSE ARCA
DICE,Tema Trading & Prediction Markets ETF,ETF,BATS
DIEM,Franklin Emerging Market Core Dividend Tilt Index ETF,ETF,NYSE ARCA
DIG,ProShares Ultra Energy,ETF,NYSE ARCA
DIHP,Dimensional International High Profitability ETF,ETF,BATS
DIM,WisdomTree International MidCap Dividend Fund,ETF,NYSE ARCA
DIN,"Dine Brands Global, Inc. Common Stock",EQUITY,NYSE
DINO,HF Sinclair Corporation Common Stock,EQUITY,NYSE
DINT,Davis Select International ETF,ETF,BATS
DIPR,Corgi Space & Satellite Communications ETF,ETF,BATS
DIPS,YieldMax Short NVDA Option Income Strategy ETF,ETF,NYSE ARCA
DIS,Walt Disney Company (The) Common Stock,EQUITY,NYSE
DISK,Tema Memory ETF,ETF,NYSE ARCA
DISV,Dimensional International Small Cap Value ETF,ETF,BATS
DIT,AMCON Distributing Company Common Stock,EQUITY,NYSE AMERICAN
DIV,Global X Super Dividend ETF,ETF,NYSE ARCA
DIVB,iShares Core Dividend ETF,ETF,BATS
DIVE,Dana Concentrated Dividend ETF,ETF,NYSE ARCA
DIVG,Invesco S&P 500 High Dividend Growers ETF,ETF,NYSE ARCA
DIVH,Integrity Dividend Harvest ETF,ETF,NYSE ARCA
DIVI,Franklin International Core Dividend Tilt Index ETF,ETF,NYSE ARCA
DIVL,Madison Dividend Value ETF,ETF,NYSE ARCA
DIVN,Horizon Dividend Income ETF,ETF,BATS
DIVO,Amplify CWP Enhanced Dividend Income ETF,ETF,NYSE ARCA
DIVP,Cullen Enhanced Equity Income ETF,ETF,NYSE ARCA
DIVS,Guinness Atkinson Dividend Builder ETF,ETF,NYSE ARCA
DIVY,Sound Equity Dividend Income ETF,ETF,NYSE
DIVZ,Polen Dividend Income ETF,ETF,NYSE ARCA
DJAN,FT Vest U.S. Equity Deep Buffer ETF - January,ETF,BATS
DJD,Invesco Dow Jones Industrial Average Dividend ETF,ETF,NYSE ARCA
DJIA,Global X Dow 30 Covered Call ETF,ETF,NYSE ARCA
DJP,iPath Bloomberg Commodity Index Total Return ETN,EQUITY,NYSE ARCA
DJTU,T-REX 2X Long DJT Daily Target ETF,ETF,BATS
DJUL,FT Vest U.S. Equity Deep Buffer ETF - July,ETF,BATS
DJUN,FT Vest U.S. Equity Deep Buffer ETF - June,ETF,BATS
DK,"Delek US Holdings, Inc. Common Stock",EQUITY,NYSE
DKS,Dick's Sporting Goods Inc Common Stock,EQUITY,NYSE
DLAG,FT Vest U.S. Equity Dual Directional Buffer ETF - August,ETF,BATS
DLB,Dolby Laboratories Common Stock,EQUITY,NYSE
DLFE,FT Vest U.S. Equity Dual Directional Buffer ETF - February,ETF,BATS
DLMY,FT Vest U.S. Equity Dual Directional Buffer ETF - May,ETF,BATS
DLN,WisdomTree U.S. LargeCap Dividend Fund,ETF,NYSE ARCA
DLNV,FT Vest U.S. Equity Dual Directional Buffer ETF - November,ETF,BATS
DLR,"Digital Realty Trust, Inc. Common Stock",EQUITY,NYSE
DLS,WisdomTree International SmallCap Fund,ETF,NYSE ARCA
DLUX,DoubleLine Ultrashort Income ETF,ETF,NYSE ARCA
DLX,Deluxe Corporation Common Stock,EQUITY,NYSE
DLY,DoubleLine Yield Opportunities Fund Common Shares of Beneficial Interest,EQUITY,NYSE
DMA,Destra Multi-Alternative Fund Common Stock,EQUITY,NYSE
DMAR,FT Vest U.S. Equity Deep Buffer ETF - March,ETF,BATS
DMAX,iShares Large Cap Max Buffer Dec ETF,ETF,BATS
DMAY,FT Vest U.S. Equity Deep Buffer ETF - May,ETF,BATS
DMB,"BNY Mellon Municipal Bond Infrastructure Fund, Inc. Common Stock",EQUITY,NYSE
DMBS,DoubleLine Mortgage ETF,ETF,NYSE ARCA
DMC,Del Monte Corporation Ordinary Shares,EQUITY,NYSE
DMO,Western Asset Mortgage Opportunity Fund Inc. Common Stock,EQUITY,NYSE
DMX,DoubleLine Multi-Sector Income ETF,ETF,NYSE ARCA
DMXU,Xtrackers Bloomberg Developed Markets ex US Equity ETF,ETF,NYSE ARCA
DNA,"Ginkgo Bioworks Holdings, Inc. Class A Common Stock",EQUITY,NYSE
DNL,WisdomTree Global ex-U.S. Quality Growth Fund,ETF,NYSE ARCA
DNN,Denison Mines Corp Ordinary Shares (Canada),EQUITY,NYSE AMERICAN
DNOV,FT Vest U.S. Equity Deep Buffer ETF - November,ETF,BATS
DNOW,DNOW Inc. Common Stock,EQUITY,NYSE
DNP,"DNP Select Income Fund, Inc. Common Stock",EQUITY,NYSE
DOC,"Healthpeak Properties, Inc. Common Stock",EQUITY,NYSE
DOCK,"Corgi Ports, Rail & Freight ETF",ETF,BATS
DOCN,"DigitalOcean Holdings, Inc. Common Stock",EQUITY,NYSE
DOCS,"Doximity, Inc. Class A Common Stock",EQUITY,NYSE
DOCT,FT Vest U.S. Equity Deep Buffer ETF - October,ETF,BATS
DOG,ProShares Short Dow30,ETF,NYSE ARCA
DOGG,FT Vest DJIA Dogs 10 Target Income ETF,ETF,BATS
DOJE,REX-Osprey DOGE ETF,ETF,BATS
DOL,WisdomTree True Developed International Fund,ETF,NYSE ARCA
DOLE,Dole plc Ordinary Shares,EQUITY,NYSE
DON,WisdomTree U.S. MidCap Dividend Fund,ETF,NYSE ARCA
DOUG,Douglas Elliman Inc. Common Stock,EQUITY,NYSE
DOV,Dover Corporation Common Stock,EQUITY,NYSE
DOW,Dow Inc. Common Stock,EQUITY,NYSE
DPC,DPC Holdings PLC Ordinary Shares,EQUITY,NYSE
DPG,Duff & Phelps Utility and Infrastructure Fund Inc.,EQUITY,NYSE
DPRE,Virtus Duff & Phelps Real Estate Income ETF,ETF,NYSE ARCA
DPST,Direxion Daily Regional Banks Bull 3X ETF,ETF,NYSE ARCA
DQ,"DAQO New Energy Corp. American Depositary Shares, each representing five ordinary shares",EQUITY,NYSE
DQJN,FT Vest Nasdaq-100 Dual Directional Buffer ETF - June,ETF,BATS
DQSE,FT Vest Nasdaq-100 Dual Directional Buffer ETF - September,ETF,BATS
DRAI,Draco Evolution AI ETF,ETF,NYSE ARCA
DRAL,Defiance Daily Target 2X Long DRAM ETF,ETF,BATS
DRAM,Roundhill Memory ETF,ETF,BATS
DRAY,YieldMax DKNG Option Income Strategy ETF,ETF,NYSE ARCA
DRD,DRDGOLD Limited American Depositary Shares,EQUITY,NYSE
DRES,GMO Domestic Resilience ETF,ETF,NYSE ARCA
DRGN,Themes China Generative Artificial Intelligence ETF,ETF,BATS
DRI,"Darden Restaurants, Inc. Common Stock",EQUITY,NYSE
DRIP,Direxion Daily S&P Oil & Gas Exp. & Prod. Bear 2X ETF,ETF,NYSE ARCA
DRKY,VistaShares Target 15 DRUKMacro Distribution ETF,ETF,NYSE ARCA
DRLL,Strive U.S. Energy ETF,ETF,NYSE
DRMP,Tuttle Capital Memory Stack Income Blast ETF,ETF,BATS
DRMY,XFUNDS Memory Income ETF,ETF,NYSE ARCA
DRN,Direxion Daily Real Estate Bull 3X ETF,ETF,NYSE ARCA
DRSK,Aptus Defined Risk ETF,ETF,BATS
DRUP,GraniteShares Nasdaq Select Disruptors ETF,ETF,NYSE ARCA
DRV,Direxion Daily Real Estate Bear 3X ETF,ETF,NYSE ARCA
DRVR,Amplify S&P 500 Dividend Drivers ETF,ETF,NYSE ARCA
DSCO,DoubleLine Securitized Credit ETF,ETF,NYSE ARCA
DSEP,FT Vest U.S. Equity Deep Buffer ETF - September,ETF,BATS
DSI,iShares ESG MSCI KLD 400 ETF,ETF,NYSE ARCA
DSL,DoubleLine Income Solutions Fund Common Shares of Beneficial Interests,EQUITY,NYSE
DSM,"BNY Mellon Strategic Municipal Bond Fund, Inc. Common Stock",EQUITY,NYSE
DSMC,Distillate Small/Mid Cash Flow ETF,ETF,NYSE
DSPC,Leverage Shares 1X Short SPCX Daily ETF,ETF,BATS
DSPY,Tema S&P 500 Historical Weight ETF Strategy,ETF,NYSE ARCA
DSS,"DSS, Inc. Common Stock",EQUITY,NYSE AMERICAN
DSTL,Distillate U.S. Fundamental Stability & Value ETF,ETF,NYSE ARCA
DSTX,Distillate International Fundamental Stability & Value ETF,ETF,NYSE
DSU,"Blackrock Debt Strategies Fund, Inc. Common Stock",EQUITY,NYSE
DSX,Diana Shipping inc. common stock,EQUITY,NYSE
DT,"Dynatrace, Inc. Common Stock",EQUITY,NYSE
DTAN,Sparkline International Intangible Value ETF,ETF,NYSE ARCA
DTB,DTE Energy Company 2020 Series G 4.375% Junior Subordinated Debentures due 2080,EQUITY,NYSE
DTD,WisdomTree U.S. Total Dividend Fund,ETF,NYSE ARCA
DTE,DTE Energy Company Common Stock,EQUITY,NYSE
DTEC,ALPS Disruptive Technologies ETF,ETF,NYSE ARCA
DTF,DTF Tax-Free Income 2028 Term Fund Inc. Common Stock,EQUITY,NYSE
DTG,DTE Energy Company 2021 Series E 4.375% Junior Subordinated Debentures,EQUITY,NYSE
DTH,WisdomTree International High Dividend Fund,ETF,NYSE ARCA
DTK,DTE Energy Company 2025 Series H 6.25% Junior Subordinated Debentures due 2085,EQUITY,NYSE
DTM,"DT Midstream, Inc. Common Stock",EQUITY,NYSE
DTRE,First Trust Alerian Disruptive Technology Real Estate ETF,ETF,NYSE ARCA
DTW,DTE Energy Company 2017 Series E 5.25% Junior Subordinated Debentures due 2077,EQUITY,NYSE
DUBS,Aptus Large Cap Enhanced Yield ETF,ETF,BATS
DUG,ProShares UltraShort Energy,ETF,NYSE ARCA
DUHP,Dimensional US High Profitability ETF,ETF,NYSE ARCA
DUK,Duke Energy Corporation (Holding Company) Common Stock,EQUITY,NYSE
DUKB,Duke Energy Corporation 5.625% Junior Subordinated Debentures due 2078,EQUITY,NYSE
DUKQ,Ocean Park Domestic ETF,ETF,NYSE ARCA
DUKZ,Ocean Park Diversified Income ETF,ETF,NYSE ARCA
DULL,"MicroSectors Gold -3X Inverse Leveraged ETNs due January 29, 2043",ETF,NYSE ARCA
DUNK,Dana Unconstrained Equity ETF,ETF,NYSE ARCA
DURA,VanEck Durable High Dividend ETF,ETF,BATS
DUSA,Davis Select U.S. Equity ETF,ETF,BATS
DUSB,Dimensional Ultrashort Fixed Income ETF,ETF,NYSE ARCA
DUSL,Direxion Daily Industrials Bull 3X ETF,ETF,NYSE ARCA
DUST,Direxion Daily Gold Miners Index Bear 2X ETF,ETF,NYSE ARCA
DUTY,U.S. Defense ETF,ETF,NYSE ARCA
DV,"DoubleVerify Holdings, Inc. Common Stock",EQUITY,NYSE
DVA,DaVita Inc. Common Stock,EQUITY,NYSE
DVDN,Kingsbarn Dividend Opportunity ETF,ETF,NYSE ARCA
DVN,Devon Energy Corporation Common Stock,EQUITY,NYSE
DVND,Touchstone Dividend Select ETF,ETF,NYSE ARCA
DVVY,Invesco Diversified Dividend Opportunities ETF,ETF,BATS
DVYA,iShares Asia / Pacific Dividend 30 Index Fund Exchange Traded Fund,ETF,NYSE ARCA
DVYE,iShares Emerging Markets Dividend Index Fund Exchange Traded Fund,ETF,NYSE ARCA
DWLD,Davis Select Worldwide ETF,ETF,BATS
DWM,WisdomTree International Equity Fund,ETF,NYSE ARCA
DWMF,WisdomTree International Multifactor Fund,ETF,NYSE ARCA
DWWN,Principal Long Duration ETF,ETF,BATS
DWX,State Street SPDR S&P International Dividend ETF,ETF,NYSE ARCA
DX,"Dynex Capital, Inc. Common Stock",EQUITY,NYSE
DXC,DXC Technology Company Common Stock,EQUITY,NYSE
DXD,ProShares UltraShort Dow30,ETF,NYSE ARCA
DXF,"Eason Technology Limited American Depositary Shares (each representing sixty-thousand (60,000) Ordinary Shares)",EQUITY,NYSE AMERICAN
DXIV,Dimensional International Vector Equity ETF,ETF,NYSE ARCA
DXJ,WisdomTree Japan Hedged Equity Fund,ETF,NYSE ARCA
DXUV,Dimensional US Vector Equity ETF,ETF,NYSE ARCA
DXYZ,Destiny Tech100 Inc. Common Stock,EQUITY,NYSE
DY,"Dycom Industries, Inc. Common Stock",EQUITY,NYSE
DYLD,LeaderShares Dynamic Yield ETF,ETF,NYSE ARCA
DYLG,Global X Dow 30 Covered Call & Growth ETF,ETF,NYSE ARCA
DYNF,iShares U.S. Equity Factor Rotation Active ETF,ETF,NYSE ARCA
DZZ,"DB Gold Double Short ETN due February 15, 2038",EQUITY,NYSE ARCA
E,ENI S.p.A. Common Stock,EQUITY,NYSE
EAD,Allspring Income Opportunities Fund Common Shares,EQUITY,NYSE AMERICAN
EAF,GrafTech International Ltd. Common Stock,EQUITY,NYSE
EAFG,Pacer Developed Markets Cash Cows Growth Leaders ETF,ETF,NYSE ARCA
EAGG,iShares ESG Aware U.S. Aggregate Bond ETF,ETF,NYSE ARCA
EAGL,Eagle Capital Select Equity ETF,ETF,NYSE ARCA
EAI,"Entergy Arkansas, LLC First Mortgage Bonds, 4.875% Series Due September 1, 2066",EQUITY,NYSE
EALT,Innovator U.S. Equity 5 to 15 Buffer ETF - Quarterly,ETF,BATS
EAPR,Innovator Emerging Markets Power Buffer ETF April,ETF,NYSE ARCA
EARN,Ellington Credit Company Common Shares of Beneficial Interest,EQUITY,NYSE
EAT,"Brinker International, Inc. Common Stock",EQUITY,NYSE
EBF,"Ennis, Inc. Common Stock",EQUITY,NYSE
EBIT,Harbor AlphaEdge Small Cap Earners ETF,ETF,NYSE ARCA
EBND,State Street SPDR Bloomberg Emerging Markets Local Bond ETF,ETF,NYSE ARCA
EBS,Emergent BioSolutions Inc. Common Stock,EQUITY,NYSE
EBUF,Innovator Emerging Markets 10 Buffer ETF - Quarterly,ETF,NYSE ARCA
EC,Ecopetrol S.A. American Depositary Shares,EQUITY,NYSE
ECAT,BlackRock ESG Capital Allocation Term Trust Common Shares of Beneficial Interest,EQUITY,NYSE
ECC,Eagle Point Credit Company Common Share of Beneficial Interest,EQUITY,NYSE
ECF,Ellsworth Growth and Income Fund Ltd.,EQUITY,NYSE AMERICAN
ECG,"Everus Construction Group, Inc. Common Stock",EQUITY,NYSE
ECH,iShares MSCI Chile ETF,ETF,BATS
ECL,Ecolab Inc. Common Stock,EQUITY,NYSE
ECML,Euclidean Fundamental Value ETF,ETF,NYSE ARCA
ECNS,iShares MSCI China Small-Cap ETF,ETF,NYSE ARCA
ECO,Okeanis Eco Tankers Corp. Common Stock,EQUITY,NYSE
ECON,Columbia Research Enhanced Emerging Economies ETF,ETF,NYSE ARCA
ECVT,Ecovyst Inc. Common Stock,EQUITY,NYSE
ED,"Consolidated Edison, Inc. Common Stock",EQUITY,NYSE
EDC,Direxion Emerging Markets Bull 3X ETF,ETF,NYSE ARCA
EDD,"Morgan Stanley Emerging Markets Domestic Debt Fund, Inc. Common Stock",EQUITY,NYSE
EDEN,iShares MSCI Denmark ETF,ETF,BATS
EDF,Virtus Stone Harbor Emerging Markets Income Fund Common Shares of Beneficial Interest,EQUITY,NYSE
EDGE,MRBL Enhanced Equity ETF,ETF,BATS
EDGF,3EDGE Dynamic Fixed Income ETF,ETF,NYSE ARCA
EDGH,3EDGE Dynamic Hard Assets ETF,ETF,NYSE ARCA
EDGI,3EDGE Dynamic International Equity ETF,ETF,NYSE ARCA
EDGQ,Global X Nasdaq-100 Income Edge ETF,ETF,NYSE ARCA
EDGU,3EDGE Dynamic US Equity ETF,ETF,NYSE ARCA
EDGX,Global X U.S. 500 Income Edge ETF,ETF,NYSE ARCA
EDIV,State Street SPDR S&P Emerging Markets Dividend ETF,ETF,NYSE ARCA
EDN,Empresa Distribuidora Y Comercializadora Norte S.A. (Edenor) American Depositary Shares,EQUITY,NYSE
EDOG,ALPS Emerging Sector Dividend Dogs ETF,ETF,NYSE ARCA
EDOW,First Trust Dow 30 Equal Weight ETF,ETF,NYSE ARCA
EDU,"New Oriental Education & Technology Group, Inc. Sponsored ADR representing 10 Ordinary Share (Cayman Islands)",EQUITY,NYSE
EDV,Vanguard Extended Duration Treasury ETF,ETF,NYSE ARCA
EDVA,"Endovia Health Sciences, Inc. Common Stock",EQUITY,NYSE AMERICAN
EDZ,Direxion Emerging Markets Bear 3X ETF,ETF,NYSE ARCA
EE,"Excelerate Energy, Inc. Class A Common Stock",EQUITY,NYSE
EEA,"The European Equity Fund, Inc. Common Stock",EQUITY,NYSE
EELV,Invesco S&P Emerging Markets Low Volatility ETF,ETF,NYSE ARCA
EEM,iShares MSCI Emerging Index Fund,ETF,NYSE ARCA
EEMO,Invesco S&P Emerging Markets Momentum ETF,ETF,NYSE ARCA
EEMS,iShares MSCI Emerging Markets Small Cap ETF,ETF,NYSE ARCA
EEMV,iShares MSCI Emerging Markets Min Vol Factor ETF,ETF,BATS
EEMX,State Street SPDR MSCI Emerging Markets Fossil Fuel Reserves Free ETF,ETF,NYSE ARCA
EES,WisdomTree U.S. SmallCap Fund,ETF,NYSE ARCA
EET,ProShares Ultra MSCI Emerging Markets,ETF,NYSE ARCA
EETH,ProShares Ether ETF,ETF,NYSE ARCA
EEV,ProShares UltraShort MSCI Emerging Markets,ETF,NYSE ARCA
EFA,iShares MSCI EAFE ETF,ETF,NYSE ARCA
EFAA,Invesco MSCI EAFE Income Advantage ETF,ETF,NYSE ARCA
EFAD,ProShares MSCI EAFE Dividend Growers ETF,ETF,BATS
EFAV,iShares MSCI EAFE Min Vol Factor ETF,ETF,BATS
EFAX,State Street SPDR MSCI EAFE Fossil Fuel Reserves Free ETF,ETF,NYSE ARCA
EFC,Ellington Financial Inc. Common Stock,EQUITY,NYSE
EFFE,Harbor Osmosis Emerging Markets Resource Efficient ETF,ETF,NYSE ARCA
EFFI,Harbor Osmosis International Resource Efficient ETF,ETF,NYSE ARCA
EFG,iShares MSCI EAFE Growth ETF,ETF,BATS
EFIV,State Street SPDR S&P 500 ESG ETF,ETF,NYSE ARCA
EFNL,iShares MSCI Finland ETF,ETF,BATS
EFO,ProShares Ultra MSCI EAFE,ETF,NYSE ARCA
EFOR,"Everforth, Inc. Common Stock",EQUITY,NYSE
EFR,Eaton Vance Senior Floating-Rate Fund Common Shares of Beneficial Interest,EQUITY,NYSE
EFT,Eaton Vance Floating Rate Income Trust Common Shares of Beneficial Interest,EQUITY,NYSE
EFU,ProShares UltraShort MSCI EAFE,ETF,NYSE ARCA
EFV,iShares MSCI EAFE Value ETF,ETF,BATS
EFX,"Equifax, Inc. Common Stock",EQUITY,NYSE
EFXT,Enerflex Ltd Common Shares,EQUITY,NYSE
EFZ,ProShares Short MSCI EAFE,ETF,NYSE ARCA
EG,"Everest Group, Ltd. Common Stock",EQUITY,NYSE
EGG,Enigmatig Limited Class A Ordinary Shares,EQUITY,NYSE AMERICAN
EGGS,NestYield Total Return Guard ETF,ETF,NYSE ARCA
EGGY,NestYield Dynamic Income ETF,ETF,NYSE ARCA
EGLE,Global X S&P 500 U.S. Revenue Leaders ETF,ETF,NYSE ARCA
EGO,Eldorado Gold Corporation Ordinary Shares,EQUITY,NYSE
EGP,"EastGroup Properties, Inc. Common Stock",EQUITY,NYSE
EGUS,iShares ESG Aware MSCI USA Growth ETF,ETF,BATS
EGY,"VAALCO Energy, Inc.  Common Stock",EQUITY,NYSE
EHC,Encompass Health Corporation Common Stock,EQUITY,NYSE
EHCC,Global X Ethereum Covered Call ETF,ETF,BATS
EHI,Western Asset Global High Income Fund Inc Common Stock,EQUITY,NYSE
EHY,Amplify Ethereum Max Income Covered Call ETF,ETF,BATS
EIC,Eagle Point Income Company Common Shares of Beneficial Interest,EQUITY,NYSE
EIDO,iShares MSCI Indonesia ETF,ETF,NYSE ARCA
EIG,Employers Holdings Inc Common Stock,EQUITY,NYSE
EIM,"Eaton Vance Municipal Bond Fund Common Shares of Beneficial Interest, $.01 par value",EQUITY,NYSE AMERICAN
EINC,VanEck Energy Income ETF,ETF,NYSE ARCA
EIPI,FT Energy Income Partners Enhanced Income ETF,ETF,NYSE ARCA
EIPX,FT Energy Income Partners Strategy ETF,ETF,NYSE ARCA
EIRL,iShares MSCI Ireland ETF,ETF,NYSE ARCA
EIS,iShares MSCI Israel ETF,ETF,NYSE ARCA
EIX,Edison International Common Stock,EQUITY,NYSE
EJAN,Innovator Emerging Markets Power Buffer ETF January,ETF,NYSE ARCA
EJUL,Innovator Emerging Markets Power Buffer ETF July,ETF,NYSE ARCA
EL,"Estee Lauder Companies, Inc. (The) Common Stock",EQUITY,NYSE
ELA,Envela Corporation Common Stock,EQUITY,NYSE AMERICAN
ELAN,Elanco Animal Health Incorporated Common Stock,EQUITY,NYSE
ELC,"Entergy Louisiana, Inc. Collateral Trust Mortgage Bonds, 4.875 % Series due September 1, 2066",EQUITY,NYSE
ELCV,Strategy Shares Eventide High Dividend ETF,ETF,NYSE ARCA
ELD,WisdomTree Emerging Markets Local Debt Fund,ETF,NYSE ARCA
ELF,"e.l.f. Beauty, Inc. Common Stock",EQUITY,NYSE
ELLO,Ellomay Capital Ltd Ordinary Shares (Israel),EQUITY,NYSE AMERICAN
ELM,Elm Market Navigator ETF,ETF,NYSE ARCA
ELMD,"Electromed, Inc. Common Stock",EQUITY,NYSE AMERICAN
ELME,Elme Communities Common Stock,EQUITY,NYSE
ELPC,Companhia Paranaense de Energia (COPEL) American Depositary Shares (each representing four (4) Common Shares),EQUITY,NYSE
ELS,"Equity Lifestyle Properties, Inc. Common Stock",EQUITY,NYSE
ELV,"Elevance Health, Inc. Common Stock",EQUITY,NYSE
EMA,Emera Incorporated Common Shares,EQUITY,NYSE
EMAU,Corgi Emerging Markets Equities 15% Structured Buffer ETF - August Series,ETF,BATS
EMBD,Global X Emerging Markets Bond ETF,ETF,NYSE ARCA
EMBJ,Embraer S.A. Common Stock,EQUITY,NYSE
EMBX,VanEck Emerging Markets Bond ETF,ETF,NYSE ARCA
EMC,Global X Emerging Markets Great Consumer ETF,ETF,NYSE ARCA
EMCR,Xtrackers Emerging Markets Carbon Reduction and Climate Improvers ETF,ETF,NYSE ARCA
EMCS,Xtrackers MSCI Emerging Markets Select ETF,ETF,NYSE ARCA
EMD,Western Asset Emerging Markets Debt Fund Inc Common Stock,EQUITY,NYSE
EMDM,First Trust Bloomberg Emerging Market Democracies ETF,ETF,NYSE ARCA
EMDV,ProShares MSCI Emerging Markets Dividend Growers ETF,ETF,BATS
EME,"EMCOR Group, Inc. Common Stock",EQUITY,NYSE
EMES,Harbor Emerging Markets Select ETF,ETF,NYSE ARCA
EMET,VanEck Copper and Electrification Metals ETF,ETF,NYSE ARCA
EMF,Templeton Emerging Markets Fund Common Stock,EQUITY,NYSE
EMFI,Pictet Emerging Markets Debt ETF,ETF,NYSE ARCA
EMGF,iShares Emerging Markets Equity Factor ETF,ETF,BATS
EMHC,State Street SPDR Bloomberg Emerging Markets USD Bond ETF,ETF,NYSE ARCA
EMHY,iShares J.P. Morgan EM High Yield Bond ETF,ETF,BATS
EMJL,Corgi Emerging Markets Equities 15% Structured Buffer ETF - July Series,ETF,BATS
EMJN,Corgi Emerging Markets Equities 15% Structured Buffer ETF - June Series,ETF,BATS
EMKT,Lazard Emerging Markets Opportunities ETF,ETF,NYSE ARCA
EMLC,VanEck J. P. Morgan EM Local Currency Bond ET,ETF,NYSE ARCA
EMLP,First Trust North American Energy Infrastructure Fund,ETF,NYSE ARCA
EMM,Global X Emerging Markets ex-China ETF,ETF,NYSE ARCA
EMMF,WisdomTree Emerging Markets Multifactor Fund,ETF,NYSE ARCA
EMMY,Corgi Emerging Markets Equities 15% Structured Buffer ETF - May Series,ETF,BATS
EMN,Eastman Chemical Company Common Stock,EQUITY,NYSE
EMNT,PIMCO Enhanced Short Maturity Active ESG Exchange-Traded Fund,ETF,NYSE ARCA
EMO,ClearBridge Energy Midstream Opportunity Fund Inc. Common Stock,EQUITY,NYSE
EMOP,AB Emerging Markets Opportunities ETF,ETF,NYSE ARCA
EMOT,First Trust S&P 500 Economic Moat ETF,ETF,NYSE ARCA
EMP,"Entergy Mississippi, LLC First Mortgage Bonds, 4.90% Series Due October 1, 2066",EQUITY,NYSE
EMPB,Efficient Market Portfolio Plus ETF,ETF,NYSE ARCA
EMQQ,EMQQ The Emerging Markets Internet ETF,ETF,NYSE ARCA
EMR,Emerson Electric Company Common Stock,EQUITY,NYSE
EMSE,Corgi Emerging Markets Equities 15% Structured Buffer ETF - September Series,ETF,BATS
EMSF,Matthews Emerging Markets Sustainable Future Active ETF,ETF,NYSE ARCA
EMTY,ProShares Decline of the Retail Store ETF,ETF,NYSE ARCA
EMXX,Corgi Emerging Markets 2x Daily ETF,ETF,BATS
ENB,Enbridge Inc Common Stock,EQUITY,NYSE
ENFR,Alerian Energy Infrastructure ETF,ETF,NYSE ARCA
ENHA,Enhanced Group Inc. Class A Common Stock,EQUITY,NYSE
ENIC,Enel Chile S.A. American Depositary Shares (Each representing 50 shares of Common Stock),EQUITY,NYSE
ENJ,"Entergy New Orleans, LLC First Mortgage Bonds, 5.0% Series due December 1, 2052",EQUITY,NYSE
ENO,"Entergy New Orleans, LLC First Mortgage Bonds, 5.50% Series due April 1, 2066",EQUITY,NYSE
ENOR,iShares MSCI Norway ETF,ETF,BATS
ENOV,Enovis Corporation Common Stock,EQUITY,NYSE
ENR,"Energizer Holdings, Inc. Common Stock",EQUITY,NYSE
ENRG,Ninepoint North American Energy Independence ETF,ETF,NYSE ARCA
ENS,EnerSys Common Stock,EQUITY,NYSE
ENTL,Leverage Shares 2X Long ENTG Daily ETF,ETF,BATS
ENVA,"Enova International, Inc. Common Stock",EQUITY,NYSE
EO,Corgi EOSE 2x Daily ETF,ETF,BATS
EOCT,Innovator Emerging Markets Power Buffer ETF - October,ETF,NYSE ARCA
EOD,Allspring Global Dividend Opportunity Fund Common Shares of Beneficial Interest,EQUITY,NYSE
EOG,"EOG Resources, Inc. Common Stock",EQUITY,NYSE
EOI,Eaton Vance Enhance Equity Income Fund Eaton Vance Enhanced Equity Income Fund Shares of Beneficial Interest,EQUITY,NYSE
EONR,EON Resources Inc. Class A Common Stock,EQUITY,NYSE AMERICAN
EOS,Eaton Vance Enhance Equity Income Fund II Common Stock,EQUITY,NYSE
EOSU,T-REX 2X Long EOSE Daily Target ETF,ETF,BATS
EOT,Eaton Vance Municipal Income Trust EATON VANCE NATIONAL MUNICIPAL OPPORTUNITIES TRUST,EQUITY,NYSE
EP,Empire Petroleum Corporation Common Stock,EQUITY,NYSE AMERICAN
EPAC,Enerpac Tool Group Corp. Common Stock,EQUITY,NYSE
EPAI,Harbor AI Inflection Strategy ETF,ETF,NYSE ARCA
EPAM,"EPAM Systems, Inc. Common Stock",EQUITY,NYSE
EPC,Edgewell Personal Care Company Common Stock,EQUITY,NYSE
EPD,Enterprise Products Partners L.P. Common Stock,EQUITY,NYSE
EPEM,Harbor Emerging Markets Equity ETF,ETF,NYSE ARCA
EPHE,iShares MSCI Philippines ETF,ETF,NYSE ARCA
EPI,WisdomTree India Earnings Fund,ETF,NYSE ARCA
EPIN,Harbor International Equity ETF,ETF,NYSE ARCA
EPM,"Evolution Petroleum Corporation, Inc. Common Stock",EQUITY,NYSE AMERICAN
EPMB,Harbor Mid Cap Core ETF,ETF,NYSE ARCA
EPMV,Harbor Mid Cap Value ETF,ETF,NYSE ARCA
EPOL,iShares MSCI Poland ETF,ETF,NYSE ARCA
EPP,iShares MSCI Pacific Ex-Japan Index Fund,ETF,NYSE ARCA
EPR,EPR Properties Common Stock,EQUITY,NYSE
EPR$E,EPR Properties Series E Cumulative Conv Pfd Shs Ser E,EQUITY,NYSE
EPRT,"Essential Properties Realty Trust, Inc. Common Stock",EQUITY,NYSE
EPS,WisdomTree U.S. LargeCap Fund,ETF,NYSE ARCA
EPSB,Harbor SMID Cap Core ETF,ETF,NYSE ARCA
EPSV,Harbor SMID Cap Value ETF,ETF,NYSE ARCA
EPU,iShares MSCI Peru and Global Exposure ETF,ETF,NYSE ARCA
EPV,ProShares UltraShort FTSE Europe ETF,ETF,NYSE ARCA
EQAL,Invesco Russell 1000 Equal Weight ETF,ETF,NYSE ARCA
EQBK,"Equity Bancshares, Inc. Class A Common Stock",EQUITY,NYSE
EQH,"Equitable Holdings, Inc. Common Stock",EQUITY,NYSE
EQH$A,"Equitable Holdings, Inc. Depositary Shares",EQUITY,NYSE
EQIN,Columbia U.S. Equity Income ETF,ETF,NYSE ARCA
EQL,ALPS Equal Sector Weight ETF,ETF,NYSE ARCA
EQLT,iShares MSCI Emerging Markets Quality Factor ETF,ETF,BATS
EQNR,Equinor ASA,EQUITY,NYSE
EQS,"Equus Total Return, Inc. Common Stock",EQUITY,NYSE
EQT,EQT Corporation Common Stock,EQUITY,NYSE
EQTY,Kovitz Core Equity ETF,ETF,NYSE ARCA
EQWL,Invesco S&P 100 Equal Weight ETF,ETF,NYSE ARCA
EQX,Equinox Gold Corp. Common Shares,EQUITY,NYSE AMERICAN
ERC,Allspring Multi-Sector Income Fund Common Stock,EQUITY,NYSE AMERICAN
ERH,Allspring Utilities and High Income Fund Common Shares,EQUITY,NYSE AMERICAN
ERO,Ero Copper Corp. Common Shares,EQUITY,NYSE
EROC,"ERock, Inc. Class A Common Stock",EQUITY,NYSE
EROK,"EagleRock Land, LLC Class A shares representing limited liability company interests",EQUITY,NYSE
ERTH,Invesco MSCI Sustainable Future ETF,ETF,NYSE ARCA
ERX,Direxion Energy Bull 2X ETF,ETF,NYSE ARCA
ERY,Direxion Daily Energy Bear 2X ETF,ETF,NYSE ARCA
ES,Eversource Energy (D/B/A) Common Stock,EQUITY,NYSE
ESAB,ESAB Corporation Common Stock,EQUITY,NYSE
ESBG,"First Trust Enhanced Stocks, Bonds & Gold ETF",ETF,NYSE ARCA
ESE,ESCO Technologies Inc. Common Stock,EQUITY,NYSE
ESG,Northern Trust STOXX US ESG Select ETF,ETF,BATS
ESGG,Northern Trust STOXX Global ESG Select ETF,ETF,BATS
ESGV,Vanguard ESG U.S. Stock ETF,ETF,BATS
ESI,Element Solutions Inc. Common Stock,EQUITY,NYSE
ESIM,Eventide International ETF,ETF,NYSE ARCA
ESLG,Eventide Large Cap Growth ETF,ETF,NYSE ARCA
ESLV,Eventide Large Cap Value ETF,ETF,NYSE ARCA
ESML,iShares ESG Aware MSCI USA Small-Cap ETF,ETF,BATS
ESNT,Essent Group Ltd. Common Shares,EQUITY,NYSE
ESP,Espey Mfg. & Electronics Corp. Common Stock,EQUITY,NYSE AMERICAN
ESRT,"Empire State Realty Trust, Inc. Class A Common Stock",EQUITY,NYSE
ESS,"Essex Property Trust, Inc. Common Stock",EQUITY,NYSE
ESSC,Eventide Small Cap ETF,ETF,NYSE ARCA
ESTC,Elastic N.V. Ordinary Shares,EQUITY,NYSE
ESUM,Eventide US Market ETF,ETF,NYSE ARCA
ETB,Eaton Vance Tax-Managed Buy-Write Income Fund Eaton Vance Tax-Managed Buy-Write Income Fund Common Shares of Beneficial Interest,EQUITY,NYSE
ETCO,Grayscale Ethereum High Income ETF,ETF,NYSE ARCA
ETD,Ethan Allen Interiors Inc. Common Stock,EQUITY,NYSE
ETFT,Fundsmith Equity ETF,ETF,NYSE ARCA
ETG,Eaton Vance Tax-Advantaged Global Dividend Income Fund Common Shares of Beneficial Interest,EQUITY,NYSE
ETH,Grayscale Ethereum Staking Mini ETF Shares,ETF,NYSE ARCA
ETHD,ProShares UltraShort Ether ETF,ETF,NYSE ARCA
ETHE,Grayscale Ethereum Staking ETF Shares,ETF,NYSE ARCA
ETHO,Amplify Etho Climate Leadership U.S. ETF,ETF,NYSE ARCA
ETHT,ProShares Ultra Ether ETF,ETF,NYSE ARCA
ETHU,2x Ether ETF,ETF,BATS
ETHV,VanEck Ethereum ETF,ETF,BATS
ETHW,Bitwise Ethereum ETF,ETF,NYSE ARCA
ETJ,Eaton Vance Risk-Managed Diversified Equity Income Fund Common Shares of Beneficial Interest,EQUITY,NYSE
ETN,"Eaton Corporation, PLC Ordinary Shares",EQUITY,NYSE
ETNG,Leverage Shares 2X Long ETN Daily ETF,ETF,BATS
ETO,Eaton Vance Tax-Advantage Global Dividend Opp Common Stock,EQUITY,NYSE
ETR,Entergy Corporation Common Stock,EQUITY,NYSE
ETSS,Energy Transition Special Opportunities Class A Ordinary Shares,EQUITY,NYSE
ETSY,"Etsy, Inc. Common Stock",EQUITY,NYSE
ETTY,Amplify Ethereum 3% Monthly Option Income ETF,ETF,BATS
ETU,T-Rex 2X Long Ether Daily Target ETF,ETF,BATS
ETV,Eaton Vance Corporation Eaton Vance Tax-Managed Buy-Write Opportunities Fund Common Shares of Beneficial Interest,EQUITY,NYSE
ETW,Eaton Vance Corporation Eaton Vance Tax-Managed Global Buy-Write Opportunites Fund Common Shares of Beneficial Interest,EQUITY,NYSE
ETX,Eaton Vance Municipal Income 2028 Term Trust Common Shares of Beneficial Interest,EQUITY,NYSE
ETY,"Eaton Vance Tax-Managed Diversified Equity Income Fund Common Shares of Beneficial Interest,",EQUITY,NYSE
EUAD,Select STOXX Europe Aerospace & Defense ETF,ETF,BATS
EUDG,WisdomTree Europe Quality Dividend Growth Fund,ETF,NYSE ARCA
EUDV,ProShares MSCI Europe Dividend Growers ETF,ETF,BATS
EUHY,iShares Euro High Yield Corporate Bond USD Hedged ETF,ETF,BATS
EUIG,iShares Euro Investment Grade Corporate Bond USD Hedged ETF,ETF,BATS
EUM,ProShares Short MSCI Emerging Markets,ETF,NYSE ARCA
EUO,ProShares UltraShort Euro,ETF,NYSE ARCA
EURL,Direxion Daily FTSE Europe Bull 3X ETF,ETF,NYSE ARCA
EUSA,iShares MSCI USA Equal Weighted ETF,ETF,NYSE ARCA
EUSB,iShares ESG Advanced Universal USD Bond ETF,ETF,NYSE ARCA
EUV,Corgi Lithography & Semiconductor Photonics ETF,ETF,BATS
EUVX,Corgi Lithography & Semiconductor Photonics 2x Daily ETF,ETF,BATS
EVAC,EQV Ventures Acquisition Corp. II Class A Ordinary Shares,EQUITY,NYSE
EVC,Entravision Communications Corporation Common Stock,EQUITY,NYSE
EVEX,"Eve Holding, Inc. Common Stock",EQUITY,NYSE
EVF,Eaton Vance Senior Income Trust Common Stock,EQUITY,NYSE
EVG,Eaton Vance Short Diversified Income Fund Eaton Vance Short Duration Diversified Income Fund Common Shares of Beneficial Interest,EQUITY,NYSE
EVH,"Evolent Health, Inc Class A Common Stock",EQUITY,NYSE
EVHY,Eaton Vance High Yield ETF,ETF,NYSE ARCA
EVI,"EVI Industries, Inc.  Common Stock",EQUITY,NYSE AMERICAN
EVIM,Eaton Vance Intermediate Municipal Income ETF,ETF,NYSE ARCA
EVLN,Eaton Vance Floating-Rate ETF,ETF,NYSE ARCA
EVLU,iShares MSCI Emerging Markets Value Factor ETF,ETF,BATS
EVMN,"Evommune, Inc. Common Stock",EQUITY,NYSE
EVMO,Eaton Vance Mortgage Opportunities ETF,ETF,NYSE ARCA
EVMU,Direxion Daily Ether Bull 2X ETF,ETF,NYSE ARCA
EVN,Eaton Vance Municipal Income Trust Common Stock,EQUITY,NYSE
EVNT,AltShares Event-Driven ETF,ETF,NYSE ARCA
EVR,Evercore Inc. Class A Common Stock,EQUITY,NYSE
EVSB,Eaton Vance Ultra-Short Income ETF,ETF,NYSE ARCA
EVSM,Eaton Vance Short Duration Municipal Income ETF,ETF,NYSE ARCA
EVT,Eaton Vance Tax Advantaged Dividend Income Fund Common Shares of Beneficial Interest,EQUITY,NYSE
EVTC,"Evertec, Inc. Common Stock",EQUITY,NYSE
EVTL,Vertical Aerospace Ltd. Ordinary Shares,EQUITY,NYSE
EVTR,Eaton Vance Total Return Bond ETF,ETF,NYSE
EVUS,iShares ESG Aware MSCI USA Value ETF,ETF,BATS
EVV,Eaton Vance Limited Duration Income Fund Common Shares of Beneficial Interest,EQUITY,NYSE AMERICAN
EVX,VanEck Environmental Services ETF,ETF,NYSE ARCA
EW,Edwards Lifesciences Corporation Common Stock,EQUITY,NYSE
EWA,iShares MSCI Australia Index Fund,ETF,NYSE ARCA
EWC,iShares MSCI Canada Index Fund,ETF,NYSE ARCA
EWD,iShares MSCI Sweden ETF,ETF,NYSE ARCA
EWG,iShares MSCI Germany Index Fund,ETF,NYSE ARCA
EWH,iShares MSCI Hong Kong Index Fund,ETF,NYSE ARCA
EWI,iShares MSCI Italy ETF,ETF,NYSE ARCA
EWJ,iShares MSCI Japan Index Fund,ETF,NYSE ARCA
EWK,iShares MSCI Belgium ETF,ETF,NYSE ARCA
EWL,iShares MSCI Switzerland ETF,ETF,NYSE ARCA
EWM,iShares MSCI Malaysia Index Fund,ETF,NYSE ARCA
EWN,iShares MSCI Netherlands Index Fund,ETF,NYSE ARCA
EWO,iShares MSCI Austria ETF,ETF,NYSE ARCA
EWP,iShares MSCI Spain ETF,ETF,NYSE ARCA
EWQ,iShares MSCI France Index Fund,ETF,NYSE ARCA
EWS,iShares MSCI Singapore ETF,ETF,NYSE ARCA
EWT,iShares MSCI Taiwan ETF,ETF,NYSE ARCA
EWV,ProShares UltraShort MSCI Japan,ETF,NYSE ARCA
EWW,iShares MSCI Mexico ETF,ETF,NYSE ARCA
EWX,State Street SPDR S&P Emerging Markets Small Cap ETF,ETF,NYSE ARCA
EWY,iShares MSCI South Korea ETF,ETF,NYSE ARCA
EWZ,iShares MSCI Brazil ETF,ETF,NYSE ARCA
EXEQ,Wedbush ReturnOnLeadership U.S. Large-Cap ETF,ETF,NYSE ARCA
EXG,Eaton Vance Tax-Managed Global Diversified Equity Income Fund Common Shares of Beneficial Interest,EQUITY,NYSE
EXI,iShares Global Industrials ETF,ETF,NYSE ARCA
EXK,Endeavour Silver Corporation Ordinary Shares (Canada),EQUITY,NYSE
EXOD,"Exodus Movement, Inc. Class A Common Stock",EQUITY,NYSE AMERICAN
EXP,Eagle Materials Inc Common Stock,EQUITY,NYSE
EXPD,"Expeditors International of Washington, Inc. Common Stock",EQUITY,NYSE
EXPN,Horizon Expansion Leaders ETF,ETF,BATS
EXR,Extra Space Storage Inc Common Stock,EQUITY,NYSE
EYES,Corgi Data & Surveillance ETF,ETF,BATS
EYLD,Cambria Emerging Shareholder Yield ETF,ETF,BATS
EZA,iShares MSCI South Africa Index Fund,ETF,NYSE ARCA
EZBC,Franklin Templeton Digital Holdings Trust Shares of Franklin Bitcoin ETF,ETF,BATS
EZET,Franklin Ethereum ETF,ETF,BATS
EZJ,ProShares Ultra MSCI Japan,ETF,NYSE ARCA
EZM,WisdomTree U.S. MidCap Fund,ETF,NYSE ARCA
EZPZ,Franklin Crypto Index ETF,ETF,BATS
EZU,iShares MSCI Eurozone ETF,ETF,BATS
F,Ford Motor Company Common Stock,EQUITY,NYSE
FAF,First American Corporation (New) Common Stock,EQUITY,NYSE
FAI,First Trust Bloomberg Artificial Intelligence ETF,ETF,NYSE ARCA
FAN,First Trust Global Wind Energy ETF,ETF,NYSE ARCA
FAPR,FT Vest U.S. Equity Buffer ETF - April,ETF,BATS
FARX,Frontier Asset Absolute Return ETF,ETF,NYSE ARCA
FAS,Direxion Financial Bull 3X ETF,ETF,NYSE ARCA
FAUG,FT Vest U.S. Equity Buffer ETF - August,ETF,BATS
FAX,"abrdn Asia-Pacific Income Fund, Inc. Common Stock",EQUITY,NYSE AMERICAN
FAZ,Direxion Financial Bear 3X ETF,ETF,NYSE ARCA
FB,ProShares S&P 500 Dynamic Buffer ETF,ETF,BATS
FBCG,Fidelity Blue Chip Growth ETF,ETF,BATS
FBCV,Fidelity Blue Chip Value ETF,ETF,BATS
FBDC,FT Confluence BDC & Specialty Finance Income ETF,ETF,NYSE ARCA
FBIN,"Fortune Brands Innovations, Inc. Common Stock",EQUITY,NYSE
FBK,FB Financial Corporation Common Stock,EQUITY,NYSE
FBND,Fidelity Total Bond ETF,ETF,NYSE ARCA
FBP,First BanCorp. New Common Stock,EQUITY,NYSE
FBRT,"Franklin BSP Realty Trust, Inc. Common Stock",EQUITY,NYSE
FBT,First Trust Amex Biotech Index Fund,ETF,NYSE ARCA
FBTC,Fidelity Wise Origin Bitcoin Fund,ETF,BATS
FBUF,Fidelity Dynamic Buffered Equity ETF,ETF,BATS
FBX,Corgi META 2x Daily ETF,ETF,BATS
FBY,YieldMax META Option Income Strategy ETF,ETF,NYSE ARCA
FC,Franklin Covey Company Common Stock,EQUITY,NYSE
FCBD,Frontier Asset Core Bond ETF,ETF,NYSE ARCA
FCBM,"First Carolina Financial Services, Inc. Common Stock",EQUITY,NYSE
FCF,First Commonwealth Financial Corporation Common Stock,EQUITY,NYSE
FCFY,First Trust S&P 500 Diversified Free Cash Flow ETF,ETF,NYSE ARCA
FCG,First Trust Natural Gas ETF,ETF,NYSE ARCA
FCLD,Fidelity Cloud Computing ETF,ETF,BATS
FCN,"FTI Consulting, Inc. Common Stock",EQUITY,NYSE
FCOM,Fidelity MSCI Communication Services Index ETF,ETF,NYSE ARCA
FCOR,Fidelity Corporate Bond ETF,ETF,NYSE ARCA
FCPI,Fidelity Stocks for Inflation ETF,ETF,BATS
FCPT,"Four Corners Property Trust, Inc. Common Stock",EQUITY,NYSE
FCRS,FutureCrest Acquisition Corp. Class A Ordinary Shares,EQUITY,NYSE
FCSH,Federated Hermes Short Duration Corporate ETF,ETF,NYSE ARCA
FCTR,First Trust Lunt U.S. Factor Rotation ETF,ETF,BATS
FCUS,Pinnacle Focused Opportunities ETF,ETF,NYSE ARCA
FCX,"Freeport-McMoRan, Inc. Common Stock",EQUITY,NYSE
FDAT,Tactical Advantage ETF,ETF,NYSE ARCA
FDD,First Trust STOXX European Select Dividend Index Fund,ETF,NYSE ARCA
FDEC,FT Vest U.S. Equity Buffer ETF - December,ETF,BATS
FDEM,Fidelity Emerging Markets Multifactor ETF,ETF,BATS
FDEV,Fidelity International Multifactor ETF,ETF,BATS
FDG,American Century Focused Dynamic Growth ETF,ETF,NYSE ARCA
FDHY,Fidelity Enhanced High Yield ETF,ETF,NYSE ARCA
FDIS,Fidelity MSCI Consumer Discretionary Index ETF,ETF,NYSE ARCA
FDL,First Trust Morningstar ETF,ETF,NYSE ARCA
FDLO,Fidelity Low Volatility Factor ETF,ETF,NYSE ARCA
FDLS,Inspire Fidelis Multi Factor ETF,ETF,NYSE ARCA
FDM,First Trust DJ Select MicroCap ETF,ETF,NYSE ARCA
FDMO,Fidelity Momentum Factor ETF,ETF,NYSE ARCA
FDN,First Trust DJ Internet Index Fund,ETF,NYSE ARCA
FDND,FT Vest Dow Jones Internet & Target Income ETF,ETF,BATS
FDRR,Fidelity Dividend ETF for Rising Rates,ETF,NYSE ARCA
FDRV,Fidelity Electric Vehicles and Future Transportation ETF,ETF,BATS
FDS,FactSet Research Systems Inc. Common Stock,EQUITY,NYSE
FDV,Federated Hermes U.S. Strategic Dividend ETF,ETF,NYSE ARCA
FDVV,Fidelity High Dividend ETF,ETF,NYSE ARCA
FDX,FedEx Corporation Common Stock,EQUITY,NYSE
FDXF,"FedEx Freight Holding Company, Inc. Common Stock",EQUITY,NYSE
FE,FirstEnergy Corp. Common Stock,EQUITY,NYSE
FEAC,Fidelity Enhanced U.S. All-Cap Equity ETF,ETF,NYSE ARCA
FEBM,FT Vest U.S. Equity Max Buffer ETF - February,ETF,BATS
FEBP,PGIM S&P 500 Buffer 12 ETF - February,ETF,BATS
FEBT,AllianzIM U.S. Large Cap Buffer10 Feb ETF,ETF,BATS
FEBU,AllianzIM U.S. Equity Buffer15 Uncapped Feb ETF,ETF,BATS
FEBW,AllianzIM U.S. Large Cap Buffer20 Feb ETF,ETF,BATS
FEBZ,TrueShares Structured Outcome (February) ETF,ETF,BATS
FECM,First Eagle Core Municipal ETF,ETF,NYSE ARCA
FEDM,Northern Trust ESG & Climate Developed Markets ex-US Core ETF,ETF,NYSE ARCA
FEDU,"Four Seasons Education (Cayman) Inc. American Depositary Shares, each ADS representing 10 ordinary shares",EQUITY,NYSE
FEGE,First Eagle Global Equity ETF,ETF,NYSE
FEIG,Northern Trust ESG & Climate Investment Grade Corporate Core ETF,ETF,NYSE ARCA
FELC,Fidelity Enhanced Large Cap Core ETF,ETF,NYSE ARCA
FELG,Fidelity Enhanced Large Cap Growth ETF,ETF,NYSE ARCA
FELV,Fidelity Enhanced Large Cap Value ETF,ETF,NYSE ARCA
FEMD,First Eagle Mid Cap Equity ETF,ETF,NYSE ARCA
FEMG,Fidelity Enhanced Mid Cap Growth ETF,ETF,NYSE ARCA
FEMR,Fidelity Enhanced Emerging Markets ETF,ETF,NYSE ARCA
FEMV,Fidelity Enhanced Mid Cap Value ETF,ETF,NYSE ARCA
FENG,"Phoenix New Media Limited American Depositary Shares, each representing 48 Class A ordinary shares.",EQUITY,NYSE
FENI,Fidelity Enhanced International ETF,ETF,NYSE ARCA
FENY,Fidelity MSCI Energy Index ETF,ETF,NYSE ARCA
FEOE,First Eagle Overseas Equity ETF,ETF,NYSE
FERG,Ferguson Enterprises Inc. Common Stock,EQUITY,NYSE
FESC,First Eagle Small Cap Equity ETF,ETF,NYSE ARCA
FESM,Fidelity Enhanced Small Cap Core ETF,ETF,NYSE ARCA
FET,"Forum Energy Technologies, Inc. Common Stock",EQUITY,NYSE
FETH,Fidelity Ethereum Fund,ETF,BATS
FEUS,Northern Trust ESG & Climate US Large Cap Core ETF,ETF,NYSE ARCA
FEZ,State Street SPDR EURO STOXX 50 ETF,ETF,NYSE ARCA
FF,FutureFuel Corp.  Common shares,EQUITY,NYSE
FFA,First Trust Enhanced Equity Income Fund Common Shares of Beneficial Interest,EQUITY,NYSE
FFDI,Fidelity Fundamental Developed International ETF,ETF,BATS
FFEB,FT Vest U.S. Equity Buffer ETF - February,ETF,BATS
FFEM,Fidelity Fundamental Emerging Markets ETF,ETF,BATS
FFF,Founders 100 ETF,ETF,BATS
FFGX,Fidelity Fundamental Global ex-U.S. ETF,ETF,BATS
FFIU,UVA Unconstrained Medium-Term Fixed Income ETF,ETF,NYSE ARCA
FFLC,Fidelity Fundamental Large Cap Core ETF,ETF,BATS
FFLG,Fidelity Fundamental Large Cap Growth ETF,ETF,BATS
FFLS,The Future Fund Long/Short ETF,ETF,NYSE ARCA
FFLV,Fidelity Fundamental Large Cap Value ETF,ETF,BATS
FFLX,First Trust Flexible Income ETF,ETF,NYSE ARCA
FFND,One Global ETF,ETF,NYSE ARCA
FFOG,Franklin Focused Growth ETF,ETF,BATS
FFOX,FundX Future Fund Opportunities ETF,ETF,NYSE ARCA
FFSM,Fidelity Fundamental Small-Mid Cap ETF,ETF,BATS
FFTY,CapForce IBD 50 ETF,ETF,NYSE ARCA
FG,"F&G Annuities & Life, Inc. Common Stock",EQUITY,NYSE
FGD,First Trust DJ Global Select Dividend,ETF,NYSE ARCA
FGDL,Franklin Responsibly Sourced Gold ETF,ETF,NYSE ARCA
FGRU,T-REX 2X Long FIGR Daily Target ETF,ETF,BATS
FGSM,Frontier Asset Global Small Cap Equity ETF,ETF,NYSE ARCA
FHDG,FT Vest U.S. Equity Quarterly Dynamic Buffer ETF,ETF,BATS
FHEQ,Fidelity Hedged Equity ETF,ETF,BATS
FHI,"Federated Hermes, Inc. Common Stock",EQUITY,NYSE
FHIL,Federated Hermes International Leaders ETF,ETF,BATS
FHLC,Fidelity MSCI Health Care Index ETF,ETF,NYSE ARCA
FHN,First Horizon Corporation Common Stock,EQUITY,NYSE
FHYS,Federated Hermes Short Duration High Yield ETF,ETF,NYSE ARCA
FIAT,YieldMax Short COIN Option Income Strategy ETF,ETF,NYSE ARCA
FIAX,Nicholas Fixed Income Alternative ETF,ETF,NYSE ARCA
FICO,Fair Isaac Corporation Common Stock,EQUITY,NYSE
FIDI,Fidelity International High Dividend ETF,ETF,NYSE ARCA
FIDU,Fidelity MSCI Industrials Index ETF,ETF,NYSE ARCA
FIG,"Figma, Inc. Class A Common Stock",EQUITY,NYSE
FIGB,Fidelity Investment Grade Bond ETF,ETF,NYSE ARCA
FIGS,"FIGS, Inc. Class A Common Stock",EQUITY,NYSE
FIIG,First Trust Intermediate Duration Investment Grade Corporate ETF,ETF,NYSE ARCA
FINA,Fidelity MSCI North American Subset Index ETF,ETF,NYSE ARCA
FINS,Angel Oak Financial Strategies Income Term Trust Common Shares of Beneficial Interest,EQUITY,NYSE
FINT,Frontier Asset Total International Equity ETF,ETF,NYSE ARCA
FINV,FinVolution Group American Depositary Shares,EQUITY,NYSE
FIRY,Firy Inc. Class A Common Stock,EQUITY,NYSE
FIS,"Fidelity National Information Services, Inc. Common Stock",EQUITY,NYSE
FISR,State Street Fixed Income Sector Rotation ETF,ETF,NYSE ARCA
FITB,Fifth Third Bancorp Common Stock,EQUITY,NYSE
FITB$I,Fifth Third Bancorp Depositary Share repstg 1/1000th Ownership Interest Perp Pfd Series I,EQUITY,NYSE
FITE,State Street SPDR S&P Kensho Future Security ETF,ETF,NYSE ARCA
FITZ,Fitz-Gerald Must Have Portfolio ETF,ETF,NYSE ARCA
FIVA,Fidelity International Value Factor ETF,ETF,NYSE ARCA
FIW,First Trust Water ETF,ETF,NYSE ARCA
FIX,"Comfort Systems USA, Inc. Common Stock",EQUITY,NYSE
FIXP,FolioBeyond Enhanced Fixed Income Premium ETF,ETF,NYSE ARCA
FIXT,TCW Core Plus Bond ETF,ETF,NYSE
FIXX,Leverage Shares 2X Long FIX Daily ETF,ETF,BATS
FIZY,Fitz-Gerald Must Have Portfolio and Options Overlay ETF,ETF,NYSE ARCA
FJAN,FT Vest U.S. Equity Buffer ETF - January,ETF,BATS
FJET,"Starfighters Space, Inc. Common Stock",EQUITY,NYSE AMERICAN
FJUL,FT Vest U.S. Equity Buffer ETF - July,ETF,BATS
FJUN,FT Vest U.S. Equity Buffer ETF - June,ETF,BATS
FLAG,Global X S&P 500 U.S. Market Leaders Top 50 ETF,ETF,NYSE ARCA
FLAO,AllianzIM U.S. Equity 6 Month Floor5 Apr/Oct ETF,ETF,BATS
FLAU,Franklin FTSE Australia ETF,ETF,NYSE ARCA
FLAX,Franklin FTSE Asia ex Japan ETF,ETF,NYSE ARCA
FLBL,Franklin Senior Loan ETF,ETF,BATS
FLBR,Franklin FTSE Brazil ETF,ETF,NYSE ARCA
FLC,Flaherty & Crumrine Total Return Fund Inc Common Stock,EQUITY,NYSE
FLCA,Franklin FTSE Canada ETF,ETF,NYSE ARCA
FLCB,Franklin U.S. Core Bond ETF,ETF,NYSE ARCA
FLCC,Federated Hermes MDT Large Cap Core ETF,ETF,NYSE ARCA
FLCE,Frontier Asset U.S. Large Cap Equity ETF,ETF,NYSE ARCA
FLCG,Federated Hermes MDT Large Cap Growth ETF,ETF,NYSE ARCA
FLCH,Franklin FTSE China ETF,ETF,NYSE ARCA
FLCO,Franklin Investment Grade Corporate ETF,ETF,NYSE ARCA
FLCV,Federated Hermes MDT Large Cap Value ETF,ETF,NYSE ARCA
FLDR,Fidelity Low Duration Bond Factor ETF,ETF,BATS
FLDZ,TrueShares Patriot Defense ETF,ETF,BATS
FLEE,Franklin FTSE Europe ETF,ETF,NYSE ARCA
FLEL,Leverage Shares 2X Long FLEX Daily ETF,ETF,BATS
FLEU,Franklin FTSE Eurozone ETF,ETF,NYSE ARCA
FLG,"Flagstar Bank, N.A. Common Stock",EQUITY,NYSE
FLGR,Franklin FTSE Germany ETF,ETF,NYSE ARCA
FLGV,Franklin U.S. Treasury Bond ETF,ETF,NYSE ARCA
FLHY,Franklin High Yield Corporate ETF,ETF,BATS
FLIA,Franklin International Aggregate Bond ETF,ETF,BATS
FLIN,Franklin FTSE India ETF,ETF,NYSE ARCA
FLJH,Franklin FTSE Japan Hedged ETF,ETF,NYSE ARCA
FLJJ,AllianzIM U.S. Equity 6 Month Floor5 Jan/Jul ETF,ETF,BATS
FLJP,Franklin FTSE Japan ETF,ETF,NYSE ARCA
FLKR,Franklin FTSE South Korea ETF,ETF,NYSE ARCA
FLLA,Franklin FTSE Latin America ETF,ETF,NYSE ARCA
FLMB,Franklin Municipal Green Bond ETF,ETF,NYSE ARCA
FLMI,Franklin Dynamic Municipal Bond ETF,ETF,NYSE ARCA
FLMX,Franklin FTSE Mexico ETF,ETF,NYSE ARCA
FLNG,FLEX LNG Ltd. Ordinary Shares,EQUITY,NYSE
FLO,"Flowers Foods, Inc. Common Stock",EQUITY,NYSE
FLOC,Flowco Holdings Inc. Class A Common Stock,EQUITY,NYSE
FLOT,iShares Floating Rate Bond ETF,ETF,BATS
FLOW,Global X U.S. Cash Flow Kings 100 ETF,ETF,NYSE ARCA
FLQL,Franklin U.S. Large Cap Multifactor Index ETF,ETF,BATS
FLQM,Franklin U.S. Mid Cap Multifactor Index ETF,ETF,BATS
FLQS,Franklin U.S. Small Cap Multifactor Index ETF,ETF,BATS
FLR,Fluor Corporation Common Stock,EQUITY,NYSE
FLRG,Fidelity U.S. Multifactor ETF,ETF,NYSE ARCA
FLRN,State Street SPDR Bloomberg Investment Grade Floating Rate ETF,ETF,NYSE ARCA
FLRT,Pacer Aristotle Pacific Floating Rate High Income ETF,ETF,NYSE ARCA
FLS,Flowserve Corporation Common Stock,EQUITY,NYSE
FLSA,Franklin FTSE Saudi Arabia ETF,ETF,NYSE ARCA
FLSP,Franklin Systematic Style Premia ETF,ETF,NYSE ARCA
FLSW,Franklin FTSE Switzerland ETF,ETF,NYSE ARCA
FLTB,Fidelity Limited Term Bond ETF,ETF,NYSE ARCA
FLTR,VanEck IG Floating Rate ETF,ETF,NYSE ARCA
FLTW,Franklin FTSE Taiwan ETF,ETF,NYSE ARCA
FLUD,Franklin Ultra Short Bond ETF,ETF,NYSE ARCA
FLUT,Flutter Entertainment plc Ordinary Shares,EQUITY,NYSE
FLV,American Century Focused Large Cap Value ETF,ETF,NYSE ARCA
FLXI,Invesco Flexible Income ETF,ETF,BATS
FLXN,Horizon Flexible Income ETF,ETF,BATS
FLXR,TCW Flexible Income ETF,ETF,NYSE
FLYD,MicroSectors Travel -3x Inverse Leveraged ETN,ETF,NYSE ARCA
FLYT,Tradr 2X Long FLY Daily ETF,ETF,BATS
FLYU,MicroSectors Travel 3x Leveraged ETN,ETF,NYSE ARCA
FLYX,"flyExclusive, Inc. Class A Common Stock",EQUITY,NYSE AMERICAN
FMAG,Fidelity Magellan ETF,ETF,BATS
FMAR,FT Vest U.S. Equity Buffer ETF - March,ETF,BATS
FMAT,Fidelity MSCI Materials Index ETF,ETF,NYSE ARCA
FMAY,FT Vest U.S. Equity Buffer ETF - May,ETF,BATS
FMC,FMC Corporation Common Stock,EQUITY,NYSE
FMCE,FM Compounders Equity ETF,ETF,NYSE ARCA
FMCX,FM Focus Equity ETF,ETF,NYSE ARCA
FMDE,Fidelity Enhanced Mid Cap Core ETF,ETF,NYSE ARCA
FMF,First Trust Managed Futures Strategy Fund,ETF,NYSE ARCA
FMKT,The Free Markets ETF,ETF,NYSE ARCA
FMN,Federated Hermes Premier Municipal Income Fund,EQUITY,NYSE
FMNY,First Trust New York Municipal High Income ETF,ETF,NYSE ARCA
FMQQ,FMQQ The Next Frontier Internet ETF,ETF,NYSE ARCA
FMS,Fresenius Medical Care AG American Depositary Shares (Each representing 1/2 of an Ordinary Share),EQUITY,NYSE
FMTL,First Trust Indxx Critical Metals ETF,ETF,NYSE ARCA
FMX,Fomento Economico Mexicano S.A.B. de C.V. Common Stock,EQUITY,NYSE
FMY,First Trust Mortgage Income Fund Common Shares of Beneficial Interest,EQUITY,NYSE
FN,Fabrinet Ordinary Shares,EQUITY,NYSE
FNB,F.N.B. Corporation Common Stock,EQUITY,NYSE
FNCL,Fidelity MSCI Financials Index ETF,ETF,NYSE ARCA
FND,"Floor & Decor Holdings, Inc. Common Stock",EQUITY,NYSE
FNDA,Schwab Fundamental U.S. Small Company ETF,ETF,NYSE ARCA
FNDB,Schwab Fundamental U.S. Broad Market ETF,ETF,NYSE ARCA
FNDC,Schwab Fundamental International Small Equity ETF,ETF,NYSE ARCA
FNDE,Schwab Fundamental Emerging Markets Equity ETF,ETF,NYSE ARCA
FNDF,Schwab Fundamental International Equity ETF,ETF,NYSE ARCA
FNDX,Schwab Fundamental U.S. Large Company ETF,ETF,NYSE ARCA
FNF,"Fidelity National Financial, Inc. Common Stock",EQUITY,NYSE
FNG,Leverage Shares 2X Long FN Daily ETF,ETF,BATS
FNGD,"MicroSectors FANG  Index -3X Inverse Leveraged ETNs due January 8, 2038",EQUITY,NYSE ARCA
FNGG,Direxion Daily NYSE FANG+ Bull 2X ETF,ETF,NYSE ARCA
FNGO,"MicroSectors FANG  Index 2X Leveraged ETNs due January 8, 2038",EQUITY,NYSE ARCA
FNGS,"MicroSectors FANG  ETNs due January 8, 2038",ETF,NYSE ARCA
FNGU,MicroSectors FANG+ 3X Leveraged ETNs,ETF,NYSE ARCA
FNOV,FT Vest U.S. Equity Buffer ETF - November,ETF,BATS
FNV,Franco-Nevada Corporation,EQUITY,NYSE
FOA,Finance of America Companies Inc. Class A Common Stock,EQUITY,NYSE
FOCT,FT Vest U.S. Equity Buffer ETF - October,ETF,BATS
FOF,"Cohen & Steers Closed-End Opportunity Fund, Inc. Common Stock",EQUITY,NYSE
FOIL,"Londian Wason New Energy Tech Inc. American Depositary Shares, each representing five Ordinary Shares",EQUITY,NYSE
FOMG,Leverage Shares 2X Long FORM Daily ETF,ETF,BATS
FOPC,Frontier Asset Opportunistic Credit ETF,ETF,NYSE ARCA
FOR,Forestar Group Inc Common Stock,EQUITY,NYSE
FORH,Formidable ETF,ETF,BATS
FOTO,Tuttle Capital Pure Play Photonics ETF,ETF,BATS
FOUR,"Shift4 Payments, Inc. Class A Common Stock",EQUITY,NYSE
FOWF,Pacer Solactive Whitney Future of Warfare ETF,ETF,BATS
FOXY,Simplify Currency Strategy ETF,ETF,NYSE ARCA
FPAA,FPA Global Allocation ETF,ETF,BATS
FPAG,FPA Global Equity ETF,ETF,BATS
FPAS,FPA Short Duration Government ETF,ETF,BATS
FPH,"Five Point Holdings, LLC Class A Common Shares",EQUITY,NYSE
FPI,Farmland Partners Inc. Common Stock,EQUITY,NYSE
FPRO,Fidelity Real Estate Investment ETF,ETF,BATS
FPS,"Forgent Power Solutions, Inc. Class A Common Stock",EQUITY,NYSE
FPSX,Leverage Shares 2X Long FPS Daily ETF,ETF,BATS
FPWR,First Trust EIP Power Solutions ETF,ETF,NYSE ARCA
FPX,First Trust US Equity Opportunities ETF,ETF,NYSE ARCA
FQAL,Fidelity Quality Factor ETF,ETF,NYSE ARCA
FR,"First Industrial Realty Trust, Inc. Common Stock",EQUITY,NYSE
FRA,Blackrock Floating Rate Income Strategies Fund Inc  Common Stock,EQUITY,NYSE
FRDM,Freedom 100 Emerging Markets ETF,ETF,BATS
FREL,Fidelity MSCI Real Estate Index ETF,ETF,NYSE ARCA
FRGN,Horizon International Equity ETF,ETF,NYSE ARCA
FRI,First Trust S&P REIT Index Fund,ETF,NYSE ARCA
FRIZ,Franklin Dividend Growth ETF,ETF,NYSE ARCA
FRNW,Fidelity Clean Energy ETF,ETF,BATS
FRO,Frontline Plc Ordinary Shares,EQUITY,NYSE
FRT,Federal Realty Investment Trust Common Stock,EQUITY,NYSE
FRTY,Alger Mid Cap 40 ETF,ETF,NYSE ARCA
FRUT,Yorkville America MANGOS Plus Index ETF,ETF,NYSE ARCA
FSCC,Federated Hermes MDT Small Cap Core ETF,ETF,NYSE ARCA
FSCO,FS Credit Opportunities Corp. Common Stock,EQUITY,NYSE
FSEC,Fidelity Investment Grade Securitized ETF,ETF,NYSE ARCA
FSEG,Fidelity Enhanced Small Cap Growth ETF,ETF,NYSE ARCA
FSEP,FT Vest U.S. Equity Buffer ETF - September,ETF,BATS
FSEV,Fidelity Enhanced Small Cap Value ETF,ETF,NYSE ARCA
FSI,Flexible Solutions International Inc. Common Stock (CDA),EQUITY,NYSE AMERICAN
FSIG,First Trust Limited Duration Investment Grade Corporate ETF,ETF,NYSE ARCA
FSK,FS KKR Capital Corp. Common Stock,EQUITY,NYSE
FSM,Fortuna Mining Corp. Common Shares,EQUITY,NYSE
FSMB,First Trust Short Duration Managed Municipal ETF,ETF,NYSE ARCA
FSMD,Fidelity Small-Mid Multifactor ETF,ETF,NYSE ARCA
FSML,Franklin Small Cap Enhanced ETF,ETF,NYSE ARCA
FSOL,Fidelity Solana Fund,ETF,NYSE ARCA
FSP,Franklin Street Properties Corp. Common Stock,EQUITY,NYSE AMERICAN
FSPC,First Trust Bloomberg Space Economy ETF,ETF,NYSE ARCA
FSS,Federal Signal Corporation Common Stock,EQUITY,NYSE
FSSL,FS Specialty Lending Fund Common Shares of Beneficial Interest,EQUITY,NYSE
FSTA,Fidelity MSCI Consumer Staples Index ETF,ETF,NYSE ARCA
FSYD,Fidelity Sustainable High Yield ETF,ETF,NYSE ARCA
FT,Franklin Universal Trust Common Stock,EQUITY,NYSE
FTBD,Fidelity Tactical Bond ETF,ETF,NYSE ARCA
FTBI,First Trust Balanced Income ETF,ETF,NYSE ARCA
FTCA,Franklin California Municipal Income ETF,ETF,NYSE ARCA
FTCB,First Trust Core Investment Grade ETF,ETF,NYSE ARCA
FTCE,First Trust New Constructs Core Earnings Leaders ETF,ETF,NYSE ARCA
FTEC,Fidelity MSCI Information Technology Index ETF,ETF,NYSE ARCA
FTF,Franklin Limited Duration Income Trust Common Shares of Beneficial Interest,EQUITY,NYSE AMERICAN
FTHB,FIS Faith Income ETF,ETF,NYSE ARCA
FTHF,First Trust Emerging Markets Human Flourishing ETF,ETF,NYSE ARCA
FTHY,First Trust High Yield Opportunities 2027 Term Fund Common Stock,EQUITY,NYSE
FTI,TechnipFMC plc Ordinary Share,EQUITY,NYSE
FTIF,First Trust Bloomberg Inflation Sensitive Equity ETF,ETF,NYSE ARCA
FTK,"Flotek Industries, Inc. Common Stock",EQUITY,NYSE
FTKI,First Trust Small Cap BuyWrite Income ETF,ETF,NYSE ARCA
FTLS,First Trust Long/Short Equity,ETF,NYSE ARCA
FTMA,Franklin Massachusetts Municipal Income ETF,ETF,NYSE ARCA
FTMH,Franklin Municipal High Yield ETF,ETF,NYSE ARCA
FTMN,Franklin Minnesota Municipal Income ETF,ETF,NYSE ARCA
FTMS,Franklin Short-Term Municipal Income ETF,ETF,NYSE ARCA
FTMU,Franklin Municipal Income ETF,ETF,NYSE ARCA
FTNJ,Franklin New Jersey Municipal Income ETF,ETF,NYSE ARCA
FTNY,Franklin New York Municipal Income ETF,ETF,NYSE ARCA
FTOH,Franklin Ohio Municipal Income ETF,ETF,NYSE ARCA
FTPA,Franklin Pennsylvania Municipal Income ETF,ETF,NYSE ARCA
FTRA,FutureCorp Space Acquisition 1 Class A Ordinary Shares,EQUITY,NYSE
FTRB,Federated Hermes Total Return Bond ETF,ETF,NYSE ARCA
FTS,Fortis Inc. Common Shares,EQUITY,NYSE
FTSD,Franklin Short Duration U.S. Government ETF,ETF,NYSE ARCA
FTV,Fortive Corporation Common Stock,EQUITY,NYSE
FTW,Presidio Production Company Class A Common Stock,EQUITY,NYSE
FTWO,Strive Natural Resources and Security ETF,ETF,NYSE
FUBO,FuboTV Inc. Class A Common Stock,EQUITY,NYSE
FUL,H. B. Fuller Company Common Stock,EQUITY,NYSE
FUMB,First Trust Ultra Short Duration Municipal ETF,ETF,NYSE ARCA
FUN,Six Flags Entertainment Corporation Common Stock New,EQUITY,NYSE
FURY,Fury Gold Mines Limited Common Shares,EQUITY,NYSE AMERICAN
FUSD,Federated Hermes Ultrashort Bond ETF,ETF,BATS
FUSI,American Century Ultrashort Income ETF,ETF,NYSE ARCA
FUTY,Fidelity MSCI Utilities Index ETF,ETF,NYSE ARCA
FVAL,Fidelity Value Factor ETF,ETF,NYSE ARCA
FVD,First Trust VL Dividend,ETF,NYSE ARCA
FVR,"FrontView REIT, Inc. Common Stock",EQUITY,NYSE
FVRR,"Fiverr International Ltd. Ordinary Shares, no par value",EQUITY,NYSE
FWD,AB Disruptors ETF,ETF,NYSE ARCA
FXA,Invesco CurrencyShares Australian Dollar Trust,ETF,NYSE ARCA
FXB,Invesco CurrencyShares British Pound Sterling Trust,ETF,NYSE ARCA
FXC,Invesco CurrencyShares Canadian Dollar Trust,ETF,NYSE ARCA
FXD,First Trust Cons. Discret. AlphaDEX,ETF,NYSE ARCA
FXE,Invesco CurrencyShares Euro Currency Trust,ETF,NYSE ARCA
FXED,Sound Enhanced Fixed Income ETF,ETF,NYSE
FXF,Invesco CurrencyShares Swiss Franc Trust,ETF,NYSE ARCA
FXG,First Trust Cons. Staples AlphaDEX,ETF,NYSE ARCA
FXH,First Trust Health Care AlphaDEX,ETF,NYSE ARCA
FXI,iShares China Large-Cap ETF,ETF,NYSE ARCA
FXL,First Trust Technology AlphaDEX,ETF,NYSE ARCA
FXN,First Trust Energy AlphaDEX Fund,ETF,NYSE ARCA
FXO,First Trust Financials AlphaDEX,ETF,NYSE ARCA
FXP,ProShares UltraShort FTSE China 50,ETF,NYSE ARCA
FXR,First Trust Industrials AlphaDEX,ETF,NYSE ARCA
FXU,First Trust Utilities AlphaDEX Fund,ETF,NYSE ARCA
FXY,Invesco CurrencyShares Japanese Yen Trust,ETF,NYSE ARCA
FXZ,First Trust Materials AlphaDEX Fund,ETF,NYSE ARCA
FYEE,Fidelity Yield Enhanced Equity ETF,ETF,BATS
FYLD,Cambria Foreign Shareholder Yield ETF,ETF,BATS
G,Genpact Limited Common Stock,EQUITY,NYSE
GAA,Cambria Global Asset Allocation ETF,ETF,BATS
GAB,"Gabelli Equity Trust, Inc. (The) Common Stock",EQUITY,NYSE
GAB$H,"Gabelli Equity Trust, Inc. (The) Pfd Ser H",EQUITY,NYSE
GABF,Gabelli ETFs Trust Gabelli Financial Services Opportunities ETF,ETF,NYSE ARCA
GAEM,Simplify Gamma Emerging Market Bond ETF,ETF,NYSE ARCA
GAIQ,Guinness Atkinson Global Innovators Fund: ETF Class Shares,ETF,NYSE ARCA
GAL,State Street Global Allocation ETF,ETF,NYSE ARCA
GALX,VistaShares Space Supercycle ETF,ETF,NYSE ARCA
GAM,"General American Investors, Inc. Common Stock",EQUITY,NYSE
GAMR,Amplify Video Game Leaders ETF,ETF,NYSE ARCA
GAP,"Gap, Inc. (The) Common Stock",EQUITY,NYSE
GAPR,FT Vest U.S. Equity Moderate Buffer ETF - April,ETF,BATS
GARA,Guinness Atkinson Real Assets Income ETF,ETF,NYSE ARCA
GARP,iShares MSCI USA Quality GARP ETF,ETF,BATS
GASZ,Corgi Natural Gas Power & Turbines ETF,ETF,BATS
GATX,GATX Corporation Common Stock,EQUITY,NYSE
GAU,Galiano Gold Inc.,EQUITY,NYSE AMERICAN
GAUG,FT Vest U.S. Equity Moderate Buffer ETF - August,ETF,BATS
GBAB,Guggenheim Taxable Municipal Bond & Investment Grade Debt Trust Common Shares of Beneficial Interest,EQUITY,NYSE
GBCI,"Glacier Bancorp, Inc. Common Stock",EQUITY,NYSE
GBHI,Gabelli High Income ETF,ETF,NYSE ARCA
GBIL,Goldman Sachs Access Treasury 0-1 Year ETF,ETF,NYSE ARCA
GBND,Goldman Sachs Core Bond ETF,ETF,NYSE ARCA
GBR,"New Concept Energy, Inc Common Stock",EQUITY,NYSE AMERICAN
GBTC,Grayscale Bitcoin Trust (BTC),ETF,NYSE ARCA
GBTG,"Global Business Travel Group, Inc. Class A Common Stock",EQUITY,NYSE
GBX,"Greenbrier Companies, Inc. (The) Common Stock",EQUITY,NYSE
GCAD,Gabelli Commercial Aerospace and Defense ETF,ETF,NYSE ARCA
GCAL,Goldman Sachs Dynamic California Municipal Income ETF,ETF,NYSE ARCA
GCC,WisdomTree EnhancedContinuous Commodity Index Fund,ETF,NYSE ARCA
GCDT,Green Circle Decarbonize Technology Limited Class A Ordinary Shares,EQUITY,NYSE AMERICAN
GCLO,Guggenheim Investment Grade CLO ETF,ETF,NYSE ARCA
GCO,Genesco Inc. Common Stock,EQUITY,NYSE
GCOR,Goldman Sachs Access U.S. Aggregate Bond ETF,ETF,NYSE ARCA
GCOW,Pacer Global Cash Cows Dividend ETF,ETF,BATS
GCPB,Goldman Sachs Core Plus Bond ETF,ETF,NYSE
GCPU,Grayscale AI Compute ETF,ETF,NYSE ARCA
GCSH,Guggenheim Ultra Short Income ETF,ETF,NYSE ARCA
GCTS,"GCT Semiconductor Holding, Inc. Common Stock",EQUITY,NYSE
GCV,"Gabelli Convertible and Income Securities Fund, Inc. (The) Common Stock",EQUITY,NYSE
GD,General Dynamics Corporation Common Stock,EQUITY,NYSE
GDDY,GoDaddy Inc. Class A Common Stock,EQUITY,NYSE
GDE,WisdomTree Efficient Gold Plus Equity Strategy Fund,ETF,BATS
GDEC,FT Vest U.S. Equity Moderate Buffer ETF - December,ETF,BATS
GDIV,Harbor Dividend Growth Leaders ETF,ETF,NYSE
GDL,"GDL Fund, The Common Shares of Beneficial Interest",EQUITY,NYSE
GDLC,Grayscale CoinDesk Crypto 5 ETF,ETF,NYSE ARCA
GDMA,Gadsden Dynamic Multi-Asset ETF,ETF,BATS
GDMN,WisdomTree Efficient Gold Plus Gold Miners Strategy Fund,ETF,BATS
GDO,Western Asset Global Corporate Opportunity Fund Inc. Common Stock,EQUITY,NYSE
GDOC,Goldman Sachs Future Health Care Equity ETF,ETF,NYSE ARCA
GDOG,Grayscale Dogecoin Trust ETF,ETF,NYSE ARCA
GDOT,"Green Dot Corporation Class A Common Stock, $0.001 par value",EQUITY,NYSE
GDT,WisdomTree Efficient TIPS Plus Gold Fund,ETF,BATS
GDV,Gabelli Dividend & Income Trust Common Shares of Beneficial Interest,EQUITY,NYSE
GDX,VanEck Gold Miners ETF,ETF,NYSE ARCA
GDXD,MicroSectors Gold Miners -3X Inverse Leveraged ETNs,ETF,NYSE ARCA
GDXJ,VanEck Junior Gold Miners ETF,ETF,NYSE ARCA
GDXU,MicroSectors Gold Miners 3X Leveraged ETN,ETF,NYSE ARCA
GDXW,Roundhill Gold Miners WeeklyPay ETF,ETF,BATS
GDXY,YieldMax Gold Miners Option Income Strategy ETF,ETF,NYSE ARCA
GE,GE Aerospace Common Stock,EQUITY,NYSE
GEEQ,Guggenheim Enhanced Equity Income ETF,ETF,NYSE ARCA
GEF,Greif Inc. Class A Common Stock,EQUITY,NYSE
GEF-B,"Greif, Inc. Corporation Class B Common Stock",EQUITY,NYSE
GEM,Goldman Sachs ActiveBeta Emerging Markets Equity ETF,ETF,NYSE ARCA
GEMD,Goldman Sachs Access Emerging Markets USD Bond ETF,ETF,BATS
GENC,"Gencor Industries, Inc. Common Stock",EQUITY,NYSE AMERICAN
GEND,Genter Capital Dividend Income ETF,ETF,NYSE ARCA
GENI,Genius Sports Limited Ordinary Shares,EQUITY,NYSE
GENM,Genter Capital Municipal Quality Intermediate ETF,ETF,NYSE ARCA
GENT,Genter Capital Taxable Quality Intermediate ETF,ETF,NYSE ARCA
GENW,Genter Capital International Dividend ETF,ETF,NYSE ARCA
GEO,Geo Group Inc (The) REIT,EQUITY,NYSE
GETY,"Getty Images Holdings, Inc. Class A Common Stock",EQUITY,NYSE
GEV,GE Vernova Inc. Common Stock,EQUITY,NYSE
GEVC,Corgi GEV 2x Daily ETF,ETF,BATS
GEVX,Tradr 2X Long GEV Daily ETF,ETF,BATS
GF,"New Germany Fund, Inc. (The) Common Stock",EQUITY,NYSE
GFEB,FT Vest U.S. Equity Moderate Buffer ETF - February,ETF,BATS
GFF,Griffon Corporation Common Stock,EQUITY,NYSE
GFI,Gold Fields Limited American Depositary Shares,EQUITY,NYSE
GFL,"GFL Environmental Inc. Subordinate voting shares, no par value",EQUITY,NYSE
GFR,Greenfire Resources Ltd. Common Shares,EQUITY,NYSE
GFSG,Leverage Shares 2X Long GFS Daily ETF,ETF,BATS
GGB,Gerdau S.A. Common Stock,EQUITY,NYSE
GGG,Graco Inc. Common Stock,EQUITY,NYSE
GGM,GGM Macro Alignment ETF,ETF,NYSE ARCA
GGME,Invesco Next Gen Media and Gaming ETF,ETF,NYSE ARCA
GGN,"GAMCO Global Gold, Natural Resources & Income Trust",EQUITY,NYSE AMERICAN
GGN$B,"GAMCO Global Gold, Natural Reources & Income Trust 5.00% Series B Cumulative 25.00 Liquidation Preference",EQUITY,NYSE AMERICAN
GGOV,iShares Global Government Bond USD Hedged Active ETF,ETF,NYSE ARCA
GGRW,Gabelli Growth Innovators ETF,ETF,NYSE ARCA
GGT,"Gabelli Multi-Media Trust, Inc. (The) Common Stock",EQUITY,NYSE
GGTL,Gabelli Global Technology Leaders ETF,ETF,NYSE ARCA
GGUS,Goldman Sachs MarketBeta Russell 1000 Growth Equity ETF,ETF,NYSE ARCA
GGZ,Gabelli Global Small and Mid Cap Value Trust (The) Common Shares of Beneficial Interest,EQUITY,NYSE
GHC,Graham Holdings Company Common Stock,EQUITY,NYSE
GHG,"GreenTree Hospitality Group Ltd. American depositary shares, each representing one Class A ordinary share",EQUITY,NYSE
GHM,Graham Corporation Common Stock,EQUITY,NYSE
GHTA,Goose Hollow Tactical Allocation ETF,ETF,BATS
GHY,"PGIM Global High Yield Fund, Inc.",EQUITY,NYSE
GHYB,Goldman Sachs Access High Yield Corporate Bond ETF,ETF,NYSE ARCA
GHYG,iShares US & Intl High Yield Corp Bond ETF,ETF,BATS
GIAX,Nicholas Global Equity and Income ETF,ETF,NYSE ARCA
GIB,CGI Inc. Common Stock,EQUITY,NYSE
GIC,Global Industrial Company Common Stock,EQUITY,NYSE
GIGB,Goldman Sachs Access Investment Grade Corporate Bond ETF,ETF,NYSE ARCA
GIGL,Goldman Sachs Corporate Bond ETF,ETF,NYSE ARCA
GII,State Street SPDR S&P Global Infrastructure ETF,ETF,NYSE ARCA
GIL,"Gildan Activewear, Inc. Class A Sub. Vot. Common Stock",EQUITY,NYSE
GINC,Goldman Sachs Income ETF,ETF,NYSE ARCA
GINN,Goldman Sachs Innovate Equity ETF,ETF,NYSE ARCA
GIS,"General Mills, Inc. Common Stock",EQUITY,NYSE
GISC,Guggenheim Securitized Income ETF,ETF,NYSE ARCA
GJAN,FT Vest U.S. Equity Moderate Buffer ETF - January,ETF,BATS
GJH,Synthetic Fixed-Income Securities Inc 6.375% (STRATS) Cl A-1,EQUITY,NYSE
GJO,"Synthetic Fixed-Income Securities, Inc. on behalf of STRATS(SM) Trust for Wal-Mart Stores, Inc. Securities, Series 2004-5",EQUITY,NYSE
GJP,"Synthetic Fixed-Income Securities, Inc. on behalf of STRATS (SM) Trust for Dominion Resources, Inc. Securities, Series 2005-6, Floating Rate Structured Repackaged Asset-Backed Trust Securities (STRATS) Certificates",EQUITY,NYSE
GJR,"Synthetic Fixed-Income Securities, Inc. STRATS Trust for Procter&Gamble Securities, Series 2006-1",EQUITY,NYSE
GJS,"Goldman Sachs Group Securities STRATS Trust for Goldman Sachs Group Securities, Series 2006-2",EQUITY,NYSE
GJT,"Synthetic Fixed-Income Securities, Inc. Floating Rate Structured Repackaged Asset-Backed Trust Securities Certificates, Series 2006-3",EQUITY,NYSE
GJUL,FT Vest U.S. Equity Moderate Buffer ETF - July,ETF,BATS
GJUN,FT Vest U.S. Equity Moderate Buffer ETF - June,ETF,BATS
GK,AdvisorShares Gerber Kawasaki ETF,ETF,NYSE ARCA
GKOS,Glaukos Corporation Common Stock,EQUITY,NYSE
GL,Globe Life Inc. Common Stock,EQUITY,NYSE
GL$D,Globe Life Inc. 4.25% Junior Subordinated Debentures due 2061,EQUITY,NYSE
GLAM,"Corgi Beauty, Skincare & Aesthetics ETF",ETF,BATS
GLAS,Glass House Brands Inc. Subordinate Voting Shares,EQUITY,NYSE
GLBL,Pacer MSCI World Industry Advantage ETF,ETF,BATS
GLD,SPDR Gold Shares,ETF,NYSE ARCA
GLDG,GoldMining Inc. Common Shares,EQUITY,NYSE AMERICAN
GLDM,SPDR Gold MiniShares Trust,ETF,NYSE ARCA
GLDN,Nicholas Gold Income ETF,ETF,NYSE ARCA
GLDW,Roundhill Gold WeeklyPay ETF,ETF,BATS
GLED,GalaxyEdge Acquisition Corporation Ordinary Shares,EQUITY,NYSE
GLIN,VanEck India Growth Leaders ETF,ETF,NYSE ARCA
GLIX,Lazard Listed Infrastructure ETF,ETF,NYSE ARCA
GLL,ProShares UltraShort Gold,ETF,NYSE ARCA
GLNK,Grayscale Chainlink Trust ETF,ETF,NYSE ARCA
GLO,Clough Global Opportunities Fund Common Stock,EQUITY,NYSE AMERICAN
GLOB,Globant S.A. Common Shares,EQUITY,NYSE
GLOF,iShares Global Equity Factor ETF,ETF,NYSE ARCA
GLQ,Clough Global Equity Fund Clough Global Equity Fund Common Shares of Beneficial Interest,EQUITY,NYSE AMERICAN
GLRY,Inspire Growth ETF,ETF,NYSE ARCA
GLTR,abrdn Physical Precious Metals Basket Shares ETF,ETF,NYSE ARCA
GLU,Gabelli Global Utility Common Shares of Beneficial Ownership,EQUITY,NYSE AMERICAN
GLV,Clough Global Dividend and Income Fund Common Shares of beneficial interest,EQUITY,NYSE AMERICAN
GLW,Corning Incorporated Common Stock,EQUITY,NYSE
GLX,Corgi GLXY 2x Daily ETF,ETF,BATS
GLXU,T-REX 2X Long GLXY Daily Target ETF,ETF,BATS
GM,General Motors Company Common Stock,EQUITY,NYSE
GMAR,FT Vest U.S. Equity Moderate Buffer ETF - March,ETF,BATS
GMAY,FT Vest U.S. Equity Moderate Buffer ETF - May,ETF,BATS
GME,GameStop Corporation Common Stock,EQUITY,NYSE
GMEC,Corgi GME 2x Daily ETF,ETF,BATS
GMED,"Globus Medical, Inc. Class A Common Stock",EQUITY,NYSE
GMEU,T-REX 2X Long GME Daily Target ETF,ETF,BATS
GMEY,YieldMax GME Option Income Strategy ETF,ETF,NYSE ARCA
GMF,State Street SPDR S&P Emerging Asia Pacific ETF,ETF,NYSE ARCA
GMMA,GammaRoad Market Navigation ETF,ETF,NYSE ARCA
GMMF,iShares Government Money Market ETF,ETF,NYSE
GMNY,Goldman Sachs Dynamic New York Municipal Income ETF,ETF,NYSE ARCA
GMOC,GMO Ultra-Short Income ETF,ETF,NYSE ARCA
GMOD,GMO Dynamic Allocation ETF,ETF,NYSE ARCA
GMOI,GMO International Value ETF,ETF,NYSE ARCA
GMOM,Cambria Global Momentum ETF,ETF,BATS
GMOV,GMO US Value ETF,ETF,NYSE ARCA
GMRS,GMR Solutions Inc. Class A Common Stock,EQUITY,NYSE
GMTL,Guardian Metal Resources PLC ADS,EQUITY,NYSE AMERICAN
GMUB,Goldman Sachs Municipal Income ETF,ETF,NYSE ARCA
GNE,Genie Energy Ltd. Class B Common Stock Stock,EQUITY,NYSE
GNK,Genco Shipping & Trading Limited Ordinary Shares New (Marshall Islands),EQUITY,NYSE
GNL,"Global Net Lease, Inc. Common Stock",EQUITY,NYSE
GNMX,Corgi Genomics & Precision Medicine ETF,ETF,BATS
GNOV,FT Vest U.S. Equity Moderate Buffer ETF - November,ETF,BATS
GNR,State Street SPDR S&P Global Natural Resources ETF,ETF,NYSE ARCA
GNRC,Generac Holdlings Inc. Common Stock,EQUITY,NYSE
GNS,Genius Group Limited Ordinary Shares,EQUITY,NYSE AMERICAN
GNT,"GAMCO Natural Resources, Gold & Income Trust",EQUITY,NYSE
GNW,Genworth Financial Inc Common Stock,EQUITY,NYSE
GOAU,US Global GO Gold and Precious Metal Miners ETF,ETF,NYSE ARCA
GOCT,FT Vest U.S. Equity Moderate Buffer ETF - October,ETF,BATS
GOEX,Global X Gold Explorers ETF,ETF,NYSE ARCA
GOF,Guggenheim Strategic Opportunities Fund Common Shares of Beneficial Interest,EQUITY,NYSE
GOGL,Corgi GOOGL 2x Daily ETF,ETF,BATS
GOIB,Direxion GOOGL Defined Income Boost ETF,ETF,BATS
GOLD,"Gold.com, Inc. Common Stock",EQUITY,NYSE
GOLF,Acushnet Holdings Corp. Common Stock,EQUITY,NYSE
GOLS,Gabelli Opportunities in Live and Sports ETF,ETF,NYSE ARCA
GOLY,Strategy Shares Gold Enhanced Yield ETF,ETF,BATS
GOOL,Leverage Shares 2X Long GOOGL Daily ETF,ETF,BATS
GOOP,Kurv Yield Premium Strategy Google (GOOGL) ETF,ETF,BATS
GOOS,Canada Goose Holdings Inc. Subordinate Voting Shares,EQUITY,NYSE
GOOW,Roundhill GOOGL WeeklyPay ETF,ETF,BATS
GOOX,T-Rex 2X Long Alphabet Daily Target ETF,ETF,BATS
GOOY,YieldMax GOOGL Option Income Strategy ETF,ETF,NYSE ARCA
GOP,Subversive Congressional Republicans Trading ETF,ETF,BATS
GORO,Goldgroup Mining Inc. Common Shares,EQUITY,NYSE AMERICAN
GOTU,Gaotu Techedu Inc. American Depositary Shares,EQUITY,NYSE
GOVM,iShares 1-10 Year Treasury Bond ETF,ETF,BATS
GOVT,iShares U.S. Treasury Bond ETF,ETF,BATS
GOVZ,iShares 25  Year Treasury STRIPS Bond ETF,ETF,BATS
GPC,Genuine Parts Company Common Stock,EQUITY,NYSE
GPGI,"GPGI, Inc. Class A Common Stock",EQUITY,NYSE
GPI,"Group 1 Automotive, Inc. Common Stock",EQUITY,NYSE
GPK,Graphic Packaging Holding Company,EQUITY,NYSE
GPMT,Granite Point Mortgage Trust Inc. Common Stock,EQUITY,NYSE
GPN,Global Payments Inc. Common Stock,EQUITY,NYSE
GPOR,Gulfport Energy Corporation Common Shares,EQUITY,NYSE
GPRK,Geopark Ltd Common Shares,EQUITY,NYSE
GPTY,YieldMax AI & Tech Portfolio Option Income ETF,ETF,NYSE ARCA
GPUS,"Hyperscale Data, Inc. Common Stock",EQUITY,NYSE AMERICAN
GPZ,VanEck Alternative Asset Manager ETF,ETF,NYSE ARCA
GQGU,GQG US Equity ETF,ETF,NYSE ARCA
GQI,Natixis Gateway Quality Income ETF,ETF,NYSE ARCA
GQRE,Northern Trust Global Quality Real Estate ETF,ETF,NYSE ARCA
GRBK,"Green Brick Partners, Inc. Common Stock",EQUITY,NYSE
GRC,Gorman-Rupp Company (The) Common Stock,EQUITY,NYSE
GRDN,"Guardian Pharmacy Services, Inc. Class A Common Stock",EQUITY,NYSE
GREK,Global X MSCI Greece ETF,ETF,NYSE ARCA
GRF,"Eagle Capital Growth Fund, Inc. Common Stock",EQUITY,NYSE AMERICAN
GRMN,Garmin Ltd. Common Stock (Switzerland),EQUITY,NYSE
GRNB,VanEck Green Bond ETF,ETF,NYSE ARCA
GRND,Grindr Inc. Common Stock,EQUITY,NYSE
GRNI,Fundstrat Granny Shots US Large Cap & Income ETF,ETF,NYSE ARCA
GRNJ,Fundstrat Granny Shots US Small- & Mid-Cap ETF,ETF,NYSE ARCA
GRNT,"Granite Ridge Resources, Inc. Common Stock",EQUITY,NYSE
GRNY,Fundstrat Granny Shots US Large Cap ETF,ETF,NYSE ARCA
GRO,Brazil Potash Corp. Common Shares,EQUITY,NYSE AMERICAN
GROV,"Grove Collaborative Holdings, Inc. Class A Common Stock",EQUITY,NYSE
GROY,Gold Royalty Corp. Common Shares,EQUITY,NYSE AMERICAN
GROZ,Zacks Focus Growth ETF,ETF,BATS
GRPM,Invesco S&P MidCap 400 GARP ETF,ETF,NYSE ARCA
GRPZ,Invesco S&P SmallCap 600 GARP ETF,ETF,NYSE ARCA
GRX,The Gabelli Healthcare & Wellness Trust Common Shares of Beneficial Interest,EQUITY,NYSE
GS,"Goldman Sachs Group, Inc. (The) Common Stock",EQUITY,NYSE
GS$D,"Goldman Sachs Group, Inc. (The) Dep Shs repstg 1/1000 Pfd Ser D Fltg",EQUITY,NYSE
GSBD,"Goldman Sachs BDC, Inc. Common Stock",EQUITY,NYSE
GSC,Goldman Sachs Small Cap Equity ETF,ETF,NYSE ARCA
GSEE,Goldman Sachs MarketBeta Emerging Markets Equity ETF,ETF,BATS
GSEP,FT Vest U.S. Equity Moderate Buffer ETF - September,ETF,BATS
GSEU,Goldman Sachs ActiveBeta Europe Equity ETF,ETF,NYSE ARCA
GSEW,Goldman Sachs Equal Weight U.S. Large Cap Equity ETF,ETF,BATS
GSG,iShares GSCI Commodity-Indexed Trust Fund,ETF,NYSE ARCA
GSID,Goldman Sachs MarketBeta International Equity ETF,ETF,BATS
GSIE,Goldman Sachs ActiveBeta International Equity ETF,ETF,NYSE ARCA
GSJY,Goldman Sachs ActiveBeta Japan Equity ETF,ETF,NYSE ARCA
GSK,GSK plc American Depositary Shares (Each representing two Ordinary Shares),EQUITY,NYSE
GSKH,GSK plc ADRhedged,ETF,NYSE ARCA
GSL,Global Ship Lease Inc New Class A Common Shares,EQUITY,NYSE
GSLC,Goldman Sachs ActiveBeta U.S. Large Cap Equity ETF,ETF,NYSE ARCA
GSOL,Grayscale Solana Staking ETF,ETF,NYSE ARCA
GSPY,Gotham Enhanced 500 ETF,ETF,NYSE ARCA
GSSC,GS ActiveBeta U.S. Small Cap Equity ETF,ETF,NYSE ARCA
GSST,Goldman Sachs Ultra Short Bond ETF,ETF,BATS
GSUI,Grayscale Sui Staking ETF,ETF,NYSE ARCA
GSUS,Goldman Sachs MarketBeta U.S. Equity ETF,ETF,BATS
GSWO,Goldman Sachs ActiveBeta World Equity ETF,ETF,BATS
GSY,Invesco Ultra Short Duration ETF,ETF,NYSE ARCA
GTE,Gran Tierra Energy Inc. Common Stock,EQUITY,NYSE AMERICAN
GTEK,Goldman Sachs Future Tech Leaders Equity ETF,ETF,NYSE ARCA
GTES,Gates Industrial Corporation Ltd. Common Shares,EQUITY,NYSE
GTIP,Goldman Sachs Access Inflation Protected USD Bond ETF,ETF,BATS
GTN,"Gray Media, Inc. Common Stock",EQUITY,NYSE
GTN-A,"Gray Media, Inc. Class A Common Stock",EQUITY,NYSE
GTND,Goaltender ETF,ETF,NYSE ARCA
GTO,Invesco Total Return Bond ETF,ETF,NYSE ARCA
GTOC,Invesco Core Fixed Income ETF,ETF,BATS
GTOH,Invesco Short Duration High Yield ETF,ETF,BATS
GTOS,Invesco Short Duration Total Return Bond ETF,ETF,BATS
GTY,Getty Realty Corporation Common Stock,EQUITY,NYSE
GUG,Guggenheim Active Allocation Fund Common Shares of Beneficial Interest,EQUITY,NYSE
GUMI,Goldman Sachs Ultra Short Municipal Income ETF,ETF,NYSE ARCA
GUNR,Northern Trust Morningstar Global Upstream Natural Resources ETF,ETF,NYSE ARCA
GURU,Global X Guru Index ETF,ETF,NYSE ARCA
GUSA,Goldman Sachs MarketBeta U.S. 1000 Equity ETF,ETF,NYSE ARCA
GUSH,Direxion Daily S&P Oil & Gas Exp. & Prod. Bull 2X ETF,ETF,NYSE ARCA
GUT,Gabelli Utility Trust (The) Common Stock,EQUITY,NYSE
GVA,Granite Construction Incorporated Common Stock,EQUITY,NYSE
GVAL,Cambria Global Value ETF,ETF,BATS
GVI,iShares Intermediate Government/Credit Bond ETF,ETF,BATS
GVIP,Goldman Sachs Hedge Industry VIP ETF,ETF,NYSE ARCA
GVLU,Gotham 1000 Value ETF,ETF,NYSE ARCA
GVUS,Goldman Sachs MarketBeta Russell 1000 Value Equity ETF,ETF,NYSE ARCA
GWH,"ESS Tech, Inc. Common Stock",EQUITY,NYSE
GWRE,"Guidewire Software, Inc. Common Stock",EQUITY,NYSE
GWW,"W.W. Grainger, Inc. Common Stock",EQUITY,NYSE
GWX,State Street SPDR S&P International Small Cap ETF,ETF,NYSE ARCA
GXC,State Street SPDR S&P China ETF,ETF,NYSE ARCA
GXIG,Global X Investment Grade Corporate Bond ETF,ETF,NYSE ARCA
GXLC,Global X U.S. 500 ETF,ETF,NYSE ARCA
GXO,"GXO Logistics, Inc. Common Stock",EQUITY,NYSE
GXPC,Global X PureCap MSCI Communication Services ETF,ETF,NYSE ARCA
GXPD,Global X PureCap MSCI Consumer Discretionary ETF,ETF,NYSE ARCA
GXPE,Global X PureCap MSCI Energy ETF,ETF,NYSE ARCA
GXPS,Global X PureCap MSCI Consumer Staples ETF,ETF,NYSE ARCA
GXPT,Global X PureCap MSCI Information Technology ETF,ETF,NYSE ARCA
GXRP,Grayscale XRP Trust ETF,ETF,NYSE ARCA
GXUS,Goldman Sachs MarketBeta Total International Equity ETF,ETF,NYSE ARCA
GYLD,Arrow Dow Jones Global Yield ETF ETF,ETF,NYSE
H,Hyatt Hotels Corporation Class A Common Stock,EQUITY,NYSE
HACK,Amplify Cybersecurity ETF,ETF,NYSE ARCA
HAE,Haemonetics Corporation Common Stock,EQUITY,NYSE
HAFN,Hafnia Limited Common Shares,EQUITY,NYSE
HAIL,State Street SPDR S&P Kensho Smart Mobility ETF,ETF,NYSE ARCA
HAKY,Amplify HACK Cybersecurity Covered Call ETF,ETF,NYSE ARCA
HAL,Halliburton Company Common Stock,EQUITY,NYSE
HALX,Tuttle Capital Heavy Assets Low Obsolescence ETF,ETF,BATS
HAP,VanEck Natural Resources ETF,ETF,NYSE ARCA
HAPI,Harbor Human Capital Factor US Large Cap ETF,ETF,NYSE ARCA
HAPS,Harbor Human Capital Factor US Small Cap ETF,ETF,NYSE ARCA
HARD,Simplify Commodities Strategy No K-1 ETF,ETF,NYSE ARCA
HASI,"HA Sustainable Infrastructure Capital, Inc. Common Stock",EQUITY,NYSE
HAUG,Corgi U.S. Equities 100% Structured Buffer ETF - August Series,ETF,BATS
HAUS,Residential REIT ETF,ETF,BATS
HAUZ,Xtrackers International Real Estate ETF,ETF,NYSE ARCA
HAWG,HCM Hedged Equity ETF,ETF,NYSE ARCA
HAWK,"HawkEye 360, Inc. Common Stock",EQUITY,NYSE
HAWX,iShares Currency Hedged MSCI ACWI ex U.S. ETF,ETF,NYSE ARCA
HAYW,"Hayward Holdings, Inc. Common Stock",EQUITY,NYSE
HBB,Hamilton Beach Brands Holding Company Class A Common Stock,EQUITY,NYSE
HBIL,Harbor Short Term Treasury ETF,ETF,NYSE ARCA
HBIT,Hedgeye Hedged Bitcoin ETF,ETF,NYSE ARCA
HBM,Hudbay Minerals Inc. Ordinary Shares (Canada),EQUITY,NYSE
HBMX,Tuttle Capital Concentrated Memory Stack ETF,ETF,BATS
HBRD,Invesco U.S. Hybrid Bond ETF,ETF,NYSE ARCA
HBTA,Horizon Expedition Plus ETF,ETF,NYSE ARCA
HBTC,Fortuna Hedged Bitcoin ETF,ETF,BATS
HCA,"HCA Healthcare, Inc. Common Stock",EQUITY,NYSE
HCC,"Warrior Met Coal, Inc. Common Stock",EQUITY,NYSE
HCI,"HCI Group, Inc. Common Stock",EQUITY,NYSE
HCMT,Direxion HCM Tactical Enhanced US ETF,ETF,NYSE ARCA
HCRB,Hartford Core Bond ETF,ETF,BATS
HD,"Home Depot, Inc. (The) Common Stock",EQUITY,NYSE
HDB,HDFC Bank Limited Common Stock,EQUITY,NYSE
HDEF,Xtrackers MSCI EAFE High Dividend Yield Equity ETF,ETF,NYSE ARCA
HDG,ProShares Hedge Replication ETF,ETF,NYSE ARCA
HDGE,Ranger Equity Bear Bear ETF,ETF,NYSE ARCA
HDLB,"ETRACS Monthly Pay 2xLeveraged US High Dividend Low Volatility ETN Series B due September 30, 2044",ETF,NYSE ARCA
HDMV,First Trust Horizon Managed Volatility Developed International ETF,ETF,NYSE ARCA
HDUS,Hartford Disciplined US Equity ETF,ETF,NYSE ARCA
HDV,iShares Core High Dividend ETF,ETF,NYSE ARCA
HE,"Hawaiian Electric Industries, Inc. Common Stock",EQUITY,NYSE
HECA,Hedgeye Capital Allocation ETF,ETF,NYSE ARCA
HEDG,Equable Shares Hedged Equity ETF,ETF,NYSE ARCA
HEDJ,WisdomTree Europe Hedged Equity Fund,ETF,NYSE ARCA
HEEM,iShares Currency Hedged MSCI Emerging Markets ETF,ETF,BATS
HEFA,iShares Currency Hedged MSCI EAFE ETF,ETF,BATS
HEFT,Hedgeye Fourth Turning ETF,ETF,NYSE ARCA
HEGD,Swan Hedged Equity US Large Cap ETF,ETF,BATS
HEI,Heico Corporation Common Stock,EQUITY,NYSE
HEI-A,Heico Corporation Common Stock,EQUITY,NYSE
HELO,JPMorgan Hedged Equity Laddered Overlay ETF,ETF,NYSE ARCA
HELS,Hedgeye 130/30 Equity ETF,ETF,NYSE ARCA
HELX,Franklin Genomic Advancements ETF,ETF,BATS
HEMI,Hartford Equity Premium Income ETF,ETF,BATS
HEQ,John Hancock Diversified Income Fund Common Shares of Beneficial Interest,EQUITY,NYSE
HEQT,Simplify Hedged Equity ETF,ETF,NYSE ARCA
HESM,Hess Midstream LP Class A Representing Limited Partner Interests,EQUITY,NYSE
HEWJ,iShares Currency Hedged MSCI Japan ETF,ETF,NYSE ARCA
HEZU,iShares Currency Hedged MSCI Eurozone ETF,ETF,NYSE ARCA
HF,DGA Core Plus Absolute Return ETF,ETF,NYSE
HFEQ,Unlimited HFEQ Equity Long/Short ETF,ETF,NYSE
HFGM,Unlimited HFGM Global Macro ETF,ETF,NYSE
HFGO,Hartford Large Cap Growth ETF,ETF,BATS
HFMF,Unlimited HFMF Managed Futures ETF,ETF,NYSE
HFND,Unlimited HFND Multi-Strategy Return Tracker ETF,ETF,NYSE
HFRO,Highland Opportunities and Income Fund Common Shares of Beneficial Interest,EQUITY,NYSE
HFSI,Hartford Strategic Income ETF,ETF,BATS
HFXI,NYLIM FTSE International Equity Currency Neutral ETF,ETF,NYSE ARCA
HG,"Hamilton Insurance Group, Ltd. Class B Common Shares",EQUITY,NYSE
HGER,Harbor Commodity All-Weather Strategy ETF,ETF,NYSE
HGLB,Highland Global Allocation Fund Common Stock,EQUITY,NYSE
HGRO,Hedgeye Quality Growth ETF,ETF,NYSE ARCA
HGTY,"Hagerty, Inc. Class A Common Stock",EQUITY,NYSE
HGV,Hilton Grand Vacations Inc. Common Stock,EQUITY,NYSE
HHH,Howard Hughes Holdings Inc. Common Stock,EQUITY,NYSE
HIAI,Ai Funds High Conviction US Equity AI-Managed ETF,ETF,BATS
HIBL,Direxion Daily S&P 500 High Beta Bull 3X ETF,ETF,NYSE ARCA
HIBS,Direxion Daily S&P 500 High Beta Bear 3X ETF,ETF,NYSE ARCA
HIDV,AB US High Dividend ETF,ETF,NYSE ARCA
HIG,"The Hartford Insurance Group, Inc. Common Stock",EQUITY,NYSE
HIGH,Simplify Enhanced Income ETF,ETF,NYSE ARCA
HII,"Huntington Ingalls Industries, Inc. Common Stock",EQUITY,NYSE
HIMC,Corgi HIMS 2x Daily ETF,ETF,BATS
HIMS,"Hims & Hers Health, Inc. Class A Common Stock",EQUITY,NYSE
HIMU,iShares High Yield Muni Active ETF,ETF,BATS
HIO,"Western Asset High Income Opportunity Fund, Inc. Common Stock",EQUITY,NYSE
HIPO,Hippo Holdings Inc. Common Stock,EQUITY,NYSE
HIPS,GraniteShares HIPS US High Income ETF,ETF,NYSE ARCA
HIW,"Highwoods Properties, Inc. Common Stock",EQUITY,NYSE
HIX,Western Asset High Income Fund II Inc. Common Stock,EQUITY,NYSE
HIYY,YieldMax HIMS Option Income Strategy ETF,ETF,NYSE ARCA
HJLY,Corgi U.S. Equities 100% Structured Buffer ETF - July Series,ETF,BATS
HJUN,Corgi U.S. Equities 100% Structured Buffer ETF - June Series,ETF,BATS
HKD,AMTD Digital Inc. American Depositary Shares (every five of which represent two Class A Ordinary Shares),EQUITY,NYSE
HL,Hecla Mining Company Common Stock,EQUITY,NYSE
HLF,Herbalife Ltd. Common Shares,EQUITY,NYSE
HLI,"Houlihan Lokey, Inc. Class A Common Stock",EQUITY,NYSE
HLIO,"Helios Technologies, Inc. Common Stock",EQUITY,NYSE
HLLY,Holley Inc. Common Stock,EQUITY,NYSE
HLN,Haleon plc American Depositary Shares (Each representing two Ordinary Shares),EQUITY,NYSE
HLSQ,Tessera Defense and Homeland Security Inc. Common Stock,EQUITY,NYSE AMERICAN
HLT,Hilton Worldwide Holdings Inc. Common Stock,EQUITY,NYSE
HMAY,Corgi U.S. Equities 100% Structured Buffer ETF - May Series,ETF,BATS
HMC,"Honda Motor Company, Ltd. Common Stock",EQUITY,NYSE
HMN,Horace Mann Educators Corporation Common Stock,EQUITY,NYSE
HMOP,Hartford Municipal Opportunities ETF,ETF,NYSE ARCA
HMY,Harmony Gold Mining Company Limited,EQUITY,NYSE
HNGE,"Hinge Health, Inc. Class A Common Stock",EQUITY,NYSE
HNI,HNI Corporation Common Stock,EQUITY,NYSE
HODL,VanEck Bitcoin Trust,ETF,BATS
HOG,"Harley-Davidson, Inc. Common Stock",EQUITY,NYSE
HOLA,JPMorgan International Hedged Equity Laddered Overlay ETF,ETF,NYSE ARCA
HOLD,Harbor Alpha Layering ETF,ETF,NYSE ARCA
HOMB,"Home BancShares, Inc. Common Stock",EQUITY,NYSE
HOMZ,Hoya Capital Housing ETF,ETF,NYSE ARCA
HONG,Leverage Shares 2X Long HON Daily ETF,ETF,BATS
HOOC,Corgi HOOD 2x Daily ETF,ETF,BATS
HOOW,Roundhill HOOD WeeklyPay ETF,ETF,BATS
HOOY,YieldMax HOOD Option Income Strategy ETF,ETF,NYSE ARCA
HOS,"Hornbeck Offshore Services, Inc. Common Stock",EQUITY,NYSE
HOST,Host Digital Inc. Class A Common Stock,EQUITY,NYSE AMERICAN
HOV,"Hovnanian Enterprises, Inc. Class A Common Stock",EQUITY,NYSE
HP,"Helmerich & Payne, Inc. Common Stock",EQUITY,NYSE
HPE,Hewlett Packard Enterprise Company Common Stock,EQUITY,NYSE
HPEL,Leverage Shares 2X Long HPE Daily ETF,ETF,BATS
HPF,John Hancock Pfd Income Fund II Pfd Income Fund II,EQUITY,NYSE
HPP,"Hudson Pacific Properties, Inc. Common Stock",EQUITY,NYSE
HPQ,HP Inc. Common Stock,EQUITY,NYSE
HQH,abrdn Healthcare Investors Shares of Beneficial Interest,EQUITY,NYSE
HQL,abrdn Life Sciences Investors Shares of Beneficial Interest,EQUITY,NYSE
HR,Healthcare Realty Trust Incorporated Common Stock,EQUITY,NYSE
HRB,"H&R Block, Inc. Common Stock",EQUITY,NYSE
HRI,Herc Holdings Inc. Common Stock,EQUITY,NYSE
HRL,Hormel Foods Corporation Common Stock,EQUITY,NYSE
HRSK,Toews Agility Shares Hedged Risk ETF,ETF,NYSE ARCA
HRTG,"Heritage Insurance Holdings, Inc. Common Stock",EQUITY,NYSE
HSBC,"HSBC Holdings, plc. Common Stock",EQUITY,NYSE
HSBH,HSBC Holdings plc ADRhedged,ETF,NYSE ARCA
HSCZ,iShares Currency Hedged MSCI EAFE Small-Cap ETF,ETF,NYSE ARCA
HSEP,Corgi U.S. Equities 100% Structured Buffer ETF - September Series,ETF,BATS
HSHP,Himalaya Shipping Ltd. Common Shares,EQUITY,NYSE
HSLV,Highlander Silver Corp. Common Shares,EQUITY,NYSE AMERICAN
HSMV,First Trust Horizon Managed Volatility Small/Mid ETF,ETF,NYSE ARCA
HSY,The Hershey Company Common Stock,EQUITY,NYSE
HTAB,Hartford Schroders Tax-Aware Bond ETF,ETF,NYSE ARCA
HTAX,Nomura National High-Yield Municipal Bond ETF,ETF,NYSE ARCA
HTB,"HomeTrust Bancshares, Inc. Common Stock",EQUITY,NYSE
HTD,John Hancock Tax Advantaged Dividend Income Fund Common Shares of Beneficial Interest,EQUITY,NYSE
HTEC,ROBO Global Healthcare Technology and Innovation ETF,ETF,NYSE ARCA
HTGC,"Hercules Capital, Inc. Common Stock",EQUITY,NYSE
HTH,Hilltop Holdings Inc.,EQUITY,NYSE
HTRB,Hartford Total Return Bond ETF,ETF,NYSE ARCA
HTT,"High Templar Tech Limited American depositary shares, each representing one Class A ordinary share",EQUITY,NYSE
HTUS,Hull Tactical US ETF,ETF,BATS
HUBB,Hubbell Inc Common Stock,EQUITY,NYSE
HUBS,"HubSpot, Inc. Common Stock",EQUITY,NYSE
HULL,Corgi Shipping & Global Logistics ETF,ETF,BATS
HUM,Humana Inc. Common Stock,EQUITY,NYSE
HUMM,800VDC AI Datacenter Ecosystem ETF,ETF,NYSE ARCA
HUMN,Roundhill Humanoid Robotics ETF,ETF,BATS
HUN,Huntsman Corporation Common Stock,EQUITY,NYSE
HUSV,First Trust Horizon Managed Volatility Domestic ETF,ETF,NYSE ARCA
HUYA,"HUYA Inc. American depositary shares, each  representing one Class A ordinary share",EQUITY,NYSE
HVAC,AdvisorShares HVAC and Industrials ETF,ETF,NYSE ARCA
HVT,"Haverty Furniture Companies, Inc. Common Stock",EQUITY,NYSE
HVT-A,"Haverty Furniture Companies, Inc. Common Stock",EQUITY,NYSE
HWM,Howmet Aerospace Inc. Common Stock,EQUITY,NYSE
HXA,Mast HedgeIndex Corporate Arbitrage ETF,ETF,NYSE ARCA
HXC,Mast HedgeIndex Strategic Commodities ETF,ETF,NYSE ARCA
HXE,Mast HedgeIndex Adaptive Equities ETF,ETF,NYSE ARCA
HXF,Mast HedgeIndex Managed Futures Strategy ETF,ETF,NYSE ARCA
HXL,Hexcel Corporation Common Stock,EQUITY,NYSE
HY,"Hyster-Yale, Inc. Class A common stock",EQUITY,NYSE
HYBB,iShares BB Rated Corporate Bond ETF,ETF,NYSE ARCA
HYBL,State Street Blackstone High Income ETF,ETF,BATS
HYBX,TCW High Yield Bond ETF,ETF,NYSE
HYD,VanEck High Yield Muni ETF,ETF,BATS
HYDB,iShares High Yield Systematic Bond ETF,ETF,BATS
HYDW,Xtrackers Low Beta High Yield Bond ETF,ETF,NYSE ARCA
HYEM,VanEck Emerging Markets High Yield Bond ETF,ETF,NYSE ARCA
HYFI,AB High Yield ETF,ETF,NYSE ARCA
HYG,iShares iBoxx $ High Yield Corporate Bond ETF,ETF,NYSE ARCA
HYGD,MicroSectors -3x Short High Yield Corporate Bond (HYG) ETNs,ETF,BATS
HYGH,iShares Interest Rate Hedged High Yield Bond ETF,ETF,NYSE ARCA
HYGM,Amplify HYG High Yield 10% Target Income ETF,ETF,BATS
HYGU,MicroSectors 3x Long High Yield Corporate Bond (HYG) ETNs,ETF,BATS
HYGV,Northern Trust High Yield Value-Scored Bond ETF,ETF,NYSE ARCA
HYGW,iShares High Yield Corporate Bond BuyWrite Strategy ETF,ETF,BATS
HYHG,ProShares High Yield Interest Rate Hedged,ETF,BATS
HYI,Western Asset High Yield Opportunity Fund Inc. Common Stock,EQUITY,NYSE
HYIN,WisdomTree Private Credit and Alternative Income Fund,ETF,BATS
HYLB,Xtrackers USD High Yield Corporate Bond ETF,ETF,NYSE ARCA
HYLN,Hyliion Holdings Corp. Class A Common Stock,EQUITY,NYSE AMERICAN
HYMB,State Street SPDR Nuveen ICE High Yield Municipal Bond ETF,ETF,NYSE ARCA
HYNX,T-REX 2X Long SKHY Daily Target ETF,ETF,NYSE ARCA
HYS,PIMCO 0-5 Year High Yield Corporat Bond Index Exchange-Traded Fund,ETF,NYSE ARCA
HYSA,BondBloxx High Yield Income ETF,ETF,NYSE ARCA
HYSD,Columbia Short Duration High Yield ETF,ETF,NYSE ARCA
HYT,"Blackrock Corporate High Yield Fund, Inc. Common Stock",EQUITY,NYSE
HYTI,FT Vest High Yield & Target Income ETF,ETF,NYSE ARCA
HYTR,Counterpoint High Yield Trend ETF,ETF,NYSE
HYUP,Xtrackers High Beta High Yield Bond ETF,ETF,NYSE ARCA
HZO,"MarineMax, Inc.  (FL) Common Stock",EQUITY,NYSE
IACL,GraniteShares US 100 Autocallable Income ETF,ETF,BATS
IAE,Voya Asia Pacific High Dividend Equity Income Fund ING Asia Pacific High Dividend Equity Income Fund Common Shares of Beneficial Interest,EQUITY,NYSE
IAF,"abrdn Australia Equity Fund, Inc. Common Stock",EQUITY,NYSE AMERICAN
IAG,Iamgold Corporation Ordinary Shares,EQUITY,NYSE
IAGG,iShares International Aggregate Bond Fund,ETF,BATS
IAI,iShares U.S. Broker-Dealers & Securities Exchanges ETF,ETF,NYSE ARCA
IAK,iShares U.S. Insurance ETF,ETF,NYSE ARCA
IAPR,Innovator International Developed Power Buffer ETF  April,ETF,NYSE ARCA
IAT,iShares U.S. Regional Banks ETF,ETF,NYSE ARCA
IAU,iShares Gold Trust Shares,ETF,NYSE ARCA
IAUG,Innovator International Developed Power Buffer ETF  August,ETF,NYSE ARCA
IAUI,NEOS Gold High Income ETF,ETF,BATS
IAUM,iShares Gold Trust Micro Shares,ETF,NYSE ARCA
IAUX,i-80 Gold Corp. Common Shares,EQUITY,NYSE AMERICAN
IBCA,iShares iBonds Dec 2035 Term Corporate ETF,ETF,NYSE ARCA
IBCB,iShares iBonds Dec 2036 Term Corporate ETF,ETF,NYSE ARCA
IBD,Inspire Corporate Bond ETF,ETF,NYSE ARCA
IBDR,iShares iBonds Dec 2026 Term Corporate ETF,ETF,NYSE ARCA
IBDS,iShares iBonds Dec 2027 Term Corporate ETF,ETF,NYSE ARCA
IBDT,iShares iBonds Dec 2028 Term Corporate ETF,ETF,NYSE ARCA
IBDU,iShares iBonds Dec 2029 Term Corporate ETF,ETF,NYSE ARCA
IBDV,iShares iBonds Dec 2030 Term Corporate ETF,ETF,NYSE ARCA
IBDW,iShares iBonds Dec 2031 Term Corporate ETF,ETF,NYSE ARCA
IBDX,iShares iBonds Dec 2032 Term Corporate ETF,ETF,NYSE ARCA
IBDY,iShares iBonds Dec 2033 Term Corporate ETF,ETF,NYSE ARCA
IBDZ,iShares iBonds Dec 2034 Term Corporate ETF,ETF,NYSE ARCA
IBFR,Innovator International Developed Managed 10 Buffer ETF,ETF,NYSE ARCA
IBHF,iShares iBonds 2026 Term High Yield and Income ETF,ETF,BATS
IBHG,iShares iBonds 2027 Term High Yield and Income ETF,ETF,BATS
IBHH,iShares iBonds 2028 Term High Yield and Income ETF,ETF,BATS
IBHI,iShares iBonds 2029 Term High Yield and Income ETF,ETF,BATS
IBHJ,iShares iBonds 2030 Term High Yield and Income ETF,ETF,BATS
IBHK,iShares iBonds 2031 Term High Yield and Income ETF,ETF,BATS
IBHL,iShares iBonds 2032 Term High Yield and Income ETF,ETF,BATS
IBHM,iShares iBonds 2033 Term High Yield and Income ETF,ETF,BATS
IBIC,iShares iBonds Oct 2026 Term TIPS ETF,ETF,NYSE ARCA
IBID,iShares iBonds Oct 2027 Term TIPS ETF,ETF,NYSE ARCA
IBIE,iShares iBonds Oct 2028 Term TIPS ETF,ETF,NYSE ARCA
IBIF,iShares iBonds Oct 2029 Term TIPS ETF,ETF,NYSE ARCA
IBIG,iShares iBonds Oct 2030 Term TIPS ETF,ETF,NYSE ARCA
IBIH,iShares iBonds Oct 2031 Term TIPS ETF,ETF,NYSE ARCA
IBII,iShares iBonds Oct 2032 Term TIPS ETF,ETF,NYSE ARCA
IBIJ,iShares iBonds Oct 2033 Term TIPS ETF,ETF,NYSE ARCA
IBIK,iShares iBonds Oct 2034 Term TIPS ETF,ETF,NYSE ARCA
IBIL,iShares iBonds Oct 2035 Term TIPS ETF,ETF,NYSE ARCA
IBIM,iShares iBonds Oct 2036 Term TIPS ETF,ETF,NYSE ARCA
IBLC,iShares Blockchain and Tech ETF,ETF,NYSE ARCA
IBM,International Business Machines Corporation Common Stock,EQUITY,NYSE
IBMO,iShares iBonds Dec 2026 Term Muni Bond ETF,ETF,BATS
IBMP,iShares iBonds Dec 2027 Term Muni Bond ETF,ETF,BATS
IBMQ,iShares iBonds Dec 2028 Term Muni Bond ETF,ETF,BATS
IBMR,iShares iBonds Dec 2029 Term Muni Bond ETF,ETF,BATS
IBMS,iShares iBonds Dec 2030 Term Muni Bond ETF,ETF,BATS
IBMT,iShares iBonds Dec 2031 Term Muni Bond ETF,ETF,BATS
IBMU,iShares iBonds Dec 2032 Term Muni Bond ETF,ETF,BATS
IBMV,iShares iBonds Dec 2033 Term Muni Bond ETF,ETF,BATS
IBMW,iShares iBonds Dec 2034 Term Muni Bond ETF,ETF,BATS
IBMX,iShares iBonds Dec 2035 Term Muni Bond ETF,ETF,BATS
IBN,ICICI Bank Limited Common Stock,EQUITY,NYSE
IBND,State Street SPDR Bloomberg International Corporate Bond ETF,ETF,NYSE ARCA
IBO,"Impact BioMedical, Inc. Common Stock",EQUITY,NYSE AMERICAN
IBP,"Installed Building Products, Inc. Common Stock",EQUITY,NYSE
IBRN,iShares Neuroscience and Healthcare ETF,ETF,NYSE ARCA
IBTA,"Ibotta, Inc. Class A Common Stock",EQUITY,NYSE
IBUF,Innovator International Developed 10 Buffer ETF - Quarterly,ETF,NYSE ARCA
IBUY,Amplify Online Retail ETF,ETF,NYSE ARCA
IBX,Tradr 2X Long IBM Daily ETF,ETF,BATS
ICAP,Infrastructure Capital Equity Income ETF,ETF,NYSE ARCA
ICE,Intercontinental Exchange Inc. Common Stock,EQUITY,NYSE
ICF,iShares Select U.S. REIT ETF,ETF,BATS
ICL,ICL Group Ltd. Ordinary Shares,EQUITY,NYSE
ICLO,Invesco AAA CLO Floating Rate Note ETF,ETF,BATS
ICOW,Pacer Developed Markets International Cash Cows 100 ETF,ETF,BATS
ICPI,iShares 0-1 Year TIPS Bond ETF,ETF,NYSE ARCA
ICPY,"Tweedy, Browne International Insider + Value ETF",ETF,NYSE ARCA
ICSH,iShares Ultra Short Duration Bond Active ETF,ETF,BATS
ICVT,iShares Convertible Bond ETF,ETF,BATS
IDA,"IDACORP, Inc. Common Stock",EQUITY,NYSE
IDAU,Corgi International Developed Equities 15% Structured Buffer ETF - August Series,ETF,BATS
IDE,"Voya Infrastructure, Industrials and Materials Fund Common Shares of Beneficial Interest",EQUITY,NYSE
IDEC,Innovator International Developed Power Buffer ETF  December,ETF,NYSE ARCA
IDEQ,Lazard International Dynamic Equity ETF,ETF,NYSE ARCA
IDEV,iShares Core MSCI International Developed Markets ETF,ETF,NYSE ARCA
IDGT,iShares U.S. Digital Infrastructure and Real Estate ETF,ETF,NYSE ARCA
IDHQ,Invesco S&P International Developed Quality ETF,ETF,NYSE ARCA
IDJL,Corgi International Developed Equities 15% Structured Buffer ETF - July Series,ETF,BATS
IDJN,Corgi International Developed Equities 15% Structured Buffer ETF - June Series,ETF,BATS
IDLV,Invesco S&P International Developed Low Volatility ETF,ETF,NYSE ARCA
IDMO,Invesco S&P International Developed Momentum ETF,ETF,NYSE ARCA
IDMY,Corgi International Developed Equities 15% Structured Buffer ETF - May Series,ETF,BATS
IDNA,iShares Genomics Immunology and Healthcare ETF,ETF,NYSE ARCA
IDOG,ALPS International Sector Dividend Dogs ETF,ETF,NYSE ARCA
IDR,"Idaho Strategic Resources, Inc. Common Stock",EQUITY,NYSE AMERICAN
IDRV,iShares Self-Driving EV and Tech ETF,ETF,NYSE ARCA
IDSE,Corgi International Developed Equities 15% Structured Buffer ETF - September Series,ETF,BATS
IDT,IDT Corporation Class B Common Stock,EQUITY,NYSE
IDU,iShares U.S. Utilities ETF,ETF,NYSE ARCA
IDUB,Aptus International Enhanced Yield ETF,ETF,BATS
IDV,iShares International Select Dividend ETF,ETF,BATS
IDVO,Amplify CWP International Enhanced Dividend Income ETF,ETF,NYSE ARCA
IDVZ,Polen International Dividend Income Fund,ETF,BATS
IDX,VanEck Indonesia Index ETF,ETF,NYSE ARCA
IDYN,iShares International Equity Factor Rotation Active ETF,ETF,NYSE ARCA
IE,Ivanhoe Electric Inc. Common Stock,EQUITY,NYSE AMERICAN
IEFA,iShares Core MSCI EAFE ETF,ETF,BATS
IEMG,iShares Core MSCI Emerging Markets ETF,ETF,NYSE ARCA
IEO,iShares U.S. Oil & Gas Exploration & Production ETF,ETF,BATS
IETC,iShares U.S. Tech Independence Focused ETF,ETF,BATS
IEUR,iShares Core MSCI Europe ETF,ETF,NYSE ARCA
IEV,iShares Europe ETF,ETF,NYSE ARCA
IEX,IDEX Corporation Common Stock,EQUITY,NYSE
IEZ,iShares U.S. Oil Equipment & Services ETF,ETF,NYSE ARCA
IFEB,Innovator International Developed Power Buffer ETF  February,ETF,NYSE ARCA
IFED,ETRACS IFED Invest with the Fed TR Index ETN,ETF,NYSE ARCA
IFF,"International Flavors & Fragrances, Inc. Common Stock",EQUITY,NYSE
IFLN,Invesco Bloomberg Enhanced Fallen Angels ETF,ETF,NYSE ARCA
IFLR,Innovator International Developed Managed Floor ETF,ETF,NYSE ARCA
IFN,"Aberdeen India Fund, Inc. Common Stock",EQUITY,NYSE
IFRA,iShares U.S. Infrastructure ETF,ETF,BATS
IFS,Intercorp Financial Services Inc. Common Shares,EQUITY,NYSE
IG,Principal Investment Grade Corporate Active ETF,ETF,BATS
IGA,Voya Global Advantage and Premium Opportunity Fund Common Shares of Beneficial Interest,EQUITY,NYSE
IGBH,iShares Interest Rate Hedged Long-Term Corporate Bond ETF,ETF,NYSE ARCA
IGC,"IGC Pharma, Inc. Common Stock",EQUITY,NYSE AMERICAN
IGCB,TCW Corporate Bond ETF,ETF,NYSE
IGD,Voya Global Equity Dividend and Premium Opportunity Fund,EQUITY,NYSE
IGE,iShares North American Natural Resources ETF,ETF,BATS
IGEB,iShares Investment Grade Systematic Bond ETF,ETF,BATS
IGGY,AB International Growth ETF,ETF,NYSE ARCA
IGHG,ProShares Investment Grade-Interest Rate Hedged,ETF,BATS
IGI,Western Asset Investment Grade Opportunity Trust Inc. Common Stock,EQUITY,NYSE
IGLB,iShares 10  Year Investment Grade Corporate Bond ETF,ETF,NYSE ARCA
IGLD,FT Vest Gold Strategy Target Income ETF,ETF,BATS
IGM,iShares Expanded Tech Sector ETF,ETF,NYSE ARCA
IGPT,Invesco AI and Next Gen Software ETF,ETF,NYSE ARCA
IGR,CBRE Global Real Estate Income Fund Common Shares of Beneficial Interest,EQUITY,NYSE
IGRO,iShares International Dividend Growth ETF,ETF,BATS
IGV,iShares Expanded Tech-Software Sector ETF,ETF,BATS
IH,"iHuman Inc. American depositary shares, each representing five Class A ordinary shares",EQUITY,NYSE
IHAK,iShares Cybersecurity and Tech ETF,ETF,NYSE ARCA
IHD,Voya Emerging Markets High Income Dividend Equity Fund Common Shares,EQUITY,NYSE
IHDG,WisdomTree International Hedged Quality Dividend Growth Fund,ETF,NYSE ARCA
IHE,iShares U.S. Pharmaceutical ETF,ETF,NYSE ARCA
IHF,iShares U.S. Health Care Providers ETF,ETF,NYSE ARCA
IHG,Intercontinental Hotels Group American Depositary Shares (Each representing one Ordinary Share),EQUITY,NYSE
IHI,iShares U.S. Medical Devices ETF,ETF,NYSE ARCA
IHS,IHS Holding Limited Ordinary Shares,EQUITY,NYSE
IHT,InnSuites Hospitality Trust Shares of Beneficial Interest,EQUITY,NYSE AMERICAN
IHY,VanEck International High Yield Bond ETF,ETF,NYSE ARCA
IIF,"Morgan Stanley India Investment Fund, Inc. Common Stock",EQUITY,NYSE
IIGD,Invesco Investment Grade Defensive ETF,ETF,NYSE ARCA
IIIN,"Insteel Industries, Inc. Common Stock",EQUITY,NYSE
IIM,Invesco Value Municipal Income Trust Common Stock,EQUITY,NYSE
IINC,Alki Consolidated Income ETF,ETF,NYSE ARCA
IIPR,"Innovative Industrial Properties, Inc. Common Stock",EQUITY,NYSE
IJAN,Innovator International Developed Power Buffer ETF January,ETF,NYSE ARCA
IJH,iShares Core S&P Mid-Cap ETF,ETF,NYSE ARCA
IJJ,iShares S&P Mid-Cap 400 Value ETF,ETF,NYSE ARCA
IJK,iShares S&P Mid-Cap 400 Growth ETF,ETF,NYSE ARCA
IJR,iShares Core S&P Small-Cap ETF,ETF,NYSE ARCA
IJS,iShares S&P SmallCap 600 Value ETF,ETF,NYSE ARCA
IJUL,Innovator International Developed Power Buffer ETF  July,ETF,NYSE ARCA
IJUN,Innovator International Developed Power Buffer ETF June,ETF,NYSE ARCA
ILCB,iShares Morningstar Large-Cap ETF,ETF,NYSE ARCA
ILCG,iShares Morningstar Large-Cap Growth ETF,ETF,NYSE ARCA
ILCV,iShares Morningstar Large-Cap  Value ETF,ETF,NYSE ARCA
ILDR,First Trust Innovation Leaders ETF,ETF,NYSE ARCA
ILF,iShares Latin America 40 ETF,ETF,NYSE ARCA
ILOW,AB International Low Volatility Equity ETF,ETF,NYSE ARCA
ILS,Brookmont Catastrophic Bond ETF,ETF,F
ILTB,iShares Core 10  Year USD Bond ETF,ETF,NYSE ARCA
IMAR,Innovator International Developed Power Buffer ETF  March,ETF,NYSE ARCA
IMAX,Imax Corporation Common Stock,EQUITY,NYSE
IMAY,Innovator International Developed Power Buffer ETF - May,ETF,NYSE ARCA
IMC,IMC Rare Earths Ltd Ordinary Shares,EQUITY,NYSE AMERICAN
IMCB,iShares Morningstar Mid-Cap ETF,ETF,NYSE ARCA
IMCG,iShares Morningstar Mid-Cap Growth ETF,ETF,NYSE ARCA
IMF,Invesco Managed Futures Strategy ETF,ETF,BATS
IMFL,Invesco International Developed Dynamic Multifactor ETF,ETF,BATS
IMO,Imperial Oil Limited Common Stock,EQUITY,NYSE AMERICAN
IMTB,iShares Core 5-10 Year USD Bond ETF,ETF,NYSE ARCA
IMTG,Invesco Agency MBS ETF,ETF,BATS
IMTM,iShares MSCI Intl Momentum Factor ETF,ETF,NYSE ARCA
IMVP,Invesco India ETF,ETF,NYSE ARCA
INCE,Franklin Income Equity Focus ETF,ETF,NYSE ARCA
INCM,Franklin Income Focus ETF,ETF,NYSE ARCA
INCO,Columbia India Consumer ETF,ETF,NYSE ARCA
INDA,iShares MSCI India ETF,ETF,BATS
INDE,Matthews India Active ETF,ETF,NYSE ARCA
INDL,Direxion Daily MSCI India Bull 2X ETF,ETF,NYSE ARCA
INDO,Indonesia Energy Corporation Limited Ordinary Shares,EQUITY,NYSE AMERICAN
INDS,Pacer Industrial Real Estate ETF,ETF,NYSE ARCA
INDZ,VanEck India Select ETF,ETF,NYSE ARCA
INEQ,Columbia International Equity Income ETF,ETF,NYSE ARCA
INFH,Defiance Daily Target 2X Long INFQ ETF,ETF,BATS
INFL,Horizon Kinetics Inflation Beneficiaries ETF,ETF,NYSE ARCA
INFO,Harbor PanAgora Dynamic Large Cap Core ETF,ETF,NYSE
INFQ,"Infleqtion, Inc. Common Stock",EQUITY,NYSE
INFU,"InfuSystems Holdings, Inc. Common Stock",EQUITY,NYSE AMERICAN
INFY,Infosys Limited American Depositary Shares,EQUITY,NYSE
ING,"ING Group, N.V. Common Stock",EQUITY,NYSE
INGM,Ingram Micro Holding Corporation Common Stock,EQUITY,NYSE
INGR,Ingredion Incorporated Common Stock,EQUITY,NYSE
INKM,State Street Income Allocation ETF,ETF,NYSE ARCA
INLX,"Intellinetics, Inc. Common Stock",EQUITY,NYSE AMERICAN
INMU,iShares Intermediate Muni Income Active ETF,ETF,NYSE ARCA
INN,"Summit Hotel Properties, Inc. Common Stock",EQUITY,NYSE
INOV,Innovator International Developed Power Buffer ETF  November,ETF,NYSE ARCA
INQQ,INQQ The India Internet ETF,ETF,NYSE ARCA
INR,"Infinity Natural Resources, Inc. Class A Common Stock",EQUITY,NYSE
INSP,"Inspire Medical Systems, Inc. Common Stock",EQUITY,NYSE
INSW,"International Seaways, Inc. Common Stock",EQUITY,NYSE
INT,Corgi INTC 2x Daily ETF,ETF,BATS
INTF,iShares International Equity Factor ETF,ETF,NYSE ARCA
INTL,Main International ETF,ETF,BATS
INTM,Invesco Intermediate Municipal ETF,ETF,BATS
INTT,inTest Corporation Common Stock,EQUITY,NYSE AMERICAN
INUV,"Inuvo, Inc.",EQUITY,NYSE AMERICAN
INVG,GMO Systematic Investment Grade Credit ETF,ETF,NYSE ARCA
INVH,Invitation Homes Inc. Common Stock,EQUITY,NYSE
INVN,Alger Russell Innovation ETF,ETF,NYSE ARCA
INVX,"Innovex International, Inc. Common Stock",EQUITY,NYSE
INYY,YieldMax INTC Option Income Strategy ETF,ETF,NYSE ARCA
IOCT,Innovator International Developed Power Buffer ETF - October,ETF,NYSE ARCA
ION,ProShares S&P Global Core Battery Metals ETF,ETF,NYSE ARCA
IONC,Corgi IONQ 2x Daily ETF,ETF,BATS
IONQ,"IonQ, Inc. Common Stock",EQUITY,NYSE
IOO,iShares Global 100 ETF,ETF,NYSE ARCA
IOPP,Simplify Tara India Opportunities ETF,ETF,NYSE ARCA
IOR,"Income Opportunity Realty Investors, Inc. Common Stock",EQUITY,NYSE AMERICAN
IOSX,Corgi AAPL 2x Daily ETF,ETF,BATS
IOT,Samsara Inc. Class A Common Stock,EQUITY,NYSE
IP,International Paper Company Common Stock,EQUITY,NYSE
IPAC,iShares Core MSCI Pacific ETF,ETF,NYSE ARCA
IPAV,Global X Infrastructure Development ex-U.S. ETF,ETF,BATS
IPAY,Amplify Digital Payments ETF,ETF,NYSE ARCA
IPB,"Merrill Lynch & Co., Inc. 6.0518% Index Plus Trust Certificates Series 2003-1",ETF,NYSE
IPI,"Intrepid Potash, Inc Common Stock",EQUITY,NYSE
IPO,Renaissance IPO ETF,ETF,NYSE ARCA
IPOS,Renaissance Capital Greenwich Fund,ETF,NYSE ARCA
IQDF,Northern Trust International Quality Dividend ETF,ETF,NYSE ARCA
IQDG,WisdomTree International Quality Dividend Growth Fund,ETF,BATS
IQDY,Northern Trust International Quality Dividend Dynamic ETF,ETF,NYSE ARCA
IQHI,NYLIM MacKay High Income ETF,ETF,NYSE ARCA
IQI,Invesco Quality Municipal Income Trust Common Stock,EQUITY,NYSE
IQLT,iShares MSCI Intl Quality Factor ETF,ETF,NYSE ARCA
IQM,Franklin Intelligent Machines ETF,ETF,BATS
IQMM,ProShares GENIUS Money Market ETF,ETF,NYSE ARCA
IQSI,NYLIM Candriam International Equity ETF,ETF,NYSE ARCA
IQSM,NYLIM Candriam U.S. Mid Cap Equity ETF,ETF,NYSE ARCA
IQSU,NYLIM Candriam U.S. Large Cap Equity ETF,ETF,NYSE ARCA
IQSZ,Invesco Global Equity Net Zero ETF,ETF,NYSE ARCA
IQV,"IQVIA Holdings, Inc. Common Stock",EQUITY,NYSE
IR,Ingersoll Rand Inc. Common Stock,EQUITY,NYSE
IRAB,Iris Acquisition Corp II Class A Ordinary Shares,EQUITY,NYSE
IRE,Defiance Daily Target 2X Long IREN ETF,ETF,NYSE ARCA
IREC,Corgi IREN 2x Daily ETF,ETF,BATS
IREX,Tradr 2X Long IREN Daily ETF,ETF,BATS
IREZ,Tradr 2X Short IREN Daily ETF,ETF,BATS
IRM,Iron Mountain Incorporated (Delaware)Common Stock REIT,EQUITY,NYSE
IROC,Invesco Rochester High Yield Municipal ETF,ETF,BATS
IRS,IRSA Inversiones Y Representaciones S.A. Global Depositary Shares (Each representing ten shares of Common Stock),EQUITY,NYSE
IRT,"Independence Realty Trust, Inc. Common Stock",EQUITY,NYSE
IRTR,iShares LifePath Retirement ETF,ETF,NYSE ARCA
IRVH,Global X Interest Rate Volatility & Inflation Hedge ETF,ETF,NYSE ARCA
ISBG,IncomeSTKd 1x Bitcoin & 1x Gold Premium ETF,ETF,BATS
ISCB,iShares Morningstar Small-Cap ETF,ETF,NYSE ARCA
ISCF,iShares International Small-Cap Equity Factor ETF,ETF,NYSE ARCA
ISCG,iShares Morningstar Small-Cap Growth ETF,ETF,NYSE ARCA
ISCV,iShares Morningstar Small-Cap Value ETF,ETF,NYSE ARCA
ISD,"PGIM High Yield Bond Fund, Inc.",EQUITY,NYSE
ISEP,Innovator International Developed Power Buffer ETF  September,ETF,NYSE ARCA
ISMD,Inspire Small/Mid Cap ETF,ETF,NYSE ARCA
ISMF,iShares Managed Futures Active ETF,ETF,BATS
ISOU,IsoEnergy Ltd. Common Shares,EQUITY,NYSE AMERICAN
ISPY,ProShares S&P 500 High Income ETF,ETF,BATS
ISRA,VanEck Israel ETF,ETF,NYSE ARCA
ISSB,IncomeSTKd 1x US Stocks & 1x Bitcoin Premium ETF,ETF,BATS
ISVL,iShares International Developed Small Cap Value Factor ETF,ETF,BATS
ISWN,Amplify BlackSwan ISWN ETF,ETF,NYSE ARCA
IT,"Gartner, Inc. Common Stock",EQUITY,NYSE
ITA,iShares U.S. Aerospace & Defense ETF,ETF,BATS
ITAN,Sparkline Intangible Value ETF,ETF,NYSE ARCA
ITB,iShares U.S. Home Construction ETF,ETF,BATS
ITDB,iShares LifePath Target Date 2030 ETF,ETF,NYSE ARCA
ITDC,iShares LifePath Target Date 2035 ETF,ETF,NYSE ARCA
ITDD,iShares LifePath Target Date 2040 ETF,ETF,NYSE ARCA
ITDE,iShares LifePath Target Date 2045 ETF,ETF,NYSE ARCA
ITDF,iShares LifePath Target Date 2050 ETF,ETF,NYSE ARCA
ITDG,iShares LifePath Target Date 2055 ETF,ETF,NYSE ARCA
ITDH,iShares LifePath Target Date 2060 ETF,ETF,NYSE ARCA
ITDI,iShares LifePath Target Date 2065 ETF,ETF,NYSE ARCA
ITDJ,iShares LifePath Target Date 2070 ETF,ETF,NYSE ARCA
ITEQ,Amplify BlueStar Israel Technology ETF,ETF,NYSE ARCA
ITGR,Integer Holdings Corporation Common Stock,EQUITY,NYSE
ITM,VanEck Intermediate Muni ETF,ETF,BATS
ITOT,iShares Core S&P Total U.S. Stock Market ETF,ETF,NYSE ARCA
ITP,"IT Tech Packaging, Inc. Common Stock",EQUITY,NYSE AMERICAN
ITRG,Integra Resources Corp. Common Shares,EQUITY,NYSE AMERICAN
ITT,ITT Inc. Common Stock,EQUITY,NYSE
ITW,Illinois Tool Works Inc. Common Stock,EQUITY,NYSE
ITWO,ProShares Russell 2000 High Income ETF,ETF,BATS
IVE,iShares S&P 500 Value ETF,ETF,NYSE ARCA
IVEP,Dan IVES Wedbush AI Power & Infrastructure ETF,ETF,NYSE ARCA
IVES,Dan IVES Wedbush AI Revolution ETF,ETF,NYSE ARCA
IVLU,iShares MSCI Intl Value Factor ETF,ETF,NYSE ARCA
IVOG,Vanguard S&P Mid-Cap 400 Growth ETF,ETF,NYSE ARCA
IVOL,Quadratic Interest Rate Volatility and Inflation Hedge ETF,ETF,NYSE ARCA
IVOO,Vanguard S&P Mid-Cap 400 ETF,ETF,NYSE ARCA
IVOV,Vanguard S&P Mid-Cap 400 Value ETF,ETF,NYSE ARCA
IVR,INVESCO MORTGAGE CAPITAL INC Common Stock,EQUITY,NYSE
IVT,InvenTrust Properties Corp. Common Stock,EQUITY,NYSE
IVV,iShares Core S&P 500 ETF,ETF,NYSE ARCA
IVVB,iShares Large Cap Deep Quarterly Laddered ETF,ETF,BATS
IVVM,iShares Large Cap Moderate Quarterly Laddered ETF,ETF,BATS
IVVW,iShares S&P 500 BuyWrite ETF,ETF,BATS
IVW,iShares S&P 500 Growth ETF,ETF,NYSE ARCA
IVZ,Invesco Ltd Common Stock,EQUITY,NYSE
IWB,iShares Russell 1000 ETF,ETF,NYSE ARCA
IWC,iShares Microcap ETF,ETF,NYSE ARCA
IWD,iShares Russell 1000 Value ETF,ETF,NYSE ARCA
IWF,iShares Russell 1000 Growth Fund,ETF,NYSE ARCA
IWFG,NYLIM Winslow Focused Large Cap Growth ETF,ETF,NYSE ARCA
IWL,iShares Russell Top 200 ETF,ETF,NYSE ARCA
IWLG,NYLIM Winslow Large Cap Growth ETF,ETF,NYSE ARCA
IWM,iShares Russell 2000 Index Fund,ETF,NYSE ARCA
IWMI,NEOS Russell 2000 High Income ETF,ETF,BATS
IWMW,iShares Russell 2000 BuyWrite ETF,ETF,BATS
IWMY,Defiance R2000 Weekly Distribution ETF,ETF,NYSE ARCA
IWN,iShares Russell 2000 Value ETF,ETF,NYSE ARCA
IWO,iShares Russell 2000 Growth Fund,ETF,NYSE ARCA
IWP,iShares Russell Midcap Growth ETF,ETF,NYSE ARCA
IWR,iShares Russell Mid-Cap ETF,ETF,NYSE ARCA
IWS,iShares Russell Mid-Cap Value ETF,ETF,NYSE ARCA
IWV,iShares Russell 3000 Fund,ETF,NYSE ARCA
IWX,iShares Russell Top 200 Value ETF,ETF,NYSE ARCA
IWY,iShares Russell Top 200 Growth ETF,ETF,NYSE ARCA
IX,ORIX Corporation American Depositary Shares,EQUITY,NYSE
IXC,iShares Global Energy ETF,ETF,NYSE ARCA
IXG,iShares Global Financial ETF,ETF,NYSE ARCA
IXJ,iShares Global Healthcare ETF,ETF,NYSE ARCA
IXN,iShares Global Tech ETF,ETF,NYSE ARCA
IXP,iShares Global Comm Services ETF,ETF,NYSE ARCA
IYC,iShares U.S. Consumer Discretionary ETF,ETF,NYSE ARCA
IYE,iShares U.S. Energy ETF,ETF,NYSE ARCA
IYF,iShares U.S. Financial ETF,ETF,NYSE ARCA
IYG,iShares U.S. Financial Services ETF,ETF,NYSE ARCA
IYH,iShares U.S. Healthcare ETF,ETF,NYSE ARCA
IYJ,iShares U.S. Industrials ETF,ETF,BATS
IYK,iShares U.S. Consumer Staples ETF,ETF,NYSE ARCA
IYLD,iShares Morningstar Multi-Asset Income ETF,ETF,BATS
IYM,iShares U.S. Basic Materials ETF,ETF,NYSE ARCA
IYR,iShares U.S. Real Estate ETF,ETF,NYSE ARCA
IYRI,NEOS Real Estate High Income ETF,ETF,BATS
IYT,iShares U.S. Transportation ETF,ETF,BATS
IYW,iShares U.S. Technology ETF,ETF,NYSE ARCA
IYY,iShares Dow Jones U.S. ETF,ETF,NYSE ARCA
IYZ,iShares U.S. Telecommunications ETF,ETF,BATS
IZRL,ARK Israel Innovative Technology ETF,ETF,BATS
J,Jacobs Solutions Inc. Common Stock,EQUITY,NYSE
JA,Janus Henderson AA-A CLO ETF,ETF,NYSE ARCA
JAAA,Janus Henderson AAA CLO ETF,ETF,NYSE ARCA
JABS,Janus Henderson Asset-Backed Securities ETF,ETF,NYSE ARCA
JACS,Jackson Acquisition Company II Class A Ordinary Shares,EQUITY,NYSE
JADB,Aptus January Deep Buffer ETF,ETF,BATS
JADE,JPMorgan Active Developing Markets Equity ETF,ETF,NYSE ARCA
JAGU,Jaguar Uranium Corp. Class A Common Shares,EQUITY,NYSE AMERICAN
JAJL,Innovator Equity Defined Protection ETF - 6mo Jan/Jul,ETF,BATS
JAN,"Janus Living, Inc. Class A-1 Common Stock",EQUITY,NYSE
JANB,Aptus January Buffer ETF,ETF,BATS
JANH,Innovator Premium Income 20 Barrier ETF - January,ETF,BATS
JANI,AllianzIM International Equity Buffer15 Uncapped Jan ETF,ETF,BATS
JANJ,Innovator Premium Income 30 Barrier ETF - January,ETF,BATS
JANM,FT Vest U.S. Equity Max Buffer ETF - January,ETF,BATS
JANP,PGIM S&P 500 Buffer 12 ETF - January,ETF,BATS
JANT,AllianzIM U.S. Large Cap Buffer10 Jan ETF,ETF,BATS
JANU,AllianzIM U.S. Equity Buffer15 Uncapped Jan ETF,ETF,BATS
JANW,AllianzIM U.S. Large Cap Buffer20 Jan ETF,ETF,BATS
JANZ,TrueShares Structured Outcome (January) ETF,ETF,BATS
JAVA,JPMorgan Active Value ETF,ETF,NYSE ARCA
JBBB,Janus Henderson B-BBB CLO ETF,ETF,BATS
JBGS,JBG SMITH Properties Common Shares,EQUITY,NYSE
JBI,"Janus International Group, Inc. Common Stock",EQUITY,NYSE
JBK,Lehman ABS 3.50 3.50% Adjustable Corp Backed Tr Certs GS Cap I,EQUITY,NYSE
JBL,Jabil Inc. Common Stock,EQUITY,NYSE
JBLG,Leverage Shares 2X Long JBL Daily ETF,ETF,BATS
JBND,JPMorgan Active Bond ETF,ETF,NYSE
JBS,JBS N.V. Class A Common Shares,EQUITY,NYSE
JBTM,JBT Marel Corporation Common Stock,EQUITY,NYSE
JCAL,JPMorgan California Tax Free Bond ETF,ETF,NYSE ARCA
JCE,Nuveen Core Equity Alpha Fund Common Shares of Beneficial Interest,EQUITY,NYSE
JCHI,JPMorgan Active China ETF,ETF,NYSE ARCA
JCI,Johnson Controls International plc Ordinary Share,EQUITY,NYSE
JCPB,JPMorgan Core Plus Bond ETF,ETF,NYSE ARCA
JCPI,JPMorgan Inflation Managed Bond ETF,ETF,NYSE ARCA
JDIV,JPMorgan Dividend Leaders ETF,ETF,NYSE ARCA
JDST,Direxion Daily Junior Gold Miners Index Bear 2X ETF,ETF,NYSE ARCA
JDVI,John Hancock Disciplined Value International Select ETF,ETF,NYSE ARCA
JDVL,John Hancock Disciplined Value Select ETF,ETF,NYSE ARCA
JEDI,Defiance Drone and Modern Warfare ETF,ETF,NYSE ARCA
JEF,Jefferies Financial Group Inc. Common Stock,EQUITY,NYSE
JELD,"JELD-WEN Holding, Inc. Common Stock",EQUITY,NYSE
JELH,Janus Henderson Equity Linked High Income ETF,ETF,BATS
JELM,Janus Henderson Equity Linked Moderate Income ETF,ETF,BATS
JEMB,Janus Henderson Emerging Markets Debt Hard Currency ETF,ETF,NYSE ARCA
JENA,Jena Acquisition Corporation II Class A Ordinary Shares,EQUITY,NYSE
JEPI,JPMorgan Equity Premium Income ETF,ETF,NYSE ARCA
JETD,MAX Airlines -3X Inverse Leveraged ETNs,ETF,NYSE ARCA
JETS,U.S. Global Jets ETF,ETF,NYSE ARCA
JETU,MAX Airlines 3X Leveraged ETNs,ETF,NYSE ARCA
JFLI,JPMorgan Flexible Income ETF,ETF,NYSE ARCA
JFLX,JPMorgan Flexible Debt ETF,ETF,NYSE ARCA
JFR,Nuveen Floating Rate Income Fund Common Stock,EQUITY,NYSE
JGH,Nuveen Global High Income Fund Common Shares of Beneficial Interest,EQUITY,NYSE
JGRO,JPMorgan Active Growth ETF,ETF,NYSE ARCA
JGRW,Jensen Quality Growth ETF,ETF,NYSE ARCA
JHAC,John Hancock Fundamental All Cap Core ETF,ETF,NYSE ARCA
JHCB,John Hancock Corporate Bond ETF,ETF,NYSE ARCA
JHCP,John Hancock Core Plus Bond ETF,ETF,NYSE ARCA
JHCR,John Hancock Core Bond ETF,ETF,NYSE ARCA
JHDG,John Hancock Hedged Equity ETF,ETF,NYSE ARCA
JHDV,John Hancock U.S. High Dividend ETF,ETF,NYSE ARCA
JHEM,John Hancock Multifactor Emerging Markets ETF,ETF,NYSE ARCA
JHHY,John Hancock High Yield ETF,ETF,NYSE ARCA
JHI,John Hancock Investors Trust Common Stock,EQUITY,NYSE
JHID,John Hancock International High Dividend ETF,ETF,NYSE ARCA
JHLN,John Hancock Global Senior Loan ETF,ETF,NYSE ARCA
JHMB,John Hancock Mortgage-Backed Securities ETF,ETF,NYSE ARCA
JHMD,John Hancock Multifactor Developed International ETF,ETF,NYSE ARCA
JHML,John Hancock Multifactor Large Cap ETF,ETF,NYSE ARCA
JHMM,John Hancock Multifactor Mid Cap ETF,ETF,NYSE ARCA
JHMU,John Hancock Dynamic Municipal Bond ETF,ETF,NYSE ARCA
JHS,John Hancock Income Securities Trust Common Stock,EQUITY,NYSE
JHSC,John Hancock Multifactor Small Cap ETF,ETF,NYSE ARCA
JHX,James Hardie Industries plc. Ordinary Shares,EQUITY,NYSE
JIDE,JPMorgan International Dynamic ETF,ETF,NYSE ARCA
JIG,JPMorgan International Growth ETF,ETF,NYSE ARCA
JIII,Janus Henderson Income ETF,ETF,NYSE ARCA
JILL,"J. Jill, Inc. Common Stock",EQUITY,NYSE
JIRE,JPMorgan International Research Enhanced Equity ETF,ETF,NYSE ARCA
JKS,JinkoSolar Holding Company Limited American Depositary Shares (each representing 4 Common Shares),EQUITY,NYSE
JLCO,John Hancock Large Cap Opportunities ETF,ETF,NYSE ARCA
JLL,Jones Lang LaSalle Incorporated Common Stock,EQUITY,NYSE
JLQD,Janus Henderson Corporate Bond ETF,ETF,NYSE ARCA
JLS,Nuveen Mortgage and Income Fund,EQUITY,NYSE
JMBS,Janus Henderson Mortgage-Backed Securities ETF,ETF,NYSE ARCA
JMEE,JPMorgan Small & Mid Cap Enhanced Equity ETF,ETF,NYSE ARCA
JMHI,JPMorgan High Yield Municipal ETF,ETF,NYSE ARCA
JMIA,"Jumia Technologies AG American Depositary Shares, each representing two Ordinary Shares",EQUITY,NYSE
JMKE,Jersey Mike's Subs Inc. Class A Common Stock,EQUITY,NYSE
JMM,Nuveen Multi-Market Income Fund (MA),EQUITY,NYSE
JMMF,JPMorgan 100% U.S. Treasury Securities Money Market ETF,ETF,NYSE ARCA
JMOM,JPMorgan U.S. Momentum Factor ETF,ETF,NYSE ARCA
JMSI,JPMorgan Sustainable Municipal Income ETF,ETF,NYSE ARCA
JMST,JPMorgan Ultra-Short Municipal Income ETF,ETF,NYSE ARCA
JMTG,JPMorgan Mortgage-Backed Securities ETF,ETF,NYSE ARCA
JMUB,JPMorgan Municipal ETF,ETF,NYSE ARCA
JNEU,AllianzIM U.S. Equity Buffer15 Uncapped June ETF,ETF,BATS
JNJ,Johnson & Johnson Common Stock,EQUITY,NYSE
JNK,State Street SPDR Bloomberg High Yield Bond ETF,ETF,NYSE ARCA
JNUG,Direxion Daily Junior Gold Miners Index Bull 2X ETF,ETF,NYSE ARCA
JOB,GEE Group Inc. Common Stock,EQUITY,NYSE AMERICAN
JOBC,Corgi JOBY 2x Daily ETF,ETF,BATS
JOBX,Tradr 2X Long JOBY Daily ETF,ETF,BATS
JOBY,"Joby Aviation, Inc. Common Stock",EQUITY,NYSE
JOE,St. Joe Company (The) Common Stock,EQUITY,NYSE
JOET,Virtus Terranova U.S. Quality Momentum ETF,ETF,NYSE ARCA
JOF,Japan Smaller Capitalization Fund Inc Common Stock,EQUITY,NYSE
JOJO,ATAC Credit Rotation ETF,ETF,NYSE ARCA
JOUL,Corgi High Voltage Grid Equipment ETF,ETF,BATS
JPAN,Matthews Japan Active ETF,ETF,NYSE ARCA
JPEM,JPMorgan Diversified Return Emerging Markets Equity ETF,ETF,NYSE ARCA
JPHY,JPMorgan Active High Yield ETF,ETF,NYSE ARCA
JPIB,JPMorgan International Bond Opportunities ETF,ETF,NYSE ARCA
JPIE,JPMorgan Income ETF,ETF,NYSE ARCA
JPIN,JPMorgan Diversified Return International Equity ETF,ETF,NYSE ARCA
JPLD,JPMorgan Limited Duration Bond ETF,ETF,NYSE ARCA
JPM,JP Morgan Chase & Co. Common Stock,EQUITY,NYSE
JPMB,JPMorgan USD Emerging Markets Sovereign Bond ETF,ETF,NYSE ARCA
JPME,JPMorgan Diversified Return U.S. Mid Cap Equity ETF,ETF,NYSE ARCA
JPND,MicroSectors -3x Short Japan ETNs,ETF,BATS
JPNU,MicroSectors 3x Long Japan ETNs,ETF,BATS
JPO,YieldMax JP Option Income Strategy ETF,ETF,NYSE ARCA
JPRE,JPMorgan Realty Income ETF,ETF,NYSE ARCA
JPSE,JPMorgan Diversified Return U.S. Small Cap Equity ETF,ETF,NYSE ARCA
JPST,JPMorgan Ultra-Short Income ETF,ETF,NYSE ARCA
JPSV,JPMorgan Active Small Cap Value ETF,ETF,NYSE ARCA
JPUS,JPMorgan Diversified Return U.S. Equity ETF,ETF,NYSE ARCA
JPXN,iShares JPX-Nikkei 400 ETF,ETF,NYSE ARCA
JQC,Nuveen Credit Strategies Income Fund Shares of Beneficial Interest,EQUITY,NYSE
JQUA,JPMorgan U.S. Quality Factor ETF,ETF,NYSE ARCA
JRI,Nuveen Real Asset Income and Growth Fund Common Shares of Beneficial Interest,EQUITY,NYSE
JRS,Nuveen Real Estate Income Fund Common Shares of Beneficial Interest,EQUITY,NYSE
JSCP,JPMorgan Short Duration Core Plus ETF,ETF,NYSE ARCA
JSI,Janus Henderson Securitized Income ETF,ETF,NYSE ARCA
JSTC,Adasina Social Justice All Cap Global ETF,ETF,NYSE ARCA
JTNY,JPMorgan New York Tax Free Bond ETF,ETF,NYSE ARCA
JUCY,Aptus Enhanced Yield ETF,ETF,BATS
JUDB,Aptus July Deep Buffer ETF,ETF,BATS
JUDO,Janus Henderson U.S. Equity Enhanced Income ETF,ETF,BATS
JULB,Aptus July Buffer ETF,ETF,BATS
JULC,Corgi U.S. Equities 10% Structured Buffer ETF - July Series,ETF,BATS
JULH,Innovator Premium Income 20 Barrier ETF - July,ETF,BATS
JULI,AllianzIM International Equity Buffer15 Uncapped Jul ETF,ETF,BATS
JULJ,Innovator Premium Income 30 Barrier ETF - July,ETF,BATS
JULM,FT Vest U.S. Equity Max Buffer ETF - July,ETF,BATS
JULP,PGIM S&P 500 Buffer 12 ETF - July,ETF,BATS
JULT,AllianzIM U.S. Large Cap Buffer10 Jul ETF,ETF,BATS
JULU,AllianzIM U.S. Equity Buffer15 Uncapped Jul ETF,ETF,BATS
JULV,VanEck U.S. Equity Buffer ETF - July,ETF,NYSE ARCA
JULW,AllianzIM U.S. Large Cap Buffer20 Jul ETF,ETF,BATS
JULZ,TrueShares Structured Outcome (July) ETF,ETF,BATS
JUNC,Corgi U.S. Equities 10% Structured Buffer ETF - June Series,ETF,BATS
JUNM,FT Vest U.S. Equity Max Buffer ETF - June,ETF,BATS
JUNP,PGIM S&P 500 Buffer 12 ETF - June,ETF,BATS
JUNT,AllianzIM U.S. Large Cap Buffer10 Jun ETF,ETF,BATS
JUNW,AllianzIM U.S. Large Cap Buffer20 Jun ETF,ETF,BATS
JUNZ,TrueShares Structured Outcome (June) ETF,ETF,BATS
JUSA,JPMorgan U.S. Research Enhanced Large Cap ETF,ETF,NYSE ARCA
JUST,Goldman Sachs JUST U.S. Large Cap Equity ETF,ETF,NYSE ARCA
JVAL,JPMorgan U.S. Value Factor ETF,ETF,NYSE ARCA
JXI,iShares Global Utilities ETF,ETF,NYSE ARCA
JXN,Jackson Financial Inc. Class A Common Stock,EQUITY,NYSE
JXX,Janus Henderson Transformational Growth ETF,ETF,BATS
KAI,Kadant Inc Common Stock,EQUITY,NYSE
KAIT,KraneShares Asia AI Technology ETF,ETF,NYSE ARCA
KAMO,Kensington Credit Opportunities ETF,ETF,BATS
KAPA,"Kairos Pharma, Ltd. Common Stock",EQUITY,NYSE AMERICAN
KAPR,Innovator U.S. Small Cap Power Buffer ETF - April,ETF,BATS
KARS,KraneShares Electric Vehicles and Future Mobility Index ETF,ETF,NYSE ARCA
KATT,T-REX 2X Long PURR Daily Target ETF,ETF,BATS
KAUG,Innovator US Small Cap Power Buffer ETF - August,ETF,BATS
KB,KB Financial Group Inc,EQUITY,NYSE
KBA,KraneShares Bosera MSCI China A 50 Connect Index ETF,ETF,NYSE ARCA
KBDC,"Kayne Anderson BDC, Inc. Common Stock",EQUITY,NYSE
KBE,State Street SPDR S&P Bank ETF,ETF,NYSE ARCA
KBFR,Innovator U.S. Small Cap Managed 10 Buffer ETF,ETF,NYSE ARCA
KBH,KB Home Common Stock,EQUITY,NYSE
KBR,"KBR, Inc. Common Stock",EQUITY,NYSE
KBUF,KraneShares 90% KWEB Defined Outcome January 2027 ETF,ETF,NYSE ARCA
KCAI,KraneShares China Alpha Index ETF,ETF,NYSE ARCA
KCCA,KraneShares California Carbon Allowance Strategy ETF,ETF,NYSE ARCA
KCE,State Street SPDR S&P Capital Markets ETF,ETF,NYSE ARCA
KCHP,KICK Korea Semiconductor Index ETF,ETF,NYSE ARCA
KCOP,Kurv Copper & Mining Enhanced Income ETF,ETF,BATS
KCSH,KraneShares Sustainable Ultra Short Duration Index ETF,ETF,NYSE ARCA
KD,"Kyndryl Holdings, Inc. Common Stock",EQUITY,NYSE
KDEC,Innovator U.S. Small Cap Power Buffer ETF - December,ETF,BATS
KDEF,PLUS Korea Defense Industry Index ETF,ETF,NYSE ARCA
KDRN,Kingsbarn Tactical Bond ETF,ETF,NYSE ARCA
KDVD,Keeley Dividend ETF,ETF,NYSE ARCA
KEEX,Defiance Daily Target 2x Long KEEL ETF,ETF,BATS
KEMQ,KraneShares Public-Private Emerging Markets Internet and Technology ETF,ETF,NYSE ARCA
KEMX,KraneShares MSCI Emerging Markets ex China Index ETF,ETF,NYSE ARCA
KEN,Kenon Holdings Ltd. Ordinary Shares,EQUITY,NYSE
KEO,Kurv Equity Option Income ETF,ETF,BATS
KEP,Korea Electric Power Corporation Common Stock,EQUITY,NYSE
KEX,Kirby Corporation Common Stock,EQUITY,NYSE
KEY,KeyCorp Common Stock,EQUITY,NYSE
KEYG,Leverage Shares 2X Long KEYS Daily ETF,ETF,BATS
KEYS,Keysight Technologies Inc. Common Stock,EQUITY,NYSE
KEYX,Corgi KEYS 2x Daily ETF,ETF,BATS
KF,"Korea Fund, Inc. (The) New Common Stock",EQUITY,NYSE
KFEB,Innovator U.S. Small Cap Power Buffer ETF - February,ETF,BATS
KFRC,"Kforce, Inc. Common Stock",EQUITY,NYSE
KFY,Korn Ferry Common Stock,EQUITY,NYSE
KGC,Kinross Gold Corporation Common Stock,EQUITY,NYSE
KGLD,Kurv Gold Enhanced Income ETF,ETF,BATS
KGRN,KraneShares MSCI China Clean Technology Index ETF,ETF,NYSE ARCA
KGS,"Kodiak Gas Services, Inc. Common Stock",EQUITY,NYSE
KHC,The Kraft Heinz Company Common Stock,EQUITY,NYSE
KHPI,Kensington Hedged Premium Income ETF,ETF,BATS
KHYB,KraneShares Asia Pacific High Income USD Bond ETF,ETF,NYSE ARCA
KIE,State Street SPDR S&P Insurance ETF,ETF,NYSE ARCA
KIM,Kimco Realty Corporation (HC) Common Stock,EQUITY,NYSE
KIO,KKR Income Opportunities Fund Common Shares,EQUITY,NYSE
KJAN,Innovator U.S. Small Cap Power Buffer ETF - January,ETF,BATS
KJUL,Innovator U.S. Small Cap Power Buffer ETF - July,ETF,BATS
KJUN,Innovator U.S. Small Cap Power Buffer ETF - June,ETF,BATS
KKR,KKR & Co. Inc. Common Stock,EQUITY,NYSE
KLAR,Klarna Group plc Ordinary Shares,EQUITY,NYSE
KLC,"KinderCare Learning Companies, Inc. Common Stock",EQUITY,NYSE
KLIP,KraneShares KWEB Covered Call Strategy ETF,ETF,NYSE ARCA
KLMN,Invesco MSCI North America Climate ETF,ETF,NYSE ARCA
KLMT,Invesco MSCI Global Climate 500 ETF,ETF,NYSE ARCA
KMAR,Innovator U.S. Small Cap Power Buffer ETF - March,ETF,BATS
KMAY,Innovator U.S. Small Cap Power Buffer ETF - May,ETF,BATS
KMCA,PLUS Korea Manufacturing Core Alliance Index ETF,ETF,NYSE ARCA
KMEM,Kurv Memory Select ETF,ETF,BATS
KMI,"Kinder Morgan, Inc. Common Stock",EQUITY,NYSE
KMID,Virtus KAR Mid-Cap ETF,ETF,NYSE ARCA
KMLM,KraneShares Mount Lucas Managed Futures Index Strategy ETF,ETF,NYSE ARCA
KMPB,Kemper Corporation 5.875% Fixed-Rate Reset Junior Subordinated Debentures due 2062,EQUITY,NYSE
KMPR,Kemper Corporation,EQUITY,NYSE
KMT,Kennametal Inc. Common Stock,EQUITY,NYSE
KMX,CarMax Inc,EQUITY,NYSE
KN,Knowles Corporation Common Stock,EQUITY,NYSE
KNCT,Invesco Next Gen Connectivity ETF,ETF,NYSE ARCA
KNF,Knife Riv Holding Co. Common Stock,EQUITY,NYSE
KNG,FT Vest S&P 500 Dividend Aristocrats Target Income ETF,ETF,BATS
KNO,AXS Knowledge Leaders ETF,ETF,NYSE ARCA
KNOV,Innovator U.S. Small Cap Power Buffer ETF - November,ETF,BATS
KNOW,Fundamentals First ETF,ETF,BATS
KNRG,Simplify Kayne Anderson Energy and Infrastructure Credit ETF,ETF,NYSE ARCA
KNRX,KNOREX LTD. Class A Ordinary Shares,EQUITY,NYSE AMERICAN
KNSL,"Kinsale Capital Group, Inc. Common Stock",EQUITY,NYSE
KNTK,Kinetik Holdings Inc. Class A Common Stock,EQUITY,NYSE
KNX,Knight-Swift Transportation Holdings Inc.,EQUITY,NYSE
KO,Coca-Cola Company (The) Common Stock,EQUITY,NYSE
KOCT,Innovator U.S. Small Cap Power Buffer ETF - October,ETF,BATS
KODK,Eastman Kodak Company Common New,EQUITY,NYSE
KOKU,Xtrackers MSCI Kokusai Equity ETF,ETF,NYSE ARCA
KOLD,ProShares UltraShort Bloomberg Natural Gas,ETF,NYSE ARCA
KOMP,State Street SPDR S&P Kensho New Economies Composite ETF,ETF,NYSE ARCA
KONG,Formidable Fortress ETF,ETF,BATS
KOOL,North Shore Equity Rotation ETF,ETF,NYSE ARCA
KOP,Koppers Holdings Inc. Common Stock,EQUITY,NYSE
KORP,American Century Diversified Corporate Bond ETF,ETF,NYSE ARCA
KORU,Direxion Daily South Korea Bull 3X ETF,ETF,NYSE ARCA
KOS,Kosmos Energy Ltd. Common Shares (DE),EQUITY,NYSE
KPET,KPET Ultra Paceline Corporation Class A Ordinary Shares,EQUITY,NYSE
KPHO,KraneShares Dragon Capital Growth of Vietnam Index ETF,ETF,NYSE ARCA
KPO,Kensington Premium Opportunities ETF,ETF,BATS
KPRO,KraneShares 100% KWEB Defined Outcome January 2027 ETF,ETF,NYSE ARCA
KR,Kroger Company (The) Common Stock,EQUITY,NYSE
KRBN,KraneShares Global Carbon Strategy ETF,ETF,NYSE ARCA
KRC,Kilroy Realty Corporation Common Stock,EQUITY,NYSE
KRE,State Street SPDR S&P Regional Banking ETF,ETF,NYSE ARCA
KREF,KKR Real Estate Finance Trust Inc. Common Stock,EQUITY,NYSE
KRG,Kite Realty Group Trust Common Stock,EQUITY,NYSE
KRMN,Karman Holdings Inc. Common Stock,EQUITY,NYSE
KRO,Kronos Worldwide Inc Common Stock,EQUITY,NYSE
KRSP,Rice Acquisition Corporation 3 Class A Ordinary Shares,EQUITY,NYSE
KRWX,Corgi South Korea 2x Daily ETF,ETF,BATS
KRYP,ProShares CoinDesk 20 Crypto ETF,ETF,NYSE ARCA
KSA,iShares MSCI Saudi Arabia ETF,ETF,NYSE ARCA
KSEP,Innovator U.S. Small Cap Power Buffer ETF - September,ETF,BATS
KSLV,Kurv Silver Enhanced Income ETF,ETF,BATS
KSPY,KraneShares Hedgeye Hedged Equity Index ETF,ETF,NYSE ARCA
KSS,Kohl's Corporation Common Stock,EQUITY,NYSE
KSTR,KraneShares China Technology & Semiconductor STAR 50 Index ETF,ETF,NYSE ARCA
KT,KT Corporation Common Stock,EQUITY,NYSE
KTB,"Kontoor Brands, Inc. Common Stock",EQUITY,NYSE
KTEC,KraneShares Hang Seng TECH Index ETF,ETF,NYSE ARCA
KTF,DWS Municipal Income Trust,EQUITY,NYSE
KTN,Structured Products Corp 8.205% CorTS 8.205% Corporate Backed Trust Securities (CorTS),EQUITY,NYSE
KTUP,T-REX 2X Long KTOS Daily Target ETF,ETF,BATS
KULR,"KULR Technology Group, Inc. Common Stock",EQUITY,NYSE AMERICAN
KURE,KraneShares MSCI All China Health Care Index ETF,ETF,NYSE ARCA
KVLE,KraneShares Value Line Dynamic Dividend Equity Index ETF,ETF,NYSE ARCA
KVUE,Kenvue Inc. Common Stock,EQUITY,NYSE
KVYO,"Klaviyo, Inc. Series A Common Stock",EQUITY,NYSE
KWEB,KraneShares CSI China Internet ETF,ETF,NYSE ARCA
KWH,GMO Power Infrastructure ETF,ETF,NYSE ARCA
KWIN,KraneShares Wahed Alternative Income Index ETF,ETF,NYSE ARCA
KWR,Quaker Houghton Common Stock,EQUITY,NYSE
KWT,iShares MSCI Kuwait ETF,ETF,BATS
KWY,Kingsway Corporation Common Stock,EQUITY,NYSE
KXI,iShares Global Consumer Staples ETF,ETF,NYSE ARCA
KYC,Corgi Digital Banking & Fintech Infrastructure ETF,ETF,BATS
KYLD,Kurv High Income ETF,ETF,BATS
KYN,"Kayne Anderson Energy Infrastructure Fund, Inc.",EQUITY,NYSE
L,Loews Corporation Common Stock,EQUITY,NYSE
LABD,Direxion Daily S&P Biotech Bear 3X ETF,ETF,NYSE ARCA
LABU,Direxion Daily S&P Biotech Bull 3X ETF,ETF,NYSE ARCA
LABX,Tradr 2X Long ALAB Daily ETF,ETF,BATS
LAC,Lithium Americas Corp. Common Shares,EQUITY,NYSE
LAD,"Lithia Motors, Inc. Common Stock",EQUITY,NYSE
LADM,Pacer Swan SOS Laddered Moderate ETF,ETF,BATS
LADR,Ladder Capital Corp Class A Common Stock,EQUITY,NYSE
LALT,First Trust Multi-Strategy Alternative ETF,ETF,NYSE ARCA
LANV,Lanvin Group Holdings Limited Ordinary Shares,EQUITY,NYSE
LAPR,Innovator Premium Income 15 Buffer ETF - April,ETF,BATS
LAR,Lithium Argentina AG Common Shares,EQUITY,NYSE
LASC,Corgi LASR 2x Daily ETF,ETF,BATS
LATR,Corgi Buy Now Pay Later ETF,ETF,BATS
LAW,"CS Disco, Inc. Common Stock",EQUITY,NYSE
LAZ,"Lazard, Inc. Common Stock",EQUITY,NYSE
LAZR,Tema Photonics & Optical ETF,ETF,NYSE ARCA
LB,LandBridge Company LLC Class A Shares Representing Limited Liability Company Interests,EQUITY,NYSE
LBAY,Leatherback Long/Short Alternative Yield ETF,ETF,NYSE ARCA
LBO,WHITEWOLF Publicly Listed Private Equity ETF,ETF,BATS
LBOX,GraniteShares Short Term Box ETF,ETF,BATS
LBRT,Liberty Energy Inc. Class A common stock,EQUITY,NYSE
LCAP,Principal Capital Appreciation Select ETF,ETF,BATS
LCF,Touchstone US Large Cap Focused ETF,ETF,BATS
LCII,LCI Industries,EQUITY,NYSE
LCLG,Logan Capital Large Cap Growth ETF,ETF,NYSE ARCA
LCLN,"Lincoln International, Inc. Class A Common Stock",EQUITY,NYSE
LCO,LOGIQ Contrarian Opportunities ETF,ETF,NYSE ARCA
LCOW,Pacer S&P 500 Quality FCF Aristocrats ETF,ETF,BATS
LCR,Leuthold Core ETF,ETF,NYSE ARCA
LCTD,iShares World ex U.S. Carbon Transition Readiness Aware Active ETF,ETF,NYSE ARCA
LCTO,Kurv U.S. Large Cap TaxOptimized ETF,ETF,BATS
LCTU,iShares U.S. Carbon Transition Readiness Aware Active ETF,ETF,NYSE ARCA
LCTX,"Lineage Cell Therapeutics, Inc. Common Stock",EQUITY,NYSE AMERICAN
LDDR,LifeX 2035 Income Bucket ETF,ETF,BATS
LDI,"loanDepot, Inc. Class A Common Stock",EQUITY,NYSE
LDOS,"Leidos Holdings, Inc. Common Stock",EQUITY,NYSE
LDRC,iShares iBonds 1-5 Year Corporate Ladder ETF,ETF,NYSE ARCA
LDRH,iShares iBonds 1-5 Year High Yield and Income Ladder ETF,ETF,NYSE ARCA
LDRI,iShares iBonds 1-5 Year TIPS Ladder ETF,ETF,NYSE ARCA
LDRT,iShares iBonds 1-5 Year Treasury Ladder ETF,ETF,NYSE ARCA
LDUR,PIMCO Enhanced Low Duration Active Exchange-Traded Fund,ETF,NYSE ARCA
LEA,Lear Corporation Common Stock,EQUITY,NYSE
LEGO,Legato Merger Corp. IV Ordinary Shares,EQUITY,NYSE AMERICAN
LEMB,iShares J.P. Morgan EM Local Currency Bond,ETF,NYSE ARCA
LEN,Lennar Corporation Class A Common Stock,EQUITY,NYSE
LEN-B,Lennar Corporation Class B,EQUITY,NYSE
LENS,Sarmaya Thematic ETF,ETF,BATS
LEO,"BNY Mellon Strategic Municipals, Inc. Common Stock",EQUITY,NYSE
LEU,Centrus Energy Corp. Class A Common Stock,EQUITY,NYSE
LEUX,Tradr 2X Long LEU Daily ETF,ETF,BATS
LEVI,Levi Strauss & Co Class A Common Stock,EQUITY,NYSE
LFAI,LifeX 2050 Longevity Income ETF,ETF,BATS
LFAO,LifeX 2055 Longevity Income ETF,ETF,BATS
LFAW,LifeX 2060 Longevity Income ETF,ETF,BATS
LFBE,LifeX 2065 Longevity Income ETF,ETF,BATS
LFDR,LifeX Durable Income ETF,ETF,BATS
LFEQ,VanEck Long/Flat Trend ETF,ETF,NYSE ARCA
LFGY,YieldMax Crypto Industry & Tech Portfolio Option Income ETF,ETF,NYSE ARCA
LFT,"Lument Finance Trust, Inc. Common Stock",EQUITY,NYSE
LGCY,Legacy Education Inc. Common Stock,EQUITY,NYSE AMERICAN
LGDX,Intech S&P Large Cap Diversified Alpha ETF,ETF,NYSE ARCA
LGH,HCM Defender 500 Index ETF,ETF,NYSE ARCA
LGHT,Langar Global HealthTech ETF,ETF,BATS
LGI,Lazard Global Total Return and Income Fund Common Stock,EQUITY,NYSE
LGL,"LGL Group, Inc. (The) Common Stock",EQUITY,NYSE AMERICAN
LGLV,State Street SPDR US Large Cap Low Volatility Index ETF,ETF,NYSE ARCA
LGOV,First Trust Long Duration Opportunities ETF,ETF,NYSE ARCA
LGPS,LogProstyle Inc. Common Shares,EQUITY,NYSE AMERICAN
LH,Labcorp Holdings Inc. Common Stock,EQUITY,NYSE
LHX,"L3Harris Technologies, Inc. Common Stock",EQUITY,NYSE
LIAE,LifeX 2050 Inflation-Protected Longevity Income ETF,ETF,BATS
LIAM,LifeX 2055 Inflation-Protected Longevity Income ETF,ETF,BATS
LIAU,LifeX 2060 Inflation-Protected Longevity Income ETF,ETF,BATS
LIBD,LifeX 2065 Inflation-Protected Longevity Income ETF,ETF,BATS
LIFT,LifeX 2028 Income Bucket ETF,ETF,BATS
LII,"Lennox International, Inc. Common Stock",EQUITY,NYSE
LION,Lionsgate Studios Corp Common Shares,EQUITY,NYSE
LIT,Global X Lithium & Battery Tech ETF,ETF,NYSE ARCA
LITB,"LightInTheBox Holding Co., Ltd. American Depositary Shares, each representing twelve ordinary shares",EQUITY,NYSE
LITC,Corgi LITE 2x Daily ETF,ETF,BATS
LITG,Leverage Shares 2X Long LITE Daily ETF,ETF,BATS
LITL,Simplify Piper Sandler US Small-Cap PLUS Income ETF,ETF,NYSE ARCA
LITU,T-REX 2X Long LITE Daily Target ETF,ETF,BATS
LITX,Tradr 2X Long LITE Daily ETF,ETF,BATS
LITZ,Tradr 2X Short LITE Daily ETF,ETF,BATS
LJAN,Innovator Premium Income 15 Buffer ETF - January,ETF,BATS
LJUL,Innovator Premium Income 15 Buffer ETF - July,ETF,BATS
LKOR,Northern Trust Credit-Scored US Long Corporate Bond ETF,ETF,BATS
LLDR,Global X Long-Term Treasury Ladder ETF,ETF,NYSE ARCA
LLY,Eli Lilly and Company Common Stock,EQUITY,NYSE
LLYX,Defiance Daily Target 2X Long LLY ETF,ETF,NYSE ARCA
LMND,"Lemonade, Inc. Common Stock",EQUITY,NYSE
LMT,Lockheed Martin Corporation Common Stock,EQUITY,NYSE
LMUB,iShares Long-Term National Muni Bond ETF,ETF,NYSE ARCA
LNC,Lincoln National Corporation Common Stock,EQUITY,NYSE
LND,Brasilagro Brazilian Agric Real Estate Co Sponsored ADR (Brazil),EQUITY,NYSE
LNG,"Cheniere Energy, Inc. Common Stock",EQUITY,NYSE
LNGX,Global X U.S. Natural Gas ETF,ETF,NYSE ARCA
LNN,Lindsay Corporation Common Stock,EQUITY,NYSE
LNOK,Defiance Daily Target 2X Long NOK ETF,ETF,BATS
LOAR,Loar Holdings Inc. Common Stock,EQUITY,NYSE
LOB,"Live Oak Bancshares, Inc. Common Stock",EQUITY,NYSE
LOCL,Local Bounti Corporation Common Stock,EQUITY,NYSE
LOCT,Innovator Premium Income 15 Buffer ETF - October,ETF,BATS
LODE,Comstock Inc. Common Stock,EQUITY,NYSE AMERICAN
LODI,AAM SLC Low Duration Income ETF,ETF,NYSE ARCA
LOEV,Harding Loevner International Developed Markets Select Equity ETF,ETF,NYSE ARCA
LOFD,Direxion Daily SpaceX Bear 2X ETF,ETF,NYSE ARCA
LOFF,Direxion Daily SpaceX Bull 2X ETF,ETF,NYSE ARCA
LOHA,Roundhill HALO ETF,ETF,BATS
LOMA,Loma Negra Compania Industrial Argentina Sociedad Anonima ADS,EQUITY,NYSE
LONZ,PIMCO Senior Loan Active Exchange-Traded Fund,ETF,NYSE ARCA
LOPP,Gabelli Love Our Planet & People ETF Gabelli Love Our Planet & People ETF,ETF,NYSE ARCA
LOUP,Innovator Deepwater Frontier Tech ETF,ETF,NYSE ARCA
LOW,"Lowe's Companies, Inc. Common Stock",EQUITY,NYSE
LOWV,AB US Low Volatility Equity ETF,ETF,NYSE ARCA
LPA,Logistic Properties of the Americas Ordinary Shares,EQUITY,NYSE AMERICAN
LPG,Dorian LPG Ltd. Common Stock,EQUITY,NYSE
LPL,"LG Display Co, Ltd AMERICAN DEPOSITORY SHARES",EQUITY,NYSE
LPRE,Long Pond Real Estate Select ETF,ETF,NYSE ARCA
LPSV,Lone Peak SMID Value ETF,ETF,NYSE ARCA
LPX,Louisiana-Pacific Corporation Common Stock,EQUITY,NYSE
LQAI,LG QRAFT AI-Powered U.S. Large Cap Core ETF,ETF,NYSE ARCA
LQD,iShares iBoxx $ Investment Grade Corporate Bond ETF,ETF,NYSE ARCA
LQDB,iShares BBB Rated Corporate Bond ETF,ETF,NYSE ARCA
LQDD,MicroSectors -3x Short Investment Grade Corporate Bond (LQD) ETNs,ETF,BATS
LQDH,iShares Interest Rate Hedged Corporate Bond ETF,ETF,NYSE ARCA
LQDI,iShares Inflation Hedged Corporate Bond ETF,ETF,BATS
LQDM,Amplify LQD Investment Grade 12% Target Income ETF,ETF,BATS
LQDU,MicroSectors 3x Long Investment Grade Corporate Bond (LQD) ETNs,ETF,BATS
LQDW,iShares Investment Grade Corporate Bond BuyWrite Strategy ETF,ETF,BATS
LQID,Kurv Enhanced Short Maturity ETF,ETF,BATS
LQTI,FT Vest Investment Grade & Target Income ETF,ETF,NYSE ARCA
LRCC,Corgi LRCX 2x Daily ETF,ETF,BATS
LRCU,Tradr 2X Long LRCX Daily ETF,ETF,BATS
LRGC,AB US Large Cap Strategic Equities ETF,ETF,NYSE ARCA
LRGF,iShares U.S. Equity Factor ETF,ETF,NYSE ARCA
LRGG,Nomura Focused Large Growth ETF,ETF,NYSE ARCA
LRN,"Stride, Inc. Common Stock",EQUITY,NYSE
LRNX,Corgi LRN 2x Daily ETF,ETF,BATS
LRNZ,"TrueShares Technology, AI & Deep Learning ETF",ETF,BATS
LSAF,LeaderShares AlphaFactor US Core Equity ETF,ETF,NYSE ARCA
LSAT,LeaderShares AlphaFactor Tactical Focused ETF,ETF,NYSE ARCA
LSCP,Natixis Loomis Sayles Dynamic Core Plus ETF,ETF,NYSE ARCA
LSEQ,Harbor Long-Short Equity ETF,ETF,NYSE ARCA
LSF,"Laird Superfood, Inc. Common Stock",EQUITY,NYSE AMERICAN
LSGR,Natixis Loomis Sayles Focused Growth ETF,ETF,NYSE ARCA
LSPD,Lightspeed Commerce Inc. Subordinate Voting Shares,EQUITY,NYSE
LST,Leuthold Select Industries ETF,ETF,NYSE ARCA
LSTB,Natixis Loomis Sayles Total Return Bond ETF,ETF,NYSE ARCA
LSVD,LSV Disciplined Value ETF,ETF,NYSE ARCA
LTAX,Nomura Tax-Free USA ETF,ETF,NYSE ARCA
LTC,"LTC Properties, Inc. Common Stock",EQUITY,NYSE
LTH,"Life Time Group Holdings, Inc. Common Stock",EQUITY,NYSE
LTL,ProShares Ultra Communication Services,ETF,NYSE ARCA
LTM,"LATAM Airlines Group S.A. American Depositary Shares (each representing two thousand (2,000) shares of Common Stock)",EQUITY,NYSE
LTPZ,Pimco 15  Year U.S. TIPS Index Exchange-Traded Fund,ETF,NYSE ARCA
LTTI,FT Vest 20+ Year Treasury & Target Income ETF,ETF,NYSE ARCA
LU,"Lufax Holding Ltd American Depositary Shares, each representing two (2) Ordinary Shares",EQUITY,NYSE
LUCK,Lucky Strike Entertainment Corporation Class A Common Stock,EQUITY,NYSE
LUD,Luda Technology Group Limited Ordinary Shares,EQUITY,NYSE AMERICAN
LUMA,KraneShares Photonic and Optical ETF,ETF,NYSE ARCA
LUMN,"Lumen Technologies, Inc. Common Stock",EQUITY,NYSE
LUNL,Defiance Daily Target 2X Long LUNR ETF,ETF,BATS
LUV,Southwest Airlines Company Common Stock,EQUITY,NYSE
LUXE,"LuxExperience B.V. American Depositary Shares, each representing one Ordinary Share",EQUITY,NYSE
LVHI,Franklin International Low Volatility High Dividend Index ETF,ETF,BATS
LVLN,State Street SPDR S&P Leveraged Loan ETF,ETF,NYSE ARCA
LVS,Las Vegas Sands Corp. Common Stock,EQUITY,NYSE
LVWR,"LiveWire Group, Inc. Common Stock",EQUITY,NYSE
LW,"Lamb Weston Holdings, Inc. Common Stock",EQUITY,NYSE
LWLX,Tradr 2X Long LWLG Daily ETF,ETF,BATS
LXFR,Luxfer Holdings PLC Ordinary Shares,EQUITY,NYSE
LXP,LXP Industrial Trust Common Stock (Maryland REIT),EQUITY,NYSE
LXU,"LSB Industries, Inc. Common Stock",EQUITY,NYSE
LYB,LyondellBasell Industries NV Ordinary Shares Class A (Netherlands),EQUITY,NYSE
LYG,Lloyds Banking Group Plc American Depositary Shares,EQUITY,NYSE
LYLD,Cambria Large Cap Shareholder Yield ETF,ETF,BATS
LYNX,Lyntris Inc. Common Stock,EQUITY,NYSE
LYTE,Roundhill Photonics & Optics ETF,ETF,BATS
LYV,"Live Nation Entertainment, Inc. Common Stock",EQUITY,NYSE
LZB,La-Z-Boy Incorporated Common Stock,EQUITY,NYSE
LZM,Lifezone Metals Limited Ordinary Shares,EQUITY,NYSE
M,Macy's Inc Common Stock,EQUITY,NYSE
MA,Mastercard Incorporated Common Stock,EQUITY,NYSE
MAA,"Mid-America Apartment Communities, Inc. Common Stock",EQUITY,NYSE
MAC,Macerich Company (The) Common Stock,EQUITY,NYSE
MADE,iShares U.S. Manufacturing ETF,ETF,NYSE ARCA
MAGA,Truth Social America First ETF,ETF,NYSE ARCA
MAGC,Roundhill China Magnificent Seven ETF,ETF,BATS
MAGG,Madison Aggregate Bond ETF,ETF,NYSE ARCA
MAGN,Magnera Corporation Common Stock,EQUITY,NYSE
MAGS,Roundhill Magnificent Seven ETF,ETF,BATS
MAGX,Roundhill Daily 2X Long Magnificent Seven ETF,ETF,BATS
MAGY,Roundhill Magnificent Seven Covered Call ETF,ETF,BATS
MAIA,"MAIA Biotechnology, Inc. Common Stock",EQUITY,NYSE AMERICAN
MAIN,Main Street Capital Corporation Common Stock,EQUITY,NYSE
MAIR,Madison Air Solutions Corporation Class A Common Stock,EQUITY,NYSE
MAKX,ProShares S&P Kensho Smart Factories ETF,ETF,NYSE ARCA
MAMB,Monarch Ambassador Income Index ETF,ETF,BATS
MAN,ManpowerGroup Common Stock,EQUITY,NYSE
MANE,"Veradermics, Incorporated Common Stock",EQUITY,NYSE
MANI,Man Active Income ETF,ETF,NYSE ARCA
MARM,FT Vest U.S. Equity Max Buffer ETF - March,ETF,BATS
MARO,YieldMax MARA Option Income Strategy ETF,ETF,NYSE ARCA
MARS,Roundhill Space & Technology ETF,ETF,BATS
MART,AllianzIM U.S. Large Cap Buffer10 Mar ETF,ETF,BATS
MARU,AllianzIM U.S. Equity Buffer15 Uncapped Mar ETF,ETF,BATS
MARW,AllianzIM U.S. Large Cap Buffer20 Mar ETF,ETF,BATS
MARZ,TrueShares Structured Outcome (March) ETF,ETF,BATS
MAS,Masco Corporation Common Stock,EQUITY,NYSE
MATR,Harbor Multi-Asset Explorer ETF,ETF,NYSE ARCA
MATV,"Mativ Holdings, Inc. Common Stock",EQUITY,NYSE
MATX,"Matson, Inc. Common Stock",EQUITY,NYSE
MAUG,Pacer Swan SOS Moderate (August) ETF,ETF,BATS
MAVF,Matrix Advisors Value ETF,ETF,NYSE ARCA
MAX,"MediaAlpha, Inc. Class A Common Stock",EQUITY,NYSE
MAXJ,iShares Large Cap Max Buffer Jun ETF,ETF,BATS
MAYC,Corgi U.S. Equities 10% Structured Buffer ETF - May Series,ETF,BATS
MAYM,FT Vest U.S. Equity Max Buffer ETF - May,ETF,BATS
MAYP,PGIM S&P 500 Buffer 12 ETF - May,ETF,BATS
MAYT,AllianzIM U.S. Large Cap Buffer10 May ETF,ETF,BATS
MAYU,AllianzIM U.S. Equity Buffer15 Uncapped May ETF,ETF,BATS
MAYW,AllianzIM U.S. Large Cap Buffer20 May ETF,ETF,BATS
MAYZ,TrueShares Structured Outcome (May) ETF,ETF,BATS
MBBA,iShares Mortgage-Backed Securities Active ETF,ETF,BATS
MBBB,VanEck Moody's Analytics BBB Corporate Bond ETF,ETF,BATS
MBC,"MasterBrand, Inc. Common Stock",EQUITY,NYSE
MBCE,Monarch Blue Chips Elite Index ETF,ETF,BATS
MBGL,Mobility Global Inc. Common Stock,EQUITY,NYSE
MBI,MBIA Inc. Common Stock,EQUITY,NYSE
MBND,State Street Nuveen Municipal Bond ETF,ETF,BATS
MBOX,Freedom Day Dividend ETF,ETF,NYSE ARCA
MBSD,Northern Trust Disciplined Duration MBS ETF,ETF,NYSE ARCA
MBSF,Regan Floating Rate MBS ETF,ETF,NYSE ARCA
MBSX,Regan Fixed Rate MBS ETF,ETF,NYSE ARCA
MC,Moelis & Company Class A Common Stock,EQUITY,NYSE
MCB,Metropolitan Bank Holding Corp. Common Stock,EQUITY,NYSE
MCD,McDonald's Corporation Common Stock,EQUITY,NYSE
MCH,Matthews China Active ETF,ETF,NYSE ARCA
MCHG,Leverage Shares 2X Long MCHP Daily ETF,ETF,BATS
MCHU,Tradr 2X Long MCHP Daily ETF,ETF,BATS
MCI,Barings Corporate Investors Common Stock,EQUITY,NYSE
MCK,McKesson Corporation Common Stock,EQUITY,NYSE
MCN,XAI Madison Equity Premium Income Fund Common Shares,EQUITY,NYSE
MCO,Moody's Corporation Common Stock,EQUITY,NYSE
MCOW,Pacer S&P MidCap 400 Quality FCF Aristocrats ETF,ETF,BATS
MCRP,Micropolis AI Robotics Ordinary Shares,EQUITY,NYSE AMERICAN
MCS,Marcus Corporation (The) Common Stock,EQUITY,NYSE
MCVT,Miller Convertible Total Return ETF,ETF,NYSE ARCA
MCY,Mercury General Corporation Common Stock,EQUITY,NYSE
MD,"Pediatrix Medical Group, Inc. Common Stock",EQUITY,NYSE
MDA,MDA Space Ltd. Common Shares,EQUITY,NYSE
MDAA,Myriad Dynamic Asset Allocation ETF,ETF,NYSE ARCA
MDCR,Pacer Swan SOS Moderate December ETF,ETF,BATS
MDEV,First Trust Indxx Medical Devices ETF,ETF,BATS
MDLV,Morgan Dempsey Large Cap Value ETF,ETF,BATS
MDPL,Monarch Dividend Plus Index ETF,ETF,BATS
MDST,Westwood Salient Enhanced Midstream Income ETF,ETF,NYSE
MDT,Medtronic plc. Ordinary Shares,EQUITY,NYSE
MDU,"MDU Resources Group, Inc. Common Stock (Holding Company)",EQUITY,NYSE
MDY,State Street SPDR S&P MIDCAP 400 ETF Trust,ETF,NYSE ARCA
MDYG,State Street SPDR S&P 400 Mid Cap Growth ETF,ETF,NYSE ARCA
MDYV,State Street SPDR S&P 400 Mid Cap Value ETF,ETF,NYSE ARCA
MEAR,iShares Short Maturity Municipal Bond Active ETF,ETF,BATS
MEC,"Mayville Engineering Company, Inc. Common Stock",EQUITY,NYSE
MED,MEDIFAST INC Common Stock,EQUITY,NYSE
MEDI,Harbor Health Care ETF,ETF,NYSE ARCA
MEGI,NYLIM CBRE Global Infrastructure Megatrends Term Fund Common Shares,EQUITY,NYSE
MEGX,Corgi U.S. Mega-Cap Growth 2x Daily ETF,ETF,BATS
MEI,"Methode Electronics, Inc. Common Stock",EQUITY,NYSE
MEIB,Direxion META Defined Income Boost ETF,ETF,BATS
MEM,Matthews Emerging Markets Equity Active ETF,ETF,NYSE ARCA
MEME,Roundhill Meme Stock ETF,ETF,NYSE ARCA
MEMX,Matthews Emerging Markets ex China Active ETF,ETF,NYSE ARCA
MEMY,Tuttle Capital Meme Stock Income Blast ETF,ETF,BATS
MET,"MetLife, Inc. Common Stock",EQUITY,NYSE
MET$E,"MetLife, Inc. Depositary Shares",EQUITY,NYSE
METG,Leverage Shares 2X Long META Daily ETF,ETF,BATS
METQ,Tradr 2X Short META Daily ETF,ETF,BATS
METV,Roundhill Ball Metaverse ETF,ETF,NYSE ARCA
METW,Roundhill META WeeklyPay ETF,ETF,BATS
MEXX,Direxion Daily MSCI Mexico Bull 3X ETF,ETF,NYSE ARCA
MFA,"MFA Financial, Inc.",EQUITY,NYSE
MFC,Manulife Financial Corporation Common Stock,EQUITY,NYSE
MFDX,PIMCO RAFI Dynamic Multi-Factor International Equity ETF,ETF,NYSE ARCA
MFEB,Pacer Swan SOS Moderate (February) ETF,ETF,BATS
MFEM,PIMCO RAFI Dynamic Multi-Factor Emerging Markets Equity ETF,ETF,NYSE ARCA
MFG,"Mizuho Financial Group, Inc. Sponosred ADR (Japan)",EQUITY,NYSE
MFM,Aberdeen Municipal Income Fund Common Shares of Beneficial Interest,EQUITY,NYSE
MFSB,MFS Active Core Plus Bond ETF,ETF,NYSE
MFSD,MFS Active Short Duration Income ETF,ETF,NYSE ARCA
MFSG,MFS Active Growth ETF,ETF,NYSE
MFSI,MFS Active International ETF,ETF,NYSE
MFSM,MFS Active Intermediate Muni Bond ETF,ETF,NYSE
MFSV,MFS Active Value ETF,ETF,NYSE
MFSX,MFS Active Short Muni Bond ETF,ETF,NYSE ARCA
MFUL,Mindful Conservative ETF,ETF,BATS
MFUS,PIMCO RAFI Dynamic Multi-Factor U.S. Equity ETF,ETF,NYSE ARCA
MFUT,Cambria Chesapeake Pure Trend ETF,ETF,BATS
MG,Mistras Group Inc Common Stock,EQUITY,NYSE
MGA,"Magna International, Inc. Common Stock",EQUITY,NYSE
MGC,Vanguard Morningstar Mega Cap ETF,ETF,NYSE ARCA
MGF,Aberdeen Government Markets Income Fund Common Shares of Beneficial Interest,EQUITY,NYSE
MGIN,Man Active Global Infrastructure ETF,ETF,NYSE ARCA
MGK,Vanguard Morningstar Mega Cap Growth ETF,ETF,NYSE ARCA
MGLD,"The Marygold Companies, Inc. Common Stock",EQUITY,NYSE AMERICAN
MGM,MGM Resorts International Common Stock,EQUITY,NYSE
MGMT,Ballast Small/Mid Cap ETF,ETF,NYSE ARCA
MGNR,American Beacon Select Funds American Beacon GLG Natural Resources ETF,ETF,NYSE ARCA
MGOV,First Trust Intermediate Government Opportunities ETF,ETF,NYSE ARCA
MGV,Vanguard Morningstar Mega Cap Value ETF,ETF,NYSE ARCA
MGY,Magnolia Oil & Gas Corporation Class A Common Stock,EQUITY,NYSE
MH,"McGraw Hill, Inc. Common Stock",EQUITY,NYSE
MHD,"Blackrock MuniHoldings Fund, Inc. Common Stock",EQUITY,NYSE
MHF,"Western Asset Municipal High Income Fund, Inc. Common Stock",EQUITY,NYSE
MHH,"Mastech Digital, Inc Common Stock",EQUITY,NYSE AMERICAN
MHIG,Milliman Healthcare Inflation Guard ETF,ETF,NYSE ARCA
MHIP,Milliman Healthcare Inflation Plus ETF,ETF,NYSE ARCA
MHK,"Mohawk Industries, Inc. Common Stock",EQUITY,NYSE
MHO,"M/I Homes, Inc. Common Stock",EQUITY,NYSE
MHX,Corgi MARA 2x Daily ETF,ETF,BATS
MHY,Man Active High Yield ETF,ETF,NYSE ARCA
MI,NFT Limited Class A Ordinary Share,EQUITY,NYSE AMERICAN
MIAX,"Miami International Holdings, Inc. Common Stock",EQUITY,NYSE
MIC,Corgi MU 2x Daily ETF,ETF,BATS
MICC,The Magnum Ice Cream Company N.V. Ordinary Shares,EQUITY,NYSE
MID,American Century Mid Cap Growth Impact ETF,ETF,NYSE ARCA
MIDE,Xtrackers S&P MidCap 400 Scored & Screened ETF,ETF,NYSE ARCA
MIDU,Direxion Mid Cap Bull 3X ETF,ETF,NYSE ARCA
MIG,VanEck Moody's Analytics IG Corporate Bond ETF,ETF,BATS
MIGO,MIG Core ETF,ETF,NYSE ARCA
MILK,Pacer US Cash Cows Bond ETF,ETF,BATS
MIN,Aberdeen Intermediate Income Fund Common Shares of Beneficial Interest,EQUITY,NYSE
MINE,Mayfair Gold Corp. Common Shares,EQUITY,NYSE AMERICAN
MINN,Mairs & Power Minnesota Municipal Bond ETF,ETF,BATS
MINO,PIMCO Municipal Income Opportunities Active Exchange-Traded Fund,ETF,NYSE ARCA
MINT,PIMCO Enhanced Short Maturity Active Exchange-Traded Fund,ETF,NYSE ARCA
MINV,Matthews Asia Innovators Active ETF,ETF,NYSE ARCA
MINY,YieldMax Strategic Metals & Mining Portfolio Option Income ETF,ETF,NYSE ARCA
MIR,"Mirion Technologies, Inc. Class A Common Stock",EQUITY,NYSE
MISL,First Trust Indxx Aerospace & Defense ETF,ETF,NYSE ARCA
MITQ,"Moving iMage Technologies, Inc. Common Stock",EQUITY,NYSE AMERICAN
MITT,"TPG Mortgage Investment Trust, Inc. Common Stock",EQUITY,NYSE
MIVL,MFS Active International Value ETF,ETF,NYSE ARCA
MIY,"Blackrock MuniYield Michigan Quality Fund, Inc. Common Stock",EQUITY,NYSE
MJ,Amplify Alternative Harvest ETF,ETF,NYSE ARCA
MJSC,MUFG Japan Small Cap Active ETF,ETF,NYSE ARCA
MJUN,Pacer Swan SOS Moderate June ETF,ETF,BATS
MKC,"McCormick & Company, Incorporated Common Stock",EQUITY,NYSE
MKC-V,"McCormick & Company, Incorporated Common Stock",EQUITY,NYSE
MKL,Markel Group Inc. Common Stock,EQUITY,NYSE
MKOR,Matthews Korea Active ETF,ETF,NYSE ARCA
MKTN,Federated Hermes MDT Market Neutral ETF,ETF,NYSE ARCA
MLCC,Global X MLCC & Electronic Components ETF,ETF,BATS
MLDR,Global X Intermediate-Term Treasury Ladder ETF,ETF,NYSE ARCA
MLI,"Mueller Industries, Inc. Common Stock",EQUITY,NYSE
MLM,"Martin Marietta Materials, Inc. Common Stock",EQUITY,NYSE
MLN,VanEck Long Muni ETF,ETF,BATS
MLP,"Maui Land & Pineapple Company, Inc. Common Stock",EQUITY,NYSE
MLPA,Global X MLP ETF,ETF,NYSE ARCA
MLPB,"ETRACS Alerian MLP Infrastructure Index ETN Series B due April 2, 2040",EQUITY,NYSE ARCA
MLPD,Global X MLP & Energy Infrastructure Covered Call ETF,ETF,NYSE ARCA
MLPI,NEOS MLP & Energy Infrastructure High Income ETF,ETF,BATS
MLPR,ETRACS Quarterly Pay 1.5X Leveraged Alerian MLP Index ETN,ETF,NYSE ARCA
MLPX,Global X MLP & Energy Infrastructure ETF,ETF,NYSE ARCA
MLR,"Miller Industries, Inc. Common Stock",EQUITY,NYSE
MLSS,"Milestone Scientific, Inc. Common Stock",EQUITY,NYSE AMERICAN
MMA,Mixed Martial Arts Group Limited Ordinary Shares,EQUITY,NYSE AMERICAN
MMAR,Pacer Swan SOS Moderate March ETF,ETF,BATS
MMAX,iShares Large Cap Max Buffer Mar ETF,ETF,BATS
MMAY,Pacer Swan SOS Moderate (May) ETF,ETF,BATS
MMCA,NYLIM MacKay California Muni Intermediate ETF,ETF,NYSE ARCA
MMD,NYLIM MacKay DefinedTerm Muni Opportunities Fund Common Shares,EQUITY,NYSE
MMI,"Marcus & Millichap, Inc. Common Stock",EQUITY,NYSE
MMID,MFS Active Mid Cap ETF,ETF,NYSE
MMIN,NYLIM MacKay Muni Insured ETF,ETF,NYSE ARCA
MMIT,NYLIM MacKay Muni Intermediate ETF,ETF,NYSE ARCA
MMK,State Street Prime Money Market ETF,ETF,NYSE
MMKT,Texas Capital Government Money Market ETF,ETF,NYSE
MMM,3M Company Common Stock,EQUITY,NYSE
MMMA,NYLIM MacKay Muni Allocation ETF,ETF,NYSE ARCA
MMS,"Maximus, Inc. Common Stock",EQUITY,NYSE
MMSC,First Trust Multi-Manager Small Cap Opportunities ETF,ETF,NYSE ARCA
MMSD,NYLIM MacKay Muni Short Duration ETF,ETF,NYSE ARCA
MMT,Aberdeen Multi-Market Income Fund Common Shares of Beneficial Interest,EQUITY,NYSE
MMTM,State Street SPDR S&P 1500 Momentum Tilt ETF,ETF,NYSE ARCA
MMU,"Western Asset Managed Municipals Fund, Inc. Common Stock",EQUITY,NYSE
MNA,NYLIM Merger Arbitrage ETF,ETF,NYSE ARCA
MNBD,ALPS BBH Intermediate Municipal Bond ETF,ETF,NYSE ARCA
MNGB,Yorkville America 2X Inverse MANGOS Plus Daily Target ETF,ETF,NYSE ARCA
MNGU,MicroSectors 3x Long MANGOS+ ex Private Companies ETNs,ETF,NYSE ARCA
MNGZ,Yorkville America 2X Long MANGOS Plus Daily Target ETF,ETF,NYSE ARCA
MNSO,"MINISO Group Holding Limited American Depositary Shares, each representing four Ordinary Shares",EQUITY,NYSE
MNSX,Corgi MNST 2x Daily ETF,ETF,BATS
MNTN,"MNTN, Inc. Class A Common Stock",EQUITY,NYSE
MNVR,Pacer Swan SOS Moderate (November) ETF,ETF,BATS
MO,"Altria Group, Inc.",EQUITY,NYSE
MOAT,VanEck Morningstar Wide Moat ETF,ETF,BATS
MOD,Modine Manufacturing Company Common Stock,EQUITY,NYSE
MOG-A,Moog Inc. Class A Common Stock,EQUITY,NYSE
MOG-B,Moog Inc. Class B Common Stock,EQUITY,NYSE
MOGU,MOGU Inc. American Depositary Shares (each  representing 25 Class A Ordinary Shares),EQUITY,NYSE
MOH,Molina Healthcare Inc Common Stock,EQUITY,NYSE
MOO,VanEck Agribusiness ETF,ETF,NYSE ARCA
MORT,VanEck Mortgage REIT Income ETF,ETF,NYSE ARCA
MOS,Mosaic Company (The) Common Stock,EQUITY,NYSE
MOTG,VanEck Morningstar Global Wide Moat ETF,ETF,BATS
MOTI,VanEck Morningstar International Moat ETF,ETF,BATS
MOTO,Guinness Atkinson Smart Transportation & Technology ETF,ETF,NYSE ARCA
MOV,Movado Group Inc. Common Stock,EQUITY,NYSE
MP,MP Materials Corp. Common Stock,EQUITY,NYSE
MPA,Blackrock MuniYield Pennsylvania Quality Fund Common Stock,EQUITY,NYSE
MPC,Marathon Petroleum Corporation Common Stock,EQUITY,NYSE
MPDB,m+ DynaBuffer ETF,ETF,BATS
MPDY,m+ DualYield Autocall ETF,ETF,NYSE ARCA
MPIM,m+ Income Momentum Autocall ETF,ETF,NYSE ARCA
MPLY,Monopoly ETF,ETF,BATS
MPRO,Monarch ProCap Index ETF,ETF,BATS
MPT,"Medical Properties Trust, Inc. common stock",EQUITY,NYSE
MPTI,"M-tron Industries, Inc. Common Stock",EQUITY,NYSE AMERICAN
MPU,Mega Matrix Inc. Class A Ordinary Shares,EQUITY,NYSE AMERICAN
MPV,Barings Participation Investors Common Stock,EQUITY,NYSE
MPWC,Corgi MPWR 2x Daily ETF,ETF,BATS
MPWX,Tradr 2X Long MPWR Daily ETF,ETF,BATS
MQY,"Blackrock MuniYield Quality Fund, Inc. Common Stock",EQUITY,NYSE
MRAX,Tradr 2X Long MRAM Daily ETF,ETF,BATS
MRCP,PGIM S&P 500 Buffer 12 ETF - March,ETF,BATS
MRGR,ProShares Merger ETF,ETF,BATS
MRK,"Merck & Company, Inc. Common Stock (new)",EQUITY,NYSE
MRNX,Defiance Daily Target 2X Long MRNA ETF,ETF,NYSE ARCA
MRNY,YieldMax MRNA Option Income Strategy ETF,ETF,NYSE ARCA
MRP,"Millrose Properties, Inc. Class A Common Stock",EQUITY,NYSE
MRSH,Marsh Common Stock,EQUITY,NYSE
MRSK,Toews Agility Shares Managed Risk ETF,ETF,NYSE ARCA
MRT,"Marti Technologies, Inc. Class A Ordinary Shares",EQUITY,NYSE AMERICAN
MRVX,Corgi MRVL 2x Daily ETF,ETF,BATS
MS,Morgan Stanley Common Stock,EQUITY,NYSE
MS$A,Morgan Stanley Dep Shs repstg 1/1000 Pfd Ser A,EQUITY,NYSE
MS$F,Morgan Stanley Dep Shs Rpstg 1/1000th Int Prd Ser F Fxd to Flag,EQUITY,NYSE
MSA,MSA Safety Incorporated Common Stock,EQUITY,NYSE
MSB,Mesabi Trust Common Stock,EQUITY,NYSE
MSC,"Studio City International Holdings Limited American depositary shares, each representing four  Class A ordinary shares",EQUITY,NYSE
MSCI,MSCI Inc. Common Stock,EQUITY,NYSE
MSD,"Morgan Stanley Emerging Markets Debt Fund, Inc. Common Stock",EQUITY,NYSE
MSDL,Morgan Stanley Direct Lending Fund Common Stock,EQUITY,NYSE
MSEP,Pacer Swan SOS Moderate September ETF,ETF,BATS
MSFC,Corgi MSFT 2x Daily ETF,ETF,BATS
MSFO,YieldMax MSFT Option Income Strategy ETF,ETF,NYSE ARCA
MSFW,Roundhill MSFT WeeklyPay ETF,ETF,BATS
MSFX,T-Rex 2X Long Microsoft Daily Target ETF,ETF,BATS
MSFY,Kurv Yield Premium Strategy Microsoft (MSFT) ETF,ETF,BATS
MSGE,Madison Square Garden Entertainment Corp. Class A Common Stock,EQUITY,NYSE
MSGS,Madison Square Garden Sports Corp. Class A Common Stock (New),EQUITY,NYSE
MSI,"Motorola Solutions, Inc. Common Stock",EQUITY,NYSE
MSIF,"MSC Income Fund, Inc. Common Stock",EQUITY,NYSE
MSIX,Corgi MSI 2x Daily ETF,ETF,BATS
MSLC,Morgan Stanley Pathway Large Cap Equity ETF,ETF,NYSE ARCA
MSM,"MSC Industrial Direct Company, Inc. Common Stock",EQUITY,NYSE
MSMR,McElhenny Sheffield Managed Risk ETF,ETF,BATS
MSN,Emerson Radio Corporation Common Stock,EQUITY,NYSE AMERICAN
MSOL,Morgan Stanley Solana Trust,ETF,NYSE ARCA
MSOS,AdvisorShares Pure US Cannabis ETF,ETF,NYSE ARCA
MSOX,AdvisorShares MSOS Daily Leveraged ETF,ETF,NYSE ARCA
MSSE,Morgan Stanley Ethereum Trust,ETF,NYSE ARCA
MSSM,Morgan Stanley Pathway Small-Mid Cap Equity ETF,ETF,NYSE ARCA
MSSS,Monarch Select Subsector Index ETF,ETF,BATS
MSST,YieldMax MSTR Performance & Distribution Target 25 ETF,ETF,BATS
MSTB,LHA Market State Tactical Beta ETF,ETF,BATS
MSTC,Corgi MSTR 2x Daily ETF,ETF,BATS
MSTI,Madison Short Term Strategic Income ETF,ETF,NYSE ARCA
MSTQ,LHA Market State Tactical Q ETF,ETF,BATS
MSTU,T-Rex 2X Long MSTR Daily Target ETF,ETF,BATS
MSTW,Roundhill MSTR WeeklyPay ETF,ETF,BATS
MSTY,YieldMax MSTR Option Income Strategy ETF,ETF,NYSE ARCA
MSTZ,T-Rex 2X Inverse MSTR Daily Target ETF,ETF,BATS
MT,Arcelor Mittal NY Registry Shares NEW,EQUITY,NYSE
MTA,Metalla Royalty & Streaming Ltd. Common Shares,EQUITY,NYSE AMERICAN
MTAL,Metals Acquisition Corp. II Class A Ordinary Shares,EQUITY,NYSE
MTAW,Meta AI Lab Ecosystem ETF,ETF,NYSE ARCA
MTB,M&T Bank Corporation Common Stock,EQUITY,NYSE
MTBA,Simplify MBS ETF,ETF,NYSE ARCA
MTD,"Mettler-Toledo International, Inc. Common Stock",EQUITY,NYSE
MTDR,Matador Resources Company Common Stock,EQUITY,NYSE
MTG,MGIC Investment Corporation Common Stock,EQUITY,NYSE
MTGP,WisdomTree Mortgage Plus Bond Fund,ETF,NYSE ARCA
MTH,Meritage Homes Corporation Common Stock,EQUITY,NYSE
MTN,"Vail Resorts, Inc. Common Stock",EQUITY,NYSE
MTNB,"Matinas Biopharma Holdings, Inc. Common Stock",EQUITY,NYSE AMERICAN
MTNE,CH4 Natural Solutions Corporation Class A Ordinary Shares,EQUITY,NYSE
MTR,Mesa Royalty Trust Common Stock,EQUITY,NYSE
MTRA,Invesco International Growth Focus ETF,ETF,BATS
MTRN,Materion Corporation,EQUITY,NYSE
MTSG,Leverage Shares 2X Long MTSI Daily ETF,ETF,BATS
MTUM,iShares MSCI USA Momentum Factor ETF,ETF,BATS
MTUS,Metallus Inc. Common Shares,EQUITY,NYSE
MTW,"Manitowoc Company, Inc. (The) Common Stock",EQUITY,NYSE
MTX,Minerals Technologies Inc. Common Stock,EQUITY,NYSE
MTZ,"MasTec, Inc. Common Stock",EQUITY,NYSE
MUA,"Blackrock MuniAssets Fund, Inc Common Stock",EQUITY,NYSE
MUB,iShares National Muni Bond ETF,ETF,NYSE ARCA
MUC,"Blackrock MuniHoldings California Quality Fund, Inc.  Common Stock",EQUITY,NYSE
MUFG,"Mitsubishi UFJ Financial Group, Inc. Common Stock",EQUITY,NYSE
MUG,Leverage Shares 2X Long MU Daily ETF,ETF,BATS
MUIB,Direxion MU Defined Income Boost ETF,ETF,BATS
MUJ,"Blackrock MuniHoldings New Jersey Quality Fund, Inc. Common Stock",EQUITY,NYSE
MUNA,Northern Trust 2030 Tax-Exempt Distributing Ladder ETF,ETF,NYSE ARCA
MUNB,Northern Trust 2035 Tax-Exempt Distributing Ladder ETF,ETF,NYSE ARCA
MUNC,Northern Trust 2045 Tax-Exempt Distributing Ladder ETF,ETF,NYSE ARCA
MUND,Northern Trust 2055 Tax-Exempt Distributing Ladder ETF,ETF,NYSE ARCA
MUNF,Northern Trust 2036 Tax-Exempt Distributing Ladder ETF,ETF,NYSE ARCA
MUNG,Northern Trust 2046 Tax-Exempt Distributing Ladder ETF,ETF,NYSE ARCA
MUNH,Northern Trust 2056 Tax-Exempt Distributing Ladder ETF,ETF,NYSE ARCA
MUNI,PIMCO Intermediate Municipal Bond Active Exchange-Traded Fund,ETF,NYSE ARCA
MUNJ,Northern Trust 2031 Tax-Exempt Distributing Ladder ETF,ETF,NYSE ARCA
MUNX,AMG GW&K Muni Income ETF,ETF,NYSE ARCA
MUNY,Vanguard New York Tax-Exempt Bond ETF,ETF,BATS
MUR,Murphy Oil Corporation Common Stock,EQUITY,NYSE
MUSA,Murphy USA Inc. Common Stock,EQUITY,NYSE
MUSE,TCW Multisector Credit Income ETF,ETF,NYSE
MUSQ,MUSQ Global Music Industry Index ETF,ETF,NYSE ARCA
MUST,Columbia Multi-Sector Municipal Income ETF,ETF,NYSE ARCA
MUX,McEwen Inc. Common Stock,EQUITY,NYSE
MUZ,Defiance Daily Target 2X Short MU ETF,ETF,NYSE ARCA
MVAL,VanEck Morningstar Wide Moat Value ETF,ETF,BATS
MVFD,Monarch Volume Factor Dividend Tree Index ETF,ETF,BATS
MVFG,Monarch Volume Factor Global Unconstrained Index ETF,ETF,BATS
MVPA,Miller Value Partners Appreciation ETF,ETF,NYSE
MVPL,Miller Value Partners Leverage ETF,ETF,NYSE ARCA
MVRL,ETRACS Monthly Pay 1.5X Leveraged Mortgage REIT ETN,ETF,NYSE ARCA
MVV,ProShares Ultra MidCap400,ETF,NYSE ARCA
MWA,MUELLER WATER PRODUCTS Common Stock,EQUITY,NYSE
MWG,Multi Ways Holdings Limited Class A Ordinary Shares,EQUITY,NYSE AMERICAN
MWHS,Skylar Electricity Futures ETF,ETF,NYSE ARCA
MX,Magnachip Semiconductor Corporation Common Stock,EQUITY,NYSE
MXC,Mexco Energy Corporation Common Stock,EQUITY,NYSE AMERICAN
MXE,"Mexico Equity and Income Fund, Inc. (The) Common Stock",EQUITY,NYSE
MXF,"Mexico Fund, Inc. (The) Common Stock",EQUITY,NYSE
MXI,iShares Global Materials ETF,ETF,NYSE ARCA
MXLL,Leverage Shares 2X Long MXL Daily ETF,ETF,BATS
MYE,"Myers Industries, Inc. Common Stock",EQUITY,NYSE
MYI,"Blackrock MuniYield Quality Fund III, Inc Common Stock",EQUITY,NYSE
MYLD,Cambria Micro and SmallCap Shareholder Yield ETF,ETF,BATS
MYN,"Blackrock MuniYield New York Quality Fund, Inc.Common Stock",EQUITY,NYSE
MYND,"Mynd.ai, Inc. American Depositary Shares",EQUITY,NYSE AMERICAN
MYO,Myomo Inc. Common Stock,EQUITY,NYSE AMERICAN
MYY,ProShares Short MidCap400,ETF,NYSE ARCA
MZYX,MOZAYYX Acquisition Corp. Class A Ordinary Shares,EQUITY,NYSE
MZZ,ProShares UltraShort MidCap400,ETF,NYSE ARCA
NABL,"N-able, Inc. Common Stock",EQUITY,NYSE
NAC,Nuveen California Quality Municipal Income Fund,EQUITY,NYSE
NACP,Impact Shares NAACP Minority Empowerment ETF,ETF,NYSE ARCA
NAD,Nuveen Quality Municipal Income Fund Common Stock,EQUITY,NYSE
NAIL,Direxion Daily Homebuilders & Supplies Bull 3X ETF,ETF,NYSE ARCA
NAK,"Northern Dynasty Minerals, Ltd. Common Stock",EQUITY,NYSE AMERICAN
NAN,Nuveen New York Quality Municipal Income Fund Common Stock,EQUITY,NYSE
NANC,Subversive Congressional Democrats Trading ETF,ETF,BATS
NANR,State Street SPDR S&P North American Natural Resources ETF,ETF,NYSE ARCA
NAPR,Innovator Growth-100 Power Buffer ETF - April,ETF,BATS
NASA,Tema Space Innovators ETF,ETF,NYSE ARCA
NAT,Nordic American Tankers Limited Common Stock,EQUITY,NYSE
NATL,NCR Atleos Corporation Common Stock,EQUITY,NYSE
NAUG,Innovator Growth-100 Power Buffer ETF - August,ETF,BATS
NAZ,Nuveen Arizona Quality Municipal Income Fund Common Stock,EQUITY,NYSE
NBB,Nuveen Taxable Municipal Income Fund Common Shares of Beneficial Interest,EQUITY,NYSE
NBCE,Neuberger China Equity ETF,ETF,NYSE ARCA
NBCM,Neuberger Commodity Strategy ETF,ETF,NYSE ARCA
NBCR,Neuberger Core Equity ETF,ETF,NYSE ARCA
NBDS,Neuberger Disrupters ETF,ETF,NYSE ARCA
NBET,Neuberger Energy Transition & Infrastructure ETF,ETF,NYSE ARCA
NBFC,Neuberger Flexible Credit Income ETF,ETF,NYSE ARCA
NBFR,Innovator Nasdaq-100 Managed 10 Buffer ETF,ETF,NYSE ARCA
NBGX,Neuberger Growth ETF,ETF,NYSE ARCA
NBH,Neuberger Municipal Fund Inc. Common Stock,EQUITY,NYSE AMERICAN
NBHC,National Bank Holdings Corporation Common Stock,EQUITY,NYSE
NBIC,Corgi NBIS 2x Daily ETF,ETF,BATS
NBIE,Neuberger International Core Equity ETF,ETF,NYSE ARCA
NBIZ,Tradr 2X Short NBIS Daily ETF,ETF,BATS
NBJP,Neuberger Japan Equity ETF,ETF,NYSE ARCA
NBOS,Neuberger Option Strategy ETF,ETF,NYSE ARCA
NBR,Nabors Industries Ltd.,EQUITY,NYSE
NBSD,Neuberger Short Duration Income ETF,ETF,NYSE ARCA
NBSM,Neuberger Small-Mid Cap ETF,ETF,NYSE ARCA
NBTR,Neuberger Total Return Bond ETF,ETF,NYSE ARCA
NBXG,Neuberger Next Generation Connectivity Fund Inc. Common Stock,EQUITY,NYSE
NC,"NACCO Industries, Inc. Common Stock",EQUITY,NYSE
NCA,Nuveen California Municipal Value Fund,EQUITY,NYSE
NCDL,Nuveen Churchill Direct Lending Corp. Common Stock,EQUITY,NYSE
NCLH,Norwegian Cruise Line Holdings Ltd. Ordinary Shares,EQUITY,NYSE
NCLO,Nuveen AA-BBB CLO ETF,ETF,NYSE ARCA
NCV,Virtus Convertible & Income Fund Common Shares of Beneficial Interest,EQUITY,NYSE
NCZ,Virtus Convertible & Income Fund II Common Shares of Beneficial Interest,EQUITY,NYSE
NDEC,Innovator Growth-100 Power Buffer ETF - December,ETF,BATS
NDIA,Global X India Active ETF,ETF,NYSE ARCA
NDIV,Amplify Energy & Natural Resources Covered Call ETF,ETF,NYSE ARCA
NDMO,Nuveen Dynamic Municipal Opportunities Fund Common Shares of Beneficial Interest,EQUITY,NYSE
NDOW,Anydrus Advantage ETF,ETF,BATS
NE,Noble Corporation plc A Ordinary Shares,EQUITY,NYSE
NEA,Nuveen AMT-Free Quality Municipal Income Fund Common Shares of Beneficial Interest Par Value $.01,EQUITY,NYSE
NEAR,iShares Short Duration Bond Active ETF,ETF,BATS
NEBX,Tradr 2X Long NBIS Daily ETF,ETF,BATS
NECK,xETFs AI Bottlenecks ETF,ETF,NYSE ARCA
NEE,"NextEra Energy, Inc. Common Stock",EQUITY,NYSE
NEE$N,"NextEra Energy Capital Holdings Inc. Series N Junior Subordinated Debentures due March 1, 2079",EQUITY,NYSE
NEE$U,"NextEra Energy, Inc. Series U Junior Subordinated Debentures due June 1, 2085",EQUITY,NYSE
NEE$W,"NextEra Energy Capital Holdings Inc. Series Z Junior Subordinated Debentures due April 15, 2086",EQUITY,NYSE
NEHI,NEOS Ethereum High Income ETF,ETF,BATS
NELS,Nelson Select ETF,ETF,BATS
NEM,Newmont Corporation,EQUITY,NYSE
NEMD,Neuberger Emerging Markets Debt Hard Currency ETF,ETF,NYSE ARCA
NERD,Roundhill Video Games ETF,ETF,BATS
NET,"Cloudflare, Inc. Class A Common Stock",EQUITY,NYSE
NETL,Colterpoint Net Lease Real Estate ETF,ETF,NYSE ARCA
NEU,NewMarket Corp Common Stock,EQUITY,NYSE
NEWP,New Pacific Metals Corp. Common Shares,EQUITY,NYSE AMERICAN
NEXA,Nexa Resources S.A. Common Shares,EQUITY,NYSE
NFEB,Innovator Growth-100 Power Buffer ETF - February,ETF,BATS
NFG,National Fuel Gas Company Common Stock,EQUITY,NYSE
NFGC,New Found Gold Corp Common Shares,EQUITY,NYSE AMERICAN
NFJ,"Virtus Dividend, Interest & Premium Strategy Fund Common Shares of Beneficial Interest",EQUITY,NYSE
NFLP,Kurv Yield Premium Strategy Netflix (NFLX) ETF,ETF,BATS
NFLT,Virtus Newfleet Multi-Sector Bond ETF,ETF,NYSE ARCA
NFLU,T-Rex 2X Long NFLX Daily Target ETF,ETF,BATS
NFLW,Roundhill NFLX WeeklyPay ETF,ETF,BATS
NFLY,YieldMax NFLX Option Income Strategy ETF,ETF,NYSE ARCA
NFRA,Northern Trust STOXX Global Broad Infrastructure ETF,ETF,NYSE ARCA
NFX,Corgi NFLX 2x Daily ETF,ETF,BATS
NG,Novagold Resources Inc.,EQUITY,NYSE AMERICAN
NGG,"National Grid Transco, PLC National Grid PLC (NEW) American Depositary Shares",EQUITY,NYSE
NGIF,Nuveen Global Infrastructure Fund: ETF Class Shares,ETF,NYSE ARCA
NGS,"Natural Gas Services Group, Inc. Common Stock",EQUITY,NYSE
NGVC,"Natural Grocers by Vitamin Cottage, Inc. Common Stock",EQUITY,NYSE
NGVT,Ingevity Corporation Common Stock,EQUITY,NYSE
NHC,National HealthCare Corporation Common Stock,EQUITY,NYSE AMERICAN
NHI,"National Health Investors, Inc. Common Stock",EQUITY,NYSE
NHS,Neuberger High Yield Strategies Fund Inc. Common Stock,EQUITY,NYSE AMERICAN
NHYB,Nuveen High Yield Corporate Bond ETF,ETF,NYSE ARCA
NHYM,Nuveen High Yield Municipal Income ETF,ETF,NYSE ARCA
NI,NiSource Inc Common Stock,EQUITY,NYSE
NIC,Nicolet Bankshares Inc. Common Stock,EQUITY,NYSE
NICO,Hexis Active Nicotine Engagement ETF,ETF,NYSE ARCA
NIE,Virtus Equity & Convertible Income Fund Common Shares of Beneficial Interest,EQUITY,NYSE
NIHI,NEOS MSCI EAFE High Income ETF,ETF,BATS
NIM,Nuveen Select Maturities Municipal Fund Common Stock,EQUITY,NYSE
NINE,"Nine Energy Service, Inc. Common Stock",EQUITY,NYSE AMERICAN
NIO,"NIO Inc. American depositary shares, each  representing one Class A ordinary share",EQUITY,NYSE
NIQ,NIQ Global Intelligence plc Ordinary Shares,EQUITY,NYSE
NISM,NYLIM International Small-Mid Cap Equity ETF,ETF,NYSE ARCA
NITE,The Nightview Fund NITE,ETF,NYSE ARCA
NJAN,Innovator Growth-100 Power Buffer ETF - January,ETF,BATS
NJNK,Columbia U.S. High Yield ETF,ETF,NYSE ARCA
NJR,NewJersey Resources Corporation Common Stock,EQUITY,NYSE
NJUL,Innovator Growth-100 Power Buffer ETF - July,ETF,BATS
NJUN,Innovator Growth-100 Power Buffer ETF - June,ETF,BATS
NKE,"Nike, Inc. Common Stock",EQUITY,NYSE
NKX,Nuveen California AMT-Free Quality Municipal Income Fund,EQUITY,NYSE
NL,"NLI Holdings, Inc. Common Stock",EQUITY,NYSE
NLOP,Net Lease Office Properties Common Shares of Beneficial Interest,EQUITY,NYSE
NLR,VanEck Uranium and Nuclear ETF,ETF,NYSE ARCA
NLSI,NEOS Long/Short Equity Income ETF,ETF,BATS
NLY,Annaly Capital Management Inc. Common Stock,EQUITY,NYSE
NLY$F,Annaly Capital Management Inc 6.95% Series F,EQUITY,NYSE
NMAI,Nuveen Multi-Asset Income Fund Common Shares of Beneficial Interest,EQUITY,NYSE
NMAR,Innovator Growth-100 Power Buffer ETF - March,ETF,BATS
NMAX,"Newsmax, Inc. Class B Common Stock",EQUITY,NYSE
NMAY,Innovator Growth-100 Power Buffer ETF - May,ETF,BATS
NMB,Simplify National Muni Bond ETF,ETF,NYSE ARCA
NMBL,NovaTide Flexible Allocation ETF,ETF,NYSE ARCA
NMCO,Nuveen Municipal Credit Opportunities Fund Common Shares,EQUITY,NYSE
NMG,Nouveau Monde Graphite Inc. Common Shares,EQUITY,NYSE
NMI,"Nuveen Municipal Income Fund, Inc. Common Stock",EQUITY,NYSE
NML,Neuberger Energy Infrastructure and Income Fund Inc. Common Stock,EQUITY,NYSE AMERICAN
NMR,Nomura Holdings Inc ADR American Depositary Shares,EQUITY,NYSE
NMS,Nuveen Minnesota Quality Municipal Income Fund,EQUITY,NYSE
NMT,Nuveen Massachusetts Quality Municipal Income Fund Common Stock,EQUITY,NYSE
NMZ,"Nuveen Municipal High Income Opportunity Fund Common Stock, $0.01 par value, per share",EQUITY,NYSE
NNI,"Nelnet, Inc. Common Stock",EQUITY,NYSE
NNN,"NNN REIT, Inc. Common Stock",EQUITY,NYSE
NNOV,Innovator Growth-100 Power Buffer ETF - November,ETF,BATS
NNVC,"NanoViricides, Inc. Common Stock",EQUITY,NYSE AMERICAN
NNY,Nuveen New York Municipal Value Fund Common Stock,EQUITY,NYSE
NOA,North American Construction Group Ltd. Common Shares (no par),EQUITY,NYSE
NOAH,Noah Holdings Limited American Depositary Shares,EQUITY,NYSE
NOBL,ProShares S&P 500 Dividend Aristocrats ETF,ETF,BATS
NOC,Northrop Grumman Corporation Common Stock,EQUITY,NYSE
NOCT,Innovator Growth-100 Power Buffer ETF- October,ETF,BATS
NODE,VanEck Onchain Economy ETF,ETF,BATS
NOEQ,Northern Trust US Equity ETF,ETF,NYSE ARCA
NOG,"Northern Oil and Gas, Inc. Common Stock",EQUITY,NYSE
NOK,Nokia Corporation Sponsored American Depositary Shares,EQUITY,NYSE
NOMD,Nomad Foods Limited Ordinary Shares,EQUITY,NYSE
NORW,Global X MSCI Norway ETF,ETF,NYSE ARCA
NOV,NOV Inc. Common Stock,EQUITY,NYSE
NOVM,FT Vest U.S. Equity Max Buffer ETF - November,ETF,BATS
NOVP,PGIM S&P 500 Buffer 12 ETF - November,ETF,BATS
NOVZ,TrueShares Structured Outcome (November) ETF,ETF,BATS
NOW,"ServiceNow, Inc. Common Stock",EQUITY,NYSE
NOWX,Corgi NOW 2x Daily ETF,ETF,BATS
NP,Neptune Insurance Holdings Inc. Class A Common Stock,EQUITY,NYSE
NPB,"Northpointe Bancshares, Inc. Common Stock",EQUITY,NYSE
NPCT,Nuveen Core Plus Impact Fund Common Shares of Beneficial Interest,EQUITY,NYSE
NPFE,NPF Core Equity ETF,ETF,BATS
NPK,"National Presto Industries, Inc. Common Stock",EQUITY,NYSE
NPKI,NPK International Inc. Common Stock,EQUITY,NYSE
NPO,Enpro Inc. Common Stock,EQUITY,NYSE
NPV,Nuveen Virginia Quality Municipal Income Fund Common Stock,EQUITY,NYSE
NPWR,NET Power Inc. Class A Common Stock,EQUITY,NYSE
NQLT,Neuberger Quality Select ETF,ETF,NYSE ARCA
NRAM,Yorkville America Next Generation Memory Index ETF,ETF,NYSE ARCA
NRDY,Nerdy Inc. Class A Common Stock,EQUITY,NYSE
NREF,"NexPoint Real Estate Finance, Inc. Common Stock",EQUITY,NYSE
NRG,"NRG Energy, Inc. Common Stock",EQUITY,NYSE
NRGD,"MicroSectors U.S. Big Oil -3 Inverse Leveraged ETNs due February 17, 2045",ETF,NYSE ARCA
NRGU,"MicroSectors U.S. Big Oil 3 Leveraged ETNs due February 17, 2045",ETF,NYSE ARCA
NRGV,"Energy Vault Holdings, Inc. Common Stock",EQUITY,NYSE
NRK,Nuveen New York AMT-Free Quality Municipal Income Fund,EQUITY,NYSE
NRO,Neuberger Real Estate Securities Income Fund Inc. Common Stock,EQUITY,NYSE AMERICAN
NRP,Natural Resource Partners LP Limited Partnership,EQUITY,NYSE
NRSH,Aztlan North America Nearshoring Stock Selection ETF,ETF,NYSE ARCA
NRT,North European Oil Royality Trust Common Stock,EQUITY,NYSE
NRXS,"Neuraxis, Inc. Common Stock",EQUITY,NYSE AMERICAN
NSC,Norfolk Southern Corporation Common Stock,EQUITY,NYSE
NSCI,Nuveen Securitized Income ETF,ETF,NYSE ARCA
NSEP,Innovator Growth-100 Power Buffer ETF - September,ETF,BATS
NSIG,North Square Growth Opportunities ETF,ETF,NYSE ARCA
NSIV,North Square Disciplined Value ETF,ETF,NYSE ARCA
NSP,"Insperity, Inc. Common Stock",EQUITY,NYSE
NSRX,Nasus Pharma Ltd. Ordinary Shares,EQUITY,NYSE AMERICAN
NTB,Bank of N.T. Butterfield & Son Limited (The) Voting Ordinary Shares,EQUITY,NYSE
NTIP,"Network-1 Technologies, Inc. Common Stock",EQUITY,NYSE AMERICAN
NTR,Nutrien Ltd. Common Shares,EQUITY,NYSE
NTRL,First Trust Equity Market Neutral ETF,ETF,NYSE ARCA
NTSD,WisdomTree Efficient U.S. Plus International Equity Fund,ETF,NYSE ARCA
NTSE,WisdomTree Emerging Markets Efficient Core Fund,ETF,NYSE ARCA
NTSI,WisdomTree International Efficient Core Fund,ETF,NYSE ARCA
NTST,NetSTREIT Corp. Common Stock,EQUITY,NYSE
NTSX,WisdomTree U.S. Efficient Core Fund,ETF,NYSE ARCA
NU,Nu Holdings Ltd. Class A Ordinary Shares,EQUITY,NYSE
NUAG,Nuveen Enhanced Yield U.S. Aggregate Bond ETF,ETF,NYSE ARCA
NUBD,Nuveen ESG U.S. Aggregate Bond ETF,ETF,NYSE ARCA
NUDG,Nuveen Dividend Growth Fund: ETF Class Shares,ETF,NYSE ARCA
NUDM,Nuveen ESG International Developed Markets Equity ETF,ETF,BATS
NUDV,Nuveen ESG Dividend ETF,ETF,BATS
NUE,Nucor Corporation Common Stock,EQUITY,NYSE
NUEM,Nuveen ESG Emerging Markets Equity ETF,ETF,BATS
NUGO,Nuveen Growth Opportunities ETF,ETF,NYSE ARCA
NUGT,Direxion Daily Gold Miners Index Bull 2X ETF,ETF,NYSE ARCA
NUHY,Nuveen ESG High Yield Corporate Bond ETF,ETF,NYSE ARCA
NUKX,Nicholas Nuclear Income ETF,ETF,NYSE ARCA
NUKZ,Range Nuclear Renaissance Index ETF,ETF,NYSE ARCA
NULC,Nuveen ESG Large-Cap ETF,ETF,BATS
NULG,Nuveen ESG Large-Cap Growth ETF,ETF,BATS
NULV,Nuveen ESG Large-Cap Value ETF,ETF,BATS
NUMG,Nuveen ESG Mid-Cap Growth ETF,ETF,BATS
NUMI,Nuveen Municipal Income ETF,ETF,NYSE ARCA
NUMV,Nuveen ESG Mid-Cap Value ETF,ETF,BATS
NURE,Nuveen Short-Term REIT ETF,ETF,BATS
NUS,"Nu Skin Enterprises, Inc. Common Stock",EQUITY,NYSE
NUSA,Nuveen ESG 1-5 Year U.S. Aggregate Bond ETF,ETF,NYSE ARCA
NUSC,Nuveen ESG Small-Cap ETF,ETF,BATS
NUV,"Nuveen Municipal Value Fund, Inc. Common Stock",EQUITY,NYSE
NUVB,Nuvation Bio Inc. Class A Common Stock,EQUITY,NYSE
NUW,Nuveen AMT-Free Municipal Value Fund,EQUITY,NYSE
NVA,Nova Minerals Corp Common Stock,EQUITY,NYSE AMERICAN
NVBT,AllianzIM U.S. Large Cap Buffer10 Nov ETF,ETF,BATS
NVBU,AllianzIM U.S. Equity Buffer15 Uncapped Nov ETF,ETF,BATS
NVBW,AllianzIM U.S. Large Cap Buffer20 Nov ETF,ETF,BATS
NVC,Corgi NVDA 2x Daily ETF,ETF,BATS
NVDB,ProShares Ultra NVDA,ETF,NYSE ARCA
NVDQ,T-Rex 2X Inverse NVIDIA Daily Target ETF,ETF,BATS
NVDW,Roundhill NVDA WeeklyPay ETF,ETF,BATS
NVDX,T-Rex 2X Long NVIDIA Daily Target ETF,ETF,BATS
NVDY,YieldMax NVDA Option Income Strategy ETF,ETF,NYSE ARCA
NVG,Nuveen AMT-Free Municipal Credit Income Fund,EQUITY,NYSE
NVGS,Navigator Holdings Ltd. Ordinary Shares (Marshall Islands),EQUITY,NYSE
NVIB,Direxion NVDA Defined Income Boost ETF,ETF,BATS
NVII,REX NVDA Growth & Income ETF,ETF,BATS
NVIR,Horizon Kinetics Energy and Remediation ETF,ETF,NYSE ARCA
NVIT,YieldMax NVDA Performance & Distribution Target 25 ETF,ETF,BATS
NVO,Novo Nordisk A/S Common Stock,EQUITY,NYSE
NVOC,Corgi NVO 2x Daily ETF,ETF,BATS
NVOH,Novo Nordisk A/S B Shares ADRhedged,ETF,NYSE ARCA
NVOX,Defiance Daily Target 2X Long NVO ETF,ETF,NYSE ARCA
NVR,"NVR, Inc. Common Stock",EQUITY,NYSE
NVRI,Enviri Corporation Common Stock,EQUITY,NYSE
NVS,Novartis AG Common Stock,EQUITY,NYSE
NVST,Envista Holdings Corporation Common Stock,EQUITY,NYSE
NVT,nVent Electric plc Ordinary Shares,EQUITY,NYSE
NVTC,Corgi NVTS 2x Daily ETF,ETF,BATS
NVTX,Tradr 2X Long NVTS Daily ETF,ETF,BATS
NWAX,New America Acquisition I Corp. Class A Common Stock,EQUITY,NYSE
NWG,"NatWest Group plc American Depositary Shares, (each representing two (2) Ordinary Shares)",EQUITY,NYSE
NWN,Northwest Natural Holding Company Common Stock,EQUITY,NYSE
NX,Quanex Building Products Corporation Common Stock,EQUITY,NYSE
NXB,NextBoat Inc. Common Stcok,EQUITY,NYSE AMERICAN
NXDR,"Nextdoor Holdings, Inc. Class A Common Stock",EQUITY,NYSE
NXDT,NexPoint Diversified Real Estate Trust Common Stock,EQUITY,NYSE
NXE,Nexgen Energy Ltd. Common Shares,EQUITY,NYSE
NXG,NXG NextGen Infrastructure Income Fund Common Shares of Beneficial Interest,EQUITY,NYSE
NXP,Nuveen Select Tax Free Income Portfolio Common Stock,EQUITY,NYSE
NXPG,Leverage Shares 2X Long NXPI Daily ETF,ETF,BATS
NXPX,Tradr 2X Long NXPI Daily ETF,ETF,BATS
NXRT,"NexPoint Residential Trust, Inc. Common Stock",EQUITY,NYSE
NXTE,AXS Green Alpha ETF,ETF,NYSE ARCA
NXTI,Simplify Next Intangible Core Index ETF,ETF,BATS
NXUS,Nuveen International Aggregate Bond ETF,ETF,NYSE ARCA
NYC,American Strategic Investment Co. Class A Common Stock,EQUITY,NYSE
NYF,iShares New York Muni Bond ETF,ETF,NYSE ARCA
NYM,AB New York Intermediate Municipal ETF,ETF,NYSE ARCA
NYNY,Corgi NYC Based ETF,ETF,BATS
NYSX,Global X NYSE 100 ETF,ETF,NYSE ARCA
NYT,New York Times Company (The) Common Stock,EQUITY,NYSE
NYYY,xETFs NVDA Daily Income ETF,ETF,NYSE ARCA
NZF,Nuveen Municipal Credit Income Fund,EQUITY,NYSE
O,Realty Income Corporation Common Stock,EQUITY,NYSE
OACP,OneAscent Core Plus Bond ETF,ETF,NYSE ARCA
OAEM,OneAscent Emerging Markets ETF,ETF,NYSE ARCA
OAIM,OneAscent International Equity ETF,ETF,NYSE ARCA
OAIW,OpenAI Lab Ecosystem ETF,ETF,NYSE ARCA
OAKG,Oakmark Global Large Cap ETF,ETF,NYSE ARCA
OAKI,Oakmark International Large Cap ETF,ETF,NYSE ARCA
OAKM,Oakmark U.S. Large Cap ETF,ETF,NYSE ARCA
OALC,OneAscent Large Cap Core ETF,ETF,NYSE ARCA
OARK,YieldMax Innovation Option Income Strategy ETF,ETF,NYSE ARCA
OASC,OneAscent Enhanced Small and Mid Cap ETF,ETF,NYSE ARCA
OBDC,Blue Owl Capital Corporation Common Stock,EQUITY,NYSE
OBE,Obsidian Energy Ltd. Common Shares,EQUITY,NYSE AMERICAN
OBK,"Origin Bancorp, Inc. Common Stock",EQUITY,NYSE
OBND,State Street Loomis Sayles Opportunistic Bond ETF,ETF,BATS
OBOR,KraneShares MSCI One Belt One Road Index ETF,ETF,NYSE ARCA
OC,Owens Corning Inc Common Stock New,EQUITY,NYSE
OCAC,Ocean Capital Acquisition Corporation Ordinary Shares,EQUITY,NYSE
OCDB,Aptus October Deep Buffer ETF,ETF,BATS
OCIO,ClearShares OCIO ETF,ETF,NYSE ARCA
OCNL,T-REX 2X Long DOCN Daily Target ETF,ETF,BATS
OCTB,Aptus October Buffer ETF,ETF,BATS
OCTH,Innovator Premium Income 20 Barrier ETF - October,ETF,BATS
OCTJ,Innovator Premium Income 30 Barrier ETF - October,ETF,BATS
OCTM,FT Vest U.S. Equity Max Buffer ETF - October,ETF,BATS
OCTP,PGIM S&P 500 Buffer 12 ETF - October,ETF,BATS
OCTT,AllianzIM U.S. Large Cap Buffer10 Oct ETF,ETF,BATS
OCTU,AllianzIM U.S. Equity Buffer15 Uncapped Oct ETF,ETF,BATS
OCTW,AllianzIM U.S. Large Cap Buffer20 Oct ETF,ETF,BATS
OCTZ,TrueShares Structured Outcome (October) ETF,ETF,BATS
ODC,Oil-Dri Corporation Of America Common Stock,EQUITY,NYSE
ODDZ,Corgi Sports Betting & Gambling ETF,ETF,BATS
ODHY,Obra Defensive High Yield ETF,ETF,NYSE ARCA
OEC,Orion S.A. Common Shares,EQUITY,NYSE
OEF,iShares S&P 100 Fund,ETF,NYSE ARCA
OEFA,ALPS O'Shares International Developed Quality Dividend ETF,ETF,NYSE ARCA
OEI,Optimized Equity Income ETF,ETF,NYSE ARCA
OFG,OFG Bancorp Common Stock,EQUITY,NYSE
OFRM,"Once Upon a Farm, PBC Common Stock",EQUITY,NYSE
OGC,OceanaGold Corporation Common Shares,EQUITY,NYSE
OGE,OGE Energy Corp Common Stock,EQUITY,NYSE
OGEN,Oragenics Inc. Common Stock,EQUITY,NYSE AMERICAN
OGG,Osisko Gold Group Inc. Common Shares,EQUITY,NYSE
OGIG,ALPS O'Shares Global Internet Giants ETF,ETF,NYSE ARCA
OGN,Organon & Co. Common Stock,EQUITY,NYSE
OGS,"ONE Gas, Inc. Common Stock",EQUITY,NYSE
OGSP,Obra High Grade Structured Products ETF,ETF,NYSE ARCA
OHI,"Omega Healthcare Investors, Inc. Common Stock",EQUITY,NYSE
OI,"O-I Glass, Inc. Common Stock",EQUITY,NYSE
OIA,Invesco Municipal Income Opportunities Trust Common Stock,EQUITY,NYSE
OIH,VanEck Oil Services ETF,ETF,NYSE ARCA
OII,"Oceaneering International, Inc. Common Stock",EQUITY,NYSE
OILD,MicroSectors Oil & Gas Exp. & Prod. -3x Inverse Leveraged ETN,ETF,NYSE ARCA
OILK,ProShares K-1 Free Crude Oil ETF,ETF,BATS
OILT,Texas Capital Texas Oil Index ETF,ETF,F
OILU,MicroSectors Oil & Gas Exp. & Prod. 3x Leveraged ETN,ETF,NYSE ARCA
OIS,"Oil States International, Inc. Common Stock",EQUITY,NYSE
OKE,"ONEOK, Inc. Common Stock",EQUITY,NYSE
OKLC,Corgi OKLO 2x Daily ETF,ETF,BATS
OKLO,Oklo Inc. Class A common stock,EQUITY,NYSE
OLN,Olin Corporation Common Stock,EQUITY,NYSE
OLP,"One Liberty Properties, Inc. Common Stock",EQUITY,NYSE
OMAH,VistaShares Target 15 Berkshire Select Income ETF,ETF,NYSE ARCA
OMC,Omnicom Group Inc. Common Stock,EQUITY,NYSE
OMF,"OneMain Holdings, Inc. Common Stock",EQUITY,NYSE
OMFL,Invesco Russell 1000 Dynamic Multifactor ETF,ETF,BATS
OMFS,Invesco Russell 2000 Dynamic Multifactor ETF,ETF,BATS
OND,ProShares On-Demand ETF,ETF,NYSE ARCA
ONDC,Corgi ONDS 2x Daily ETF,ETF,BATS
ONDL,Defiance Daily Target 2X Long ONDS ETF,ETF,BATS
ONDU,Tradr 2X Long ONDS Daily ETF,ETF,BATS
ONEH,TrueShares Equity Hedge ETF,ETF,BATS
ONEO,State Street SPDR Russell 1000 Momentum Focus ETF,ETF,NYSE ARCA
ONEV,State Street SPDR Russell 1000 Low Volatility Focus ETF,ETF,NYSE ARCA
ONEY,State Street SPDR Russell 1000 Yield Focus ETF,ETF,NYSE ARCA
ONEZ,TrueShares Seasonality Laddered Buffered ETF,ETF,BATS
ONG,Leverage Shares 2X Long ON Daily ETF,ETF,BATS
ONIT,Onity Group Inc. Common Stock,EQUITY,NYSE
ONL,Orion Properties Inc. Common Stock,EQUITY,NYSE
ONLN,ProShares Online Retail ETF,ETF,NYSE ARCA
ONOF,Global X Adaptive U.S. Risk Management ETF,ETF,NYSE ARCA
ONON,On Holding AG Class A Ordinary Shares,EQUITY,NYSE
ONT,"Onterris, Inc. Common Stock",EQUITY,NYSE
ONTO,Onto Innovation Inc. Common Stock,EQUITY,NYSE
ONTX,Corgi ONTO 2x Daily ETF,ETF,BATS
ONX,Tradr 2X Long ON Daily ETF,ETF,BATS
OOMA,"Ooma, Inc. Common Stock",EQUITY,NYSE
OOSP,Obra Opportunistic Structured Products ETF,ETF,NYSE ARCA
OPER,ETF ClearShares Ultra-Short Maturity ETF,ETF,NYSE ARCA
OPEX,Tradr 2X Long OPEN Daily ETF,ETF,BATS
OPFI,OppFi Inc. Class A Common Stock,EQUITY,NYSE
OPHC,"OptimumBank Holdings, Inc. Common Stock",EQUITY,NYSE AMERICAN
OPLN,"OPENLANE, Inc. Common Stock",EQUITY,NYSE
OPP,"RiverNorth/DoubleLine Strategic Opportunity Fund, Inc. Common Stock",EQUITY,NYSE
OPPE,WisdomTree European Opportunities Fund,ETF,NYSE ARCA
OPPG,WisdomTree GeoAlpha Opportunities Fund,ETF,NYSE ARCA
OPTT,"Ocean Power Technologies, Inc. Common Stock",EQUITY,NYSE AMERICAN
OPTU,"Optimum Communications, Inc. Class A common stock",EQUITY,NYSE
OPY,"Oppenheimer Holdings, Inc. Class A Common Stock (DE)",EQUITY,NYSE
OR,OR Royalties Inc. Common Shares,EQUITY,NYSE
ORA,"Ormat Technologies, Inc. Common Stock",EQUITY,NYSE
ORAC,Corgi ORCL 2x Daily ETF,ETF,BATS
ORC,"Orchid Island Capital, Inc. Common Stock",EQUITY,NYSE
ORCL,Oracle Corporation Common Stock,EQUITY,NYSE
ORCZ,Tradr 2X Short ORCL Daily ETF,ETF,BATS
ORI,Old Republic International Corporation Common Stock,EQUITY,NYSE
ORN,"Orion Group Holdings, Inc. Common",EQUITY,NYSE
ORO,Arrow Valtoro ETF,ETF,BATS
OSCR,"Oscar Health, Inc. Class A Common Stock",EQUITY,NYSE
OSCV,Opus Small Cap Value ETF,ETF,BATS
OSEA,Harbor International Compounders ETF,ETF,NYSE ARCA
OSG,"Octave Specialty Group, Inc. Common Stock",EQUITY,NYSE
OSK,Oshkosh Corporation (Holding Company)Common Stock,EQUITY,NYSE
OSSL,Defiance Daily Target 2X Long OSS ETF,ETF,BATS
OSTX,OS Therapies Incorporated Common Stock,EQUITY,NYSE AMERICAN
OTAI,Starlink AI Acquisition Corporation Ordinary Shares,EQUITY,NYSE
OTAX,Optimal Tax Managed Equity ETF,ETF,NYSE
OTF,Blue Owl Technology Finance Corp. Common Stock,EQUITY,NYSE
OTIS,Otis Worldwide Corporation Common Stock,EQUITY,NYSE
OUNZ,VanEck Merk Gold ETF,ETF,NYSE ARCA
OUSA,ALPS O'Shares U.S. Quality Dividend ETF,ETF,NYSE ARCA
OUSL,Defiance Daily Target 2X Long OUST ETF,ETF,BATS
OUSM,ALPS O'Shares U.S. Small-Cap Quality Dividend ETF,ETF,NYSE ARCA
OUT,OUTFRONT Media Inc. Common Stock,EQUITY,NYSE
OVB,Overlay Shares Core Bond ETF,ETF,BATS
OVF,Overlay Shares Foreign Equity ETF,ETF,BATS
OVL,Overlay Shares Large Cap Equity ETF,ETF,BATS
OVLH,Overlay Shares Hedged Large Cap Equity ETF,ETF,BATS
OVM,Overlay Shares Municipal Bond ETF,ETF,BATS
OVS,Overlay Shares Small Cap Equity ETF,ETF,BATS
OVT,Overlay Shares Short Term Bond ETF,ETF,BATS
OVV,Ovintiv Inc. (DE),EQUITY,NYSE
OWL,Blue Owl Capital Inc. Class A Common Stock,EQUITY,NYSE
OWLT,"Owlet, Inc. Class A Common Stock",EQUITY,NYSE
OWN,Inside Ownership 100 ETF,ETF,BATS
OWNB,Bitwise Bitcoin Standard Corporations ETF,ETF,NYSE ARCA
OWNS,Quaker Investment Trust CCM Affordable Housing MBS ETF,ETF,NYSE ARCA
OXM,"Oxford Industries, Inc. Common Stock",EQUITY,NYSE
OXY,Occidental Petroleum Corporation Common Stock,EQUITY,NYSE
P,"Everpure, Inc. Class A common stock",EQUITY,NYSE
PAAA,PGIM AAA CLO ETF,ETF,NYSE ARCA
PAAI,"Paradium.AI, Inc. Common Stock",EQUITY,NYSE AMERICAN
PAAS,Pan American Silver Corp. Common Stock,EQUITY,NYSE
PAB,PGIM Active Aggregate Bond ETF,ETF,NYSE ARCA
PAC,"Grupo Aeroportuario Del Pacifico, S.A. B. de C.V. Grupo Aeroportuario Del Pacifico, S.A. de C.V. (each representing 10 Series B shares)",EQUITY,NYSE
PACK,Ranpak Holdings Corp Class A Common Stock,EQUITY,NYSE
PACS,"PACS Group, Inc. Common Stock",EQUITY,NYSE
PAG,"Penske Automotive Group, Inc. Common Stock",EQUITY,NYSE
PAGS,PagSeguro Digital Ltd. Class A Common Shares,EQUITY,NYSE
PAI,Western Asset Investment Grade Income Fund Inc.,EQUITY,NYSE
PAII,Pyrophyte Acquisition Corp. II Class A Ordinary Shares,EQUITY,NYSE
PALC,Pacer Lunt Large Cap Multi-Factor Alternator ETF,ETF,NYSE ARCA
PALL,abrdn Physical Palladium Shares ETF,ETF,NYSE ARCA
PAM,Pampa Energia S.A.,EQUITY,NYSE
PAMC,Pacer Lunt MidCap Multi-Factor Alternator ETF,ETF,NYSE ARCA
PAPI,Parametric Equity Premium Income ETF,ETF,NYSE ARCA
PAPL,Pineapple Financial Inc. Common Stock,EQUITY,NYSE AMERICAN
PAPR,Innovator U.S. Equity Power Buffer ETF - April,ETF,BATS
PAR,PAR Technology Corporation Common Stock,EQUITY,NYSE
PARR,"Par Pacific Holdings, Inc.  Common Stock",EQUITY,NYSE
PATH,"UiPath, Inc. Class A Common Stock",EQUITY,NYSE
PATX,Tradr 2X Long PATH Daily ETF,ETF,BATS
PAUG,Innovator U.S. Equity Power Buffer ETF - August,ETF,BATS
PAVE,Global X U.S. Infrastructure Development ETF,ETF,BATS
PAWZ,ProShares Pet Care ETF,ETF,BATS
PAXS,PIMCO Access Income Fund Common Shares of Beneficial Interest,EQUITY,NYSE
PAY,"Paymentus Holdings, Inc. Class A Common Stock",EQUITY,NYSE
PAYC,"Paycom Software, Inc. Common Stock",EQUITY,NYSE
PAYH,TrueShares S&P Autocallable High Income ETF,ETF,BATS
PAYM,TrueShares S&P Autocallable Defensive Income ETF,ETF,BATS
PAYR,Federated Hermes Enhanced Income ETF,ETF,BATS
PB,"Prosperity Bancshares, Inc. Common Stock",EQUITY,NYSE
PBA,Pembina Pipeline Corp. Ordinary Shares (Canada),EQUITY,NYSE
PBAP,PGIM S&P 500 Buffer 20 ETF - April,ETF,BATS
PBAU,PGIM S&P 500 Buffer 20 ETF - August,ETF,BATS
PBD,Invesco Global Clean Energy ETF,ETF,NYSE ARCA
PBDC,Putnam BDC Income ETF,ETF,NYSE ARCA
PBDE,PGIM S&P 500 Buffer 20 ETF - December,ETF,BATS
PBE,Invesco Biotechnology & Genome ETF,ETF,NYSE ARCA
PBF,PBF Energy Inc. Class A Common Stock,EQUITY,NYSE
PBFB,PGIM S&P 500 Buffer 20 ETF - February,ETF,BATS
PBFR,PGIM Laddered S&P 500 Buffer 20 ETF,ETF,BATS
PBH,Prestige Consumer Healthcare Inc. Common Stock,EQUITY,NYSE
PBI,Pitney Bowes Inc. Common Stock,EQUITY,NYSE
PBJ,Invesco Food & Beverage ETF,ETF,NYSE ARCA
PBJA,PGIM S&P 500 Buffer 20 ETF - January,ETF,BATS
PBJL,PGIM S&P 500 Buffer 20 ETF - July,ETF,BATS
PBJN,PGIM S&P 500 Buffer 20 ETF - June,ETF,BATS
PBL,PGIM Portfolio Ballast ETF,ETF,BATS
PBMR,PGIM S&P 500 Buffer 20 ETF - March,ETF,BATS
PBMY,PGIM S&P 500 Buffer 20 ETF - May,ETF,BATS
PBNV,PGIM S&P 500 Buffer 20 ETF - November,ETF,BATS
PBOC,PGIM S&P 500 Buffer 20 ETF - October,ETF,BATS
PBOT,Pictet AI & Automation ETF,ETF,NYSE ARCA
PBP,Invesco S&P 500 BuyWrite ETF,ETF,BATS
PBR,Petroleo Brasileiro S.A. Petrobras ADS,EQUITY,NYSE
PBSE,PGIM S&P 500 Buffer 20 ETF - September,ETF,BATS
PBT,Permian Basin Royalty Trust Common Stock,EQUITY,NYSE
PBTP,Invesco 0-5 Yr US TIPS ETF,ETF,BATS
PBUS,Invesco MSCI USA ETF,ETF,BATS
PBW,Invesco WilderHill Clean Energy ETF,ETF,NYSE ARCA
PCEB,Polen Euro High Yield Bond ETF,ETF,NYSE ARCA
PCEF,Invesco CEF Income Composite ETF,ETF,NYSE ARCA
PCF,High Income Securities Fund Common Stock,EQUITY,NYSE
PCFI,Polen Floating Rate Income ETF,ETF,NYSE ARCA
PCG,Pacific Gas & Electric Co. Common Stock,EQUITY,NYSE
PCHI,Polen High Income ETF,ETF,NYSE ARCA
PCI,PGIM Corporate Bond 5-10 Year ETF,ETF,BATS
PCL,PGIM Corporate Bond 10+ Year ETF,ETF,BATS
PCLC,Polen 5Perspectives Large Growth ETF,ETF,NYSE ARCA
PCLG,Polen Focus Growth ETF,ETF,NYSE ARCA
PCLN,Pictet Cleaner Planet ETF,ETF,NYSE ARCA
PCLO,VIRTUS SEIX AAA Private Credit CLO ETF,ETF,NYSE ARCA
PCM,"PCM Fund, Inc. Common Stock",EQUITY,NYSE
PCN,Pimco Corporate & Income Strategy Fund Common Stock,EQUITY,NYSE
PCOR,"Procore Technologies, Inc. Common Stock",EQUITY,NYSE
PCOV,Principal Equity Premium Income ETF,ETF,BATS
PCPC,Porter & Company Property & Casualty Index ETF,ETF,BATS
PCPP,Porter & Company Porter Portfolio Index ETF,ETF,BATS
PCQ,PIMCO California Municipal Income Fund Common Stock,EQUITY,NYSE
PCR,Simplify VettaFi Private Credit Strategy ETF,ETF,NYSE ARCA
PCS,PGIM Corporate Bond 0-5 Year ETF,ETF,BATS
PCSG,Polen 5Perspectives Small-Mid Growth ETF,ETF,NYSE ARCA
PCY,Invesco Emerging Markets Sovereign Debt ETF,ETF,NYSE ARCA
PD,"PagerDuty, Inc. Common Stock",EQUITY,NYSE
PDCC,Pearl Diver Credit Company Inc. Common Stock,EQUITY,NYSE
PDEC,Innovator U.S. Equity Power Buffer ETF - December,ETF,BATS
PDI,PIMCO Dynamic Income Fund Common Stock,EQUITY,NYSE
PDM,"Piedmont Realty Trust, Inc. Class A Common Stock",EQUITY,NYSE
PDN,Invesco RAFI Developed Markets ex-U.S. Small-Mid ETF,ETF,NYSE ARCA
PDO,PIMCO Dynamic Income Opportunities Fund Common Shares of Beneficial Interest,EQUITY,NYSE
PDS,Precision Drilling Corporation Common Stock,EQUITY,NYSE
PDT,John Hancock Premium Dividend Fund,EQUITY,NYSE
PDX,PIMCO Dynamic Income Strategy Fund Common Shares of Beneficial Interest,EQUITY,NYSE
PEB,Pebblebrook Hotel Trust Common Shares of Beneficial Interest,EQUITY,NYSE
PED,Pedevco Corp. Common Stock,EQUITY,NYSE AMERICAN
PEG,Public Service Enterprise Group Incorporated Common Stock,EQUITY,NYSE
PEJ,Invesco Leisure and Entertainment ETF,ETF,NYSE ARCA
PEMX,Putnam Emerging Markets ex-China ETF,ETF,NYSE ARCA
PEN,"Penumbra, Inc. Common Stock",EQUITY,NYSE
PENU,T-REX 2X Long PENG Daily Target ETF,ETF,BATS
PEO,"Adams Natural Resources Fund, Inc. Common Stock",EQUITY,NYSE
PERF,Perfect Corp. Class A Ordinary Share,EQUITY,NYSE
PEVC,Pacer PE/VC ETF,ETF,NYSE ARCA
PEW,GrabAGun Digital Holdings Inc. Common Stock,EQUITY,NYSE
PEX,ProShares Global Listed Private Equity ETF,ETF,BATS
PEXL,Pacer US Export Leaders ETF,ETF,NYSE ARCA
PFE,"Pfizer, Inc. Common Stock",EQUITY,NYSE
PFEB,Innovator U.S. Equity Power Buffer ETF - February,ETF,BATS
PFGC,Performance Food Group Company Common Stock,EQUITY,NYSE
PFIG,Invesco Fundamental Investment Grade Corporate Bond  ETF,ETF,NYSE ARCA
PFIX,Simplify Interest Rate Hedge ETF,ETF,NYSE ARCA
PFL,PIMCO Income Strategy Fund Shares of Beneficial Interest,EQUITY,NYSE
PFLT,PennantPark Floating Rate Capital Ltd. Common Stock,EQUITY,NYSE
PFN,PIMCO Income Strategy Fund II,EQUITY,NYSE
PFRL,PGIM Floating Rate Income ETF,ETF,NYSE ARCA
PFS,"Provident Financial Services, Inc Common Stock",EQUITY,NYSE
PFSI,"PennyMac Financial Services, Inc. Common Stock",EQUITY,NYSE
PG,Procter & Gamble Company (The) Common Stock,EQUITY,NYSE
PGHY,Invesco Global ex-US High Yield Corporate Bond ETF,ETF,NYSE ARCA
PGP,Pimco Global StocksPlus & Income Fund Common Shares of Beneficial Interest,EQUITY,NYSE
PGR,Progressive Corporation (The) Common Stock,EQUITY,NYSE
PGRI,Putnam International Stock ETF,ETF,NYSE ARCA
PGRO,Putnam Focused Large Cap Growth ETF,ETF,NYSE ARCA
PGZ,Principal Real Estate Income Fund Common Shares of Beneficial Interest,EQUITY,NYSE
PH,Parker-Hannifin Corporation Common Stock,EQUITY,NYSE
PHDG,Invesco S&P 500 Downside Hedged ETF,ETF,NYSE ARCA
PHEQ,Parametric Hedged Equity ETF,ETF,NYSE ARCA
PHG,Koninklijke Philips N.V. NY Registry Shares,EQUITY,NYSE
PHI,PLDT Inc. Sponsored ADR,EQUITY,NYSE
PHIN,PHINIA Inc. Common Stock,EQUITY,NYSE
PHK,Pimco High Income Fund,EQUITY,NYSE
PHM,"PulteGroup, Inc. Common Stock",EQUITY,NYSE
PHOX,Aura AI Photonics ETF,ETF,NYSE ARCA
PHR,"Phreesia, Inc. Common Stock",EQUITY,NYSE
PHYL,PGIM Active High Yield Bond ETF,ETF,NYSE ARCA
PHYS,Sprott Physical Gold Trust ETV,ETF,NYSE ARCA
PICB,Invesco International Corporate Bond ETF,ETF,NYSE ARCA
PICK,iShares MSCI Global Select Metals & Mining Producers Fund,ETF,BATS
PIEL,Pacer International Export Leaders ETF,ETF,BATS
PIEQ,Principal International Equity ETF,ETF,BATS
PIFI,ClearShares Piton Intermediate Fixed Income ETF,ETF,NYSE ARCA
PII,Polaris Inc. Common Stock,EQUITY,NYSE
PILL,Direxion Daily Pharmaceutical & Medical Bull 3X ETF,ETF,NYSE ARCA
PIM,Franklin Master Intermediate Income Trust Shares of Beneficial Interest,EQUITY,NYSE
PINC,PGIM Securitized Income ETF,ETF,BATS
PINE,"Alpine Income Property Trust, Inc. Common Stock",EQUITY,NYSE
PINK,Simplify Health Care ETF,ETF,NYSE ARCA
PINS,"Pinterest, Inc. Class A Common Stock",EQUITY,NYSE
PIPE,Invesco SteelPath MLP & Energy Infrastructure ETF,ETF,BATS
PIPR,Piper Sandler Companies Common Stock,EQUITY,NYSE
PIT,VanEck Commodity Strategy ETF,ETF,BATS
PJAN,Innovator U.S. Equity Power Buffer ETF - January,ETF,BATS
PJFG,PGIM Jennison Focused Growth ETF,ETF,NYSE ARCA
PJFM,PGIM Jennison Focused Mid-Cap ETF,ETF,BATS
PJFV,PGIM Jennison Focused Value ETF,ETF,NYSE ARCA
PJIN,PGIM Jennison International Core Equity ETF,ETF,NYSE ARCA
PJIO,PGIM Jennison Focused International Equity ETF,ETF,NYSE ARCA
PJP,Invesco Pharmaceuticals ETF,ETF,NYSE ARCA
PJSM,PGIM Jennison Small-Mid Cap Core Equity ETF,ETF,NYSE ARCA
PJT,PJT Partners Inc. Class A Common Stock,EQUITY,NYSE
PJUL,Innovator U.S. Equity Power Buffer ETF - July,ETF,BATS
PJUN,Innovator U.S. Equity Power Buffer ETF - June,ETF,BATS
PJUS,PGIM Jennison U.S. Core Equity ETF,ETF,BATS
PK,Park Hotels & Resorts Inc. Common Stock,EQUITY,NYSE
PKB,Invesco Building & Construction ETF,ETF,NYSE ARCA
PKE,Park Aerospace Corp. Common Stock,EQUITY,NYSE
PKG,Packaging Corporation of America Common Stock,EQUITY,NYSE
PKX,POSCO HOLDINGS INC. American Depositary Shares (Each representing 1/4th of a share of Common Stock),EQUITY,NYSE
PL,Planet Labs PBC Class A Common Stock,EQUITY,NYSE
PLAG,Planet Green Holdings Corp. Common Stock,EQUITY,NYSE AMERICAN
PLD,"Prologis, Inc. Common Stock",EQUITY,NYSE
PLG,Platinum Group Metals Ltd. Ordinary Shares (Canada),EQUITY,NYSE AMERICAN
PLGI,PL Growth and Income ETF,ETF,BATS
PLGO,Pelagos Insurance Capital Limited Common Shares,EQUITY,NYSE
PLIB,Direxion PLTR Defined Income Boost ETF,ETF,BATS
PLNT,"Planet Fitness, Inc. Common Stock",EQUITY,NYSE
PLOW,"Douglas Dynamics, Inc. Common Stock",EQUITY,NYSE
PLTA,ProShares Ultra PLTR,ETF,NYSE ARCA
PLTL,Corgi PLTR 2x Daily ETF,ETF,BATS
PLTM,GraniteShares Platinum Shares ETF,ETF,NYSE ARCA
PLTW,Roundhill PLTR WeeklyPay ETF,ETF,BATS
PLTY,YieldMax PLTR Option Income Strategy ETF,ETF,NYSE ARCA
PLU,Defiance Daily Target 2x Long PL ETF,ETF,BATS
PLUN,Plutonian Acquisition Corp II Class A Ordinary Shares,EQUITY,NYSE
PLX,"Protalix BioTherapeutics, Inc. (DE) Common Stock",EQUITY,NYSE AMERICAN
PM,Philip Morris International Inc Common Stock,EQUITY,NYSE
PMAP,PGIM S&P 500 Max Buffer ETF - April,ETF,BATS
PMAR,Innovator U.S. Equity Power Buffer ETF - March,ETF,BATS
PMAU,PGIM S&P 500 Max Buffer ETF - August,ETF,BATS
PMAY,Innovator U.S. Equity Power Buffer ETF - May,ETF,BATS
PMDE,PGIM S&P 500 Max Buffer ETF - December,ETF,BATS
PMFB,PGIM S&P 500 Max Buffer ETF - February,ETF,BATS
PMI,"Picard Medical, Inc. Common Stock",EQUITY,NYSE AMERICAN
PMIO,PGIM Municipal Income Opportunities ETF,ETF,NYSE ARCA
PMJA,PGIM S&P 500 Max Buffer ETF - January,ETF,BATS
PMJL,PGIM S&P 500 Max Buffer ETF - July,ETF,BATS
PMJN,PGIM S&P 500 Max Buffer ETF - June,ETF,BATS
PML,Pimco Municipal Income Fund II Common Shares of Beneficial Interest,EQUITY,NYSE
PMM,Franklin Managed Municipal Income Trust Shares of Beneficial Interest,EQUITY,NYSE
PMMF,iShares Prime Money Market ETF,ETF,NYSE
PMMR,PGIM S&P 500 Max Buffer ETF - March,ETF,BATS
PMMY,PGIM S&P 500 Max Buffer ETF - May,ETF,BATS
PMNV,PGIM S&P 500 Max Buffer ETF - November,ETF,BATS
PMO,Franklin Municipal Opportunities Trust Shares of Beneficial Interest,EQUITY,NYSE
PMOC,PGIM S&P 500 Max Buffer ETF - October,ETF,BATS
PMSE,PGIM S&P 500 Max Buffer ETF - September,ETF,BATS
PMT,PennyMac Mortgage Investment Trust Common Shares of Beneficial Interest,EQUITY,NYSE
PMTL,First Trust Indxx Quality Precious Metals Miners ETF,ETF,NYSE ARCA
PNAQ,Pinnacle Acquisition Corporation Class A Ordinary Shares,EQUITY,NYSE
PNC,"PNC Financial Services Group, Inc. (The) Common Stock",EQUITY,NYSE
PNFP,"Pinnacle Financial Partners, Inc. Common stock",EQUITY,NYSE
PNI,Pimco New York Municipal Income Fund II Common Shares of Beneficial Interest,EQUITY,NYSE
PNNT,PennantPark Investment Corporation Common Stock,EQUITY,NYSE
PNOV,Innovator U.S. Equity Power Buffer ETF - November,ETF,BATS
PNR,Pentair plc. Ordinary Share,EQUITY,NYSE
PNW,Pinnacle West Capital Corporation Common Stock,EQUITY,NYSE
POAS,Phaos Technology Holdings (Cayman) Limited Class A Ordinary Shares,EQUITY,NYSE AMERICAN
POCT,Innovator U.S. Equity Power Buffer ETF - October,ETF,BATS
POEL,Defiance Daily Target 2X Long POET ETF,ETF,BATS
PONX,Tradr 2X Long PONY Daily ETF,ETF,BATS
POR,Portland General Electric Co Common Stock,EQUITY,NYSE
POST,"Post Holdings, Inc. Common Stock",EQUITY,NYSE
POW,VistaShares Electrification Supercycle ETF,ETF,NYSE ARCA
POWA,Invesco Bloomberg Pricing Power ETF,ETF,NYSE ARCA
POWR,iShares U.S. Power Infrastructure ETF,ETF,NYSE ARCA
PPA,Invesco Aerospace & Defense ETF,ETF,NYSE ARCA
PPG,"PPG Industries, Inc. Common Stock",EQUITY,NYSE
PPL,PPL Corporation Common Stock,EQUITY,NYSE
PPLT,abrdn Physical Platinum Shares ETF,ETF,NYSE ARCA
PPT,Franklin Premier Income Trust Shares of Beneficial Interest,EQUITY,NYSE
PPTY,U.S. Diversified Real Estate ETF,ETF,NYSE ARCA
PQNT,Pictet AI Enhanced International Equity ETF,ETF,NYSE ARCA
PQUS,Pictet AI Enhanced US Equity ETF,ETF,NYSE ARCA
PQV,PGIM S&P 500 Quarterly Buffer 5 ETF,ETF,BATS
PQX,PGIM S&P 500 Quarterly Buffer 10 ETF,ETF,BATS
PQXV,PGIM S&P 500 Quarterly Buffer 15 ETF,ETF,BATS
PQXX,PGIM S&P 500 Quarterly Buffer 20 ETF,ETF,BATS
PR,Permian Resources Corporation Class A Common Stock,EQUITY,NYSE
PRAB,State Street IG Public & Private ABS ETF,ETF,NYSE ARCA
PRAE,PlanRock Equity Plus Alternatives ETF,ETF,NYSE ARCA
PRAM,Defiance Memory & Photonics ETF,ETF,BATS
PRAY,FIS Christian Stock Fund,ETF,NYSE ARCA
PRCS,Parnassus Core Select ETF,ETF,NYSE
PRF,Invesco RAFI US 1000 ETF,ETF,NYSE ARCA
PRG,"PROG Holdings, Inc. Common Stock",EQUITY,NYSE
PRGO,Perrigo Company plc Ordinary Shares,EQUITY,NYSE
PRI,"Primerica, Inc. Common Stock",EQUITY,NYSE
PRIM,Primoris Services Corporation Common Stock,EQUITY,NYSE
PRIV,State Street IG Public & Private Credit ETF,ETF,NYSE ARCA
PRK,Park National Corporation Common Stock,EQUITY,NYSE AMERICAN
PRKS,United Parks & Resorts Inc. Common Stock,EQUITY,NYSE
PRLB,"Proto Labs, Inc. Common stock",EQUITY,NYSE
PRM,"Perimeter Solutions, SA Common Stock",EQUITY,NYSE
PRMB,Primo Brands Corporation Class A Common Stock,EQUITY,NYSE
PRNT,3D Printing (The) ETF,ETF,BATS
PRSD,State Street Short Duration IG Public & Private Credit ETF,ETF,NYSE ARCA
PRSU,"Pursuit Attractions and Hospitality, Inc. Common Stock",EQUITY,NYSE
PRTO,RCN Pareto Strategic Allocation ETF,ETF,NYSE ARCA
PRU,"Prudential Financial, Inc. Common Stock",EQUITY,NYSE
PRVS,Parnassus Value Select ETF,ETF,NYSE
PRXG,Praxis Impact Large Cap Growth ETF,ETF,NYSE ARCA
PRXI,Praxis Impact International ETF,ETF,NYSE ARCA
PRXV,Praxis Impact Large Cap Value ETF,ETF,NYSE ARCA
PS,Pershing Square Inc. Common Stock,EQUITY,NYSE
PSA,Public Storage Common Stock,EQUITY,NYSE
PSAI,Pacer S&P 500 3AI Top 100 ETF,ETF,BATS
PSBD,Palmer Square Capital BDC Inc. Common Stock,EQUITY,NYSE
PSCJ,Pacer Swan SOS Conservative (July) ETF,ETF,BATS
PSCQ,Pacer Swan SOS Conservative (October) ETF,ETF,BATS
PSCW,Pacer Swan SOS Conservative (April) ETF,ETF,BATS
PSCX,Pacer Swan SOS Conservative (January) ETF,ETF,BATS
PSDM,PGIM Short Duration Multi-Sector Bond ETF,ETF,BATS
PSEP,Innovator U.S. Equity Power Buffer ETF - September,ETF,BATS
PSFD,Pacer Swan SOS Flex (January) ETF,ETF,BATS
PSFE,Paysafe Limited Common Shares,EQUITY,NYSE
PSFF,Pacer Swan SOS Fund of Funds ETF,ETF,BATS
PSFJ,Pacer Swan SOS Flex (July) ETF,ETF,BATS
PSFM,Pacer Swan SOS Flex (April) ETF,ETF,BATS
PSFO,Pacer Swan SOS Flex (October) ETF,ETF,BATS
PSH,PGIM Short Duration High Yield ETF,ETF,BATS
PSI,Invesco Semiconductors ETF,ETF,NYSE ARCA
PSIL,AdvisorShares Psychedelics ETF,ETF,NYSE ARCA
PSLV,Sprott Physical Silver Trust ETV,ETF,NYSE ARCA
PSMD,Pacer Swan SOS Moderate (January) ETF,ETF,BATS
PSMJ,Pacer Swan SOS Moderate (July) ETF,ETF,BATS
PSMO,Pacer Swan SOS Moderate (October) ETF,ETF,BATS
PSMR,Pacer Swan SOS Moderate (April) ETF,ETF,BATS
PSN,Parsons Corporation Common Stock,EQUITY,NYSE
PSO,"Pearson, Plc Common Stock",EQUITY,NYSE
PSOX,Tema MLCC & PowerSemi ETF,ETF,BATS
PSP,Invesco Global Listed Private Equity ETF,ETF,NYSE ARCA
PSQ,ProShares Short QQQ,ETF,NYSE ARCA
PSQA,Palmer Square CLO Senior Debt ETF,ETF,NYSE ARCA
PSQH,"PSQ Holdings, Inc. Class A Common Stock",EQUITY,NYSE
PSQO,Palmer Square Credit Opportunities ETF,ETF,NYSE ARCA
PSR,Invesco Active U.S. Real Estate Fund,ETF,NYSE ARCA
PST,ProShares UltraShort Lehman 7-10 Year Treasury,ETF,NYSE ARCA
PSTL,"Postal Realty Trust, Inc. Class A Common Stock",EQUITY,NYSE
PSTP,Innovator Power Buffer Step-Up Strategy ETF,ETF,NYSE ARCA
PSUS,"Pershing Square USA, Ltd. Common Shares",EQUITY,NYSE
PSX,Phillips 66 Common Stock,EQUITY,NYSE
PTBD,Pacer Trendpilot US Bond ETF,ETF,NYSE ARCA
PTEU,Pacer TrendpilotTM European Index ETF,ETF,BATS
PTHS,Pelthos Therapeutics Inc. Common Stock,EQUITY,NYSE AMERICAN
PTIN,Pacer Trendpilot International ETF,ETF,NYSE ARCA
PTL,Inspire 500 ETF,ETF,NYSE ARCA
PTLC,Pacer Trendpilot US Large Cap ETF,ETF,BATS
PTMC,Pacer Trendpilot US Mid Cap ETF,ETF,BATS
PTNT,Corgi IP Licensing & Royalties ETF,ETF,BATS
PTRB,PGIM Total Return Bond ETF,ETF,NYSE ARCA
PTY,Pimco Corporate & Income Opportunity Fund,EQUITY,NYSE
PUK,Prudential Public Limited Company Common Stock,EQUITY,NYSE
PULS,PGIM Ultra Short Bond ETF,ETF,NYSE ARCA
PUMP,ProPetro Holding Corp. Common Stock,EQUITY,NYSE
PUSH,PGIM Ultra Short Municipal Bond ETF,ETF,NYSE ARCA
PVAL,Putnam Focused Large Cap Value ETF,ETF,NYSE ARCA
PVEX,TrueShares ConVex Protect ETF,ETF,BATS
PVH,PVH Corp. Common Stock,EQUITY,NYSE
PVI,Invesco Floating Rate Municipal Income ETF,ETF,NYSE ARCA
PW,Power REIT (MD) Common Stock,EQUITY,NYSE AMERICAN
PWB,Invesco Large Cap Growth ETF,ETF,NYSE ARCA
PWER,Nomura Energy Transition ETF,ETF,NYSE ARCA
PWR,"Quanta Services, Inc. Common Stock",EQUITY,NYSE
PWRX,Westwood Salient Enhanced Power & Infrastructure ETF,ETF,F
PWRZ,TrueShares Eagle Global Renewable Energy Income ETF,ETF,BATS
PWS,Pacer WealthShield ETF,ETF,BATS
PWV,Invesco Large Cap Value ETF,ETF,NYSE ARCA
PWZ,Invesco California AMT-Free Municipal Bond Portfolio,ETF,NYSE ARCA
PXE,Invesco Energy Exploration & Production ETF,ETF,NYSE ARCA
PXED,"Phoenix Education Partners, Inc. Common Stock",EQUITY,NYSE
PXF,Invesco RAFI Developed Markets ex-U.S. ETF,ETF,NYSE ARCA
PXH,Invesco RAFI Emerging Markets ETF,ETF,NYSE ARCA
PXJ,Invesco Oil & Gas Services ETF,ETF,NYSE ARCA
PYLD,PIMCO Multisector Bond Active Exchange-Traded Fund,ETF,NYSE ARCA
PYPU,Direxion Daily PYPL Bull 2X ETF,ETF,NYSE ARCA
PYPY,YieldMax PYPL Option Income Strategy ETF,ETF,NYSE ARCA
PYT,PPlus Tr GSC-2 Tr Ctf Fltg Rate,EQUITY,NYSE
PZA,Invesco National AMT-Free Municipal Bond ETFo,ETF,NYSE ARCA
PZG,Paramount Gold Nevada Corp. Common Stock,EQUITY,NYSE AMERICAN
PZIV,Pzena International Value ETF,ETF,NYSE ARCA
PZLV,Pzena U.S. Large Cap Value ETF,ETF,NYSE ARCA
PZT,Invesco New York AMT-Free Municipal Bond ETF,ETF,NYSE ARCA
Q,"Qnity Electronics, Inc. Common Stock",EQUITY,NYSE
QAI,NYLIM Hedge Multi-Strategy Tracker ETF,ETF,NYSE ARCA
QARP,Xtrackers Russell 1000 US Quality at a Reasonable Price ETF ETF,ETF,NYSE ARCA
QAU,Corgi Growth & Technology 10% Structured Buffer ETF - August Series,ETF,BATS
QBER,TrueShares Quarterly Bear Hedge ETF,ETF,BATS
QBF,Innovator Uncapped Bitcoin 20 Floor ETF - Quarterly,ETF,BATS
QBIF,AllianzIM International Equity Buffer15 ETF,ETF,BATS
QBIV,AllianzIM International Equity Buffer5 ETF,ETF,BATS
QBKF,AllianzIM U.S. Small Cap Buffer15 ETF,ETF,BATS
QBKV,AllianzIM U.S. Small Cap Buffer5 ETF,ETF,BATS
QBQF,AllianzIM Growth-100 Buffer15 ETF,ETF,BATS
QBQV,AllianzIM Growth-100 Buffer5 ETF,ETF,BATS
QBSF,AllianzIM U.S. Equity Buffer15 ETF,ETF,BATS
QBSV,AllianzIM U.S Equity Buffer5 ETF,ETF,BATS
QBTX,Tradr 2X Long QBTS Daily ETF,ETF,BATS
QBUL,TrueShares Quarterly Bull Hedge ETF,ETF,BATS
QCAP,FT Vest Nasdaq-100 Conservative Buffer ETF - April,ETF,BATS
QCJA,FT Vest Nasdaq-100 Conservative Buffer ETF - January,ETF,BATS
QCJL,FT Vest Nasdaq-100 Conservative Buffer ETF - July,ETF,BATS
QCOC,FT Vest Nasdaq-100 Conservative Buffer ETF - October,ETF,BATS
QDEC,FT Vest Nasdaq-100 Buffer ETF - December,ETF,BATS
QDEF,Northern Trust Quality Dividend Defensive ETF,ETF,NYSE ARCA
QDF,Northern Trust Quality Dividend ETF,ETF,NYSE ARCA
QDIV,Global X S&P 500 Quality Dividend ETF,ETF,NYSE ARCA
QDPL,Pacer Metaurus US Large Cap Dividend Multiplier 400 ETF,ETF,NYSE ARCA
QDTE,Roundhill Nasdaq-100 0DTE Covered Call ETF Strategy ETF,ETF,BATS
QDVO,Amplify CWP Growth & Income ETF,ETF,NYSE ARCA
QEFA,State Street SPDR MSCI EAFE StrategicFactors ETF,ETF,NYSE ARCA
QEMM,State Street SPDR MSCI Emerging Markets StrategicFactors ETF,ETF,NYSE ARCA
QETH,Invesco Galaxy Ethereum ETF,ETF,BATS
QFHD,Pacer S&P 500 Quality FCF High Dividend ETF,ETF,BATS
QFLR,Innovator Nasdaq-100 Managed Floor ETF,ETF,NYSE ARCA
QFRD,Pacer S&P 500 Quality FCF R&D Leaders,ETF,BATS
QGEN,Qiagen N.V. Common Shares,EQUITY,NYSE
QGRO,American Century U.S. Quality Growth ETF,ETF,NYSE ARCA
QGRW,WisdomTree U.S. Quality Growth Fund,ETF,NYSE ARCA
QHY,WisdomTree U.S. High Yield Corporate Bond Fund,ETF,BATS
QID,ProShares UltraShort QQQ,ETF,NYSE ARCA
QIDX,Indexperts Quality Earnings Focused ETF,ETF,NYSE ARCA
QIG,WisdomTree U.S. Corporate Bond Fund,ETF,BATS
QINT,American Century Quality Diversified International ETF,ETF,NYSE ARCA
QIS,Simplify Multi-QIS Alternative ETF,ETF,NYSE ARCA
QJL,Corgi Growth & Technology 10% Structured Buffer ETF - July Series,ETF,BATS
QJN,Corgi Growth & Technology 10% Structured Buffer ETF - June Series,ETF,BATS
QJUN,FT Vest Nasdaq-100 Buffer ETF - June,ETF,BATS
QLC,Northern Trust US Quality Large Cap ETF,ETF,BATS
QLD,ProShares Ultra QQQ,ETF,NYSE ARCA
QLEP,Quantum Leap Acquisition Corp Class A Ordinary Shares,EQUITY,NYSE
QLTA,iShares Aaa A Rated Corporate Bond ETF,ETF,NYSE ARCA
QLTI,GMO International Quality ETF,ETF,NYSE ARCA
QLTY,GMO U.S. Quality ETF,ETF,NYSE ARCA
QLV,Northern Trust US Quality Low Volatility ETF,ETF,NYSE ARCA
QLVD,Northern Trust Developed Markets ex-US Quality Low Volatility ETF,ETF,NYSE ARCA
QLVE,Northern Trust Emerging Markets Quality Low Volatility ETF,ETF,NYSE ARCA
QMAG,FT Vest Nasdaq-100 Moderate Buffer ETF - August,ETF,BATS
QMAR,FT Vest Nasdaq-100 Buffer ETF - March,ETF,BATS
QMFE,FT Vest Nasdaq-100 Moderate Buffer ETF - February,ETF,BATS
QMMY,FT Vest Nasdaq-100 Moderate Buffer ETF - May,ETF,BATS
QMNV,FT Vest Nasdaq-100 Moderate Buffer ETF - November,ETF,BATS
QMY,Corgi Growth & Technology 10% Structured Buffer ETF - May Series,ETF,BATS
QNC,Quantum eMotion Corp. Common Shares,EQUITY,NYSE AMERICAN
QNTU,Tradr 2X Long QNT Daily ETF,ETF,BATS
QPX,AdvisorShares Q Dynamic Growth ETF,ETF,NYSE ARCA
QQAU,Corgi Growth & Technology 15% Structured Buffer ETF - August Series,ETF,BATS
QQBF,FT Vest Nasdaq-100 Quarterly 15 Buffer ETF,ETF,BATS
QQH,HCM Defender 100 Index ETF,ETF,NYSE ARCA
QQJL,Corgi Growth & Technology 15% Structured Buffer ETF - July Series,ETF,BATS
QQJN,Corgi Growth & Technology 15% Structured Buffer ETF - June Series,ETF,BATS
QQMY,Corgi Growth & Technology 15% Structured Buffer ETF - May Series,ETF,BATS
QQQD,Direxion Daily Magnificent 7 Bear 1X ETF,ETF,NYSE ARCA
QQQU,Direxion Daily Magnificent 7 Bull 2X ETF,ETF,NYSE ARCA
QQSE,Corgi Growth & Technology 15% Structured Buffer ETF - September Series,ETF,BATS
QRED,QuasarEdge Acquisition Corporation Ordinary Shares,EQUITY,NYSE
QSE,Corgi Growth & Technology 10% Structured Buffer ETF - September Series,ETF,BATS
QSIG,WisdomTree U.S. Short Term Corporate Bond Fund,ETF,BATS
QSOL,Invesco Galaxy Solana ETF,ETF,BATS
QSPT,FT Vest Nasdaq-100 Buffer ETF - September,ETF,BATS
QSR,Restaurant Brands International Inc. Common Shares,EQUITY,NYSE
QSU,Defiance Daily Target 2X Long QS ETF,ETF,NYSE ARCA
QTAC,Q3 All-Season Tactical Advantage ETF,ETF,BATS
QTAP,Innovator Growth Accelerated Plus ETF - April,ETF,BATS
QTJA,Innovator Growth Accelerated Plus ETF - January,ETF,BATS
QTJL,Innovator Growth Accelerated Plus ETF - July,ETF,BATS
QTOC,Innovator Growth Accelerated Plus ETF - October,ETF,BATS
QTUP,Defiance Long Pure Quantum ETF,ETF,BATS
QTWO,"Q2 Holdings, Inc. Common Stock",EQUITY,NYSE
QUA,Corgi QBTS 2x Daily ETF,ETF,BATS
QUAD,"Quad Graphics, Inc Class A Common Stock",EQUITY,NYSE
QUAL,iShares MSCI USA Quality Factor ETF,ETF,BATS
QUBX,Tradr 2X Long QUBT Daily ETF,ETF,BATS
QUIZ,Zacks Quality International ETF,ETF,NYSE ARCA
QUS,State Street SPDR MSCI USA StrategicFactors ETF,ETF,NYSE ARCA
QUSA,VistaShares Target 15 USA Quality Income ETF,ETF,NYSE ARCA
QVML,Invesco S&P 500 QVM Multi-factor ETF,ETF,NYSE ARCA
QVMM,Invesco S&P MidCap 400 QVM Multi-factor ETF,ETF,NYSE ARCA
QVMS,Invesco S&P SmallCap 600 QVM Multi-factor ETF,ETF,NYSE ARCA
QVMT,Invesco S&P 500 Concentrated QVM ETF,ETF,NYSE ARCA
QVOY,Q3 Active Rotation ETF,ETF,BATS
QWLD,State Street SPDR MSCI World StrategicFactors ETF,ETF,NYSE ARCA
QXO,"QXO, Inc. Common Stock",EQUITY,NYSE
R,"Ryder System, Inc. Common Stock",EQUITY,NYSE
RA,Brookfield Real Assets Income Fund Inc. Common Stock,EQUITY,NYSE
RAAA,Reckoner Yield Enhanced AAA CLO ETF,ETF,NYSE ARCA
RAAR,Reckoner Yield Enhanced AAA CLO Reinvesting ETF,ETF,NYSE ARCA
RAAX,VanEck Real Assets ETF,ETF,NYSE ARCA
RAAY,Reckoner Yield Enhanced AAA CLO Annual ETF,ETF,NYSE ARCA
RAC,Rithm Acquisition Corp. Class A Ordinary Shares,EQUITY,NYSE
RACE,Ferrari N.V. Common Shares,EQUITY,NYSE
RACK,VanEck Data Center Supply Chain ETF,ETF,BATS
RAFE,PIMCO RAFI ESG U.S. ETF,ETF,NYSE ARCA
RAL,Ralliant Corporation Common Stock,EQUITY,NYSE
RAM,Roundhill T-REX 2X Long DRAM Daily Target ETF,ETF,BATS
RAML,Leverage Shares 2X Long Memory Daily ETF,ETF,BATS
RAMP,"LiveRamp Holdings, Inc. Common Stock",EQUITY,NYSE
RAMZ,T-REX 2X Inverse DRAM Daily Target ETF,ETF,BATS
RANK,Defiance KSM TipRanks Analyst ETF,ETF,NYSE ARCA
RAVI,Northern Trust Ultra-Short Fixed Income ETF,ETF,NYSE ARCA
RB,ProShares Russell 2000 Dynamic Buffer ETF,ETF,BATS
RBA,"RB Global, Inc. Common Stock",EQUITY,NYSE
RBC,RBC Bearings Incorporated Common Stock,EQUITY,NYSE
RBLD,First Trust Alerian US NextGen Infrastructure ETF,ETF,NYSE ARCA
RBLU,T-REX 2X Long RBLX Daily Target ETF,ETF,BATS
RBLX,Roblox Corporation Class A Common Stock,EQUITY,NYSE
RBLY,YieldMax RBLX Option Income Strategy ETF,ETF,NYSE ARCA
RBRK,"Rubrik, Inc. Class A Common Stock",EQUITY,NYSE
RBUF,Innovator U.S. Small Cap 10 Buffer ETF - Quarterly,ETF,BATS
RC,Ready Capital Corporation Common Stock,EQUITY,NYSE
RCG,"RENN Fund, Inc Common Stock",EQUITY,NYSE AMERICAN
RCI,"Rogers Communication, Inc. Common Stock",EQUITY,NYSE
RCL,Royal Caribbean Cruises Ltd. Common Stock,EQUITY,NYSE
RCLO,Reckoner BBB-B CLO ETF,ETF,NYSE ARCA
RCLR,Reckoner BBB-B CLO Reinvesting ETF,ETF,NYSE ARCA
RCLY,Reckoner BBB-B CLO Annual ETF,ETF,NYSE ARCA
RCS,"PIMCO Strategic Income Fund, Inc.",EQUITY,NYSE
RCTR,First Trust Bloomberg Nuclear Power ETF,ETF,NYSE ARCA
RCUS,"Arcus Biosciences, Inc. Common Stock",EQUITY,NYSE
RDDC,Corgi RDDT 2x Daily ETF,ETF,BATS
RDDT,"Reddit, Inc. Class A Common Stock",EQUITY,NYSE
RDFI,Rareview Dynamic Fixed Income ETF,ETF,BATS
RDIV,Invesco S&P Ultra Dividend Revenue ETF,ETF,NYSE ARCA
RDN,Radian Group Inc. Common Stock,EQUITY,NYSE
RDOG,ALPS REIT Dividend Dogs ETF,ETF,NYSE ARCA
RDTE,Roundhill Russell 2000 0DTE Covered Call Strategy ETF,ETF,BATS
RDVI,FT Vest Rising Dividend Achievers Target Income ETF,ETF,BATS
RDW,Redwire Corporation Common Stock,EQUITY,NYSE
RDWU,T-REX 2X Long RDW Daily Target ETF,ETF,BATS
RDY,Dr. Reddy's Laboratories Ltd Common Stock,EQUITY,NYSE
RDYY,YieldMax RDDT Option Income Strategy ETF,ETF,NYSE ARCA
REA,"Rare Earths Americas, Inc. Common Stock",EQUITY,NYSE AMERICAN
RECI,Columbia Research Enhanced Core Premium Income ETF,ETF,NYSE ARCA
RECS,Columbia Research Enhanced Core ETF,ETF,NYSE ARCA
REED,"Reed's, Inc. Common Stock",EQUITY,NYSE AMERICAN
REET,iShares Global REIT ETF,ETF,NYSE ARCA
REF,Reformation Inc. Common Stock,EQUITY,NYSE
REFA,Columbia Research Enhanced International Equity ETF,ETF,NYSE ARCA
REGL,ProShares S&P MidCap 400 Dividend Aristocrats ETF,ETF,BATS
REGS,Columbia Large Cap Growth ETF,ETF,NYSE ARCA
REI,"Ring Energy, Inc. Common Stock",EQUITY,NYSE AMERICAN
REIX,NYLIM CBRE Real Estate & Infrastructure ETF,ETF,NYSE ARCA
REK,ProShares Short Real Estate,ETF,NYSE ARCA
RELX,RELX PLC PLC American Depositary Shares (Each representing One Ordinary Share),EQUITY,NYSE
REM,iShares Mortgage Real Estate ETF,ETF,BATS
REMC,Columbia Research Enhanced Mid Cap ETF,ETF,NYSE ARCA
REMX,VanEck Rare Earth and Strategic Metals ETF,ETF,NYSE ARCA
REPX,"Riley Exploration Permian, Inc. Common Stock",EQUITY,NYSE AMERICAN
RERE,ATRenew Inc. American Depositary Shares (every three of which representing two Class A ordinary shares),EQUITY,NYSE
RES,"RPC, Inc. Common Stock",EQUITY,NYSE
RESM,Columbia Research Enhanced Small Cap ETF,ETF,NYSE ARCA
RETL,Direxion Daily Retail Bull 3X ETF,ETF,NYSE ARCA
REVS,Columbia Research Enhanced Value ETF,ETF,NYSE ARCA
REW,ProShares UltraShort Technology,ETF,NYSE ARCA
REX,REX American Resources Corporation,EQUITY,NYSE
REXR,"Rexford Industrial Realty, Inc. Common Stock",EQUITY,NYSE
REZ,iShares Residential and Multisector Real Estate ETF,ETF,NYSE ARCA
REZI,"Resideo Technologies, Inc. Common Stock",EQUITY,NYSE
RF,Regions Financial Corporation Common Stock,EQUITY,NYSE
RFCI,ALPS Dynamic Core Income ETF,ETF,NYSE ARCA
RFDA,ALPS Dynamic US Dividend Advantage ETF,ETF,NYSE ARCA
RFFC,ALPS Active Equity Opportunity ETF,ETF,NYSE ARCA
RFG,Invesco S&P MidCap 400 Pure Growth ETF,ETF,NYSE ARCA
RFI,"Cohen & Steers Total Return Realty Fund, Inc. Common Stock",EQUITY,NYSE
RFIX,Simplify Bond Bull ETF,ETF,NYSE ARCA
RFL,"Rafael Holdings, Inc. Class B Common Stock",EQUITY,NYSE
RFLR,Innovator U.S. Small Cap Managed Floor ETF,ETF,NYSE ARCA
RFM,"RiverNorth Flexible Municipal Income Fund, Inc. Common Stock",EQUITY,NYSE
RFMZ,"RiverNorth Flexible Municipal Income Fund II, Inc. Common Stock",EQUITY,NYSE
RFV,Invesco S&P MidCap 400 Pure Value ETF,ETF,NYSE ARCA
RGA,"Reinsurance Group of America, Incorporated Common Stock",EQUITY,NYSE
RGEF,Rockefeller Global Equity ETF,ETF,NYSE ARCA
RGNT,Regentis Biomaterials Ltd. Ordinary Shares,EQUITY,NYSE AMERICAN
RGR,"Sturm, Ruger & Company, Inc. Common Stock",EQUITY,NYSE
RGT,"Royce Global Trust, Inc. Common Stock",EQUITY,NYSE
RGTC,Corgi RGTI 2x Daily ETF,ETF,BATS
RGTU,Tradr 2X Long RGTI Daily ETF,ETF,BATS
RH,RH Common Stock,EQUITY,NYSE
RHI,Robert Half Inc. Common Stock,EQUITY,NYSE
RHLD,Resolute Holdings Management Common Stock,EQUITY,NYSE
RHP,"Ryman Hospitality Properties, Inc. (REIT)",EQUITY,NYSE
RHRX,RH Tactical Rotation ETF,ETF,NYSE ARCA
RHTX,RH Tactical Outlook ETF,ETF,NYSE ARCA
RIET,Hoya Capital High Dividend Yield ETF,ETF,NYSE ARCA
RIG,Transocean Ltd (Switzerland) Common Stock,EQUITY,NYSE
RIGS,ALPS Strategic Income Fund,ETF,NYSE ARCA
RILA,Indexperts Gorilla Aggressive Growth ETF,ETF,NYSE ARCA
RINF,ProShares Inflation Expectations ETF,ETF,NYSE ARCA
RIO,Rio Tinto Plc Common Stock,EQUITY,NYSE
RIOX,Defiance Daily Target 2X Long RIOT ETF,ETF,NYSE ARCA
RISE,Pictet Emerging Markets Rising Economies ETF,ETF,NYSE ARCA
RISN,Inspire Capital Appreciation ETF,ETF,NYSE ARCA
RISR,FolioBeyond Alternative Income and Interest Rate Hedge ETF,ETF,NYSE ARCA
RITA,ETFB Green SRI REITs ETF,ETF,NYSE ARCA
RITM,Rithm Capital Corp. Common Stock,EQUITY,NYSE
RIV,"RiverNorth Opportunities Fund, Inc. Common Stock",EQUITY,NYSE
RIVC,Corgi RIVN 2x Daily ETF,ETF,BATS
RIZE,Principal Inflation Protection ETF,ETF,BATS
RJCA,RJ ClariVest Capital Appreciation ETF,ETF,NYSE ARCA
RJDI,RJ Eagle GCM Dividend Select Income ETF,ETF,NYSE ARCA
RJF,"Raymond James Financial, Inc. Common Stock",EQUITY,NYSE
RJMI,RJ Eagle Municipal Income ETF,ETF,NYSE ARCA
RJVI,RJ Eagle Vertical Income ETF,ETF,NYSE ARCA
RKSG,Ruk Strategic Growth ETF,ETF,NYSE ARCA
RKT,"Rocket Companies, Inc. Class A Common Stock",EQUITY,NYSE
RKX,Corgi RKLB 2x Daily ETF,ETF,BATS
RL,Ralph Lauren Corporation Common Stock,EQUITY,NYSE
RLGT,"Radiant Logistics, Inc. Common Stock",EQUITY,NYSE AMERICAN
RLI,RLI Corp. Common Stock (DE),EQUITY,NYSE
RLJ,RLJ Lodging Trust Common Shares of Beneficial Interest $0.01 par value,EQUITY,NYSE
RLTY,Cohen & Steers Real Estate Opportunities and Income Fund Common Shares of Beneficial Interest,EQUITY,NYSE
RLY,State Street Multi-Asset Real Return ETF,ETF,NYSE ARCA
RM,Regional Management Corp. Common Stock,EQUITY,NYSE
RMBC,Corgi RMBS 2x Daily ETF,ETF,BATS
RMBX,Tradr 2X Long RMBS Daily ETF,ETF,BATS
RMCA,Rockefeller California Municipal Bond ETF,ETF,NYSE ARCA
RMD,ResMed Inc. Common Stock,EQUITY,NYSE
RMHY,Global X Adaptive Risk Managed Yield ETF,ETF,NYSE ARCA
RMI,"RiverNorth Opportunistic Municipal Income Fund, Inc. Common Stock",EQUITY,NYSE
RMM,"RiverNorth Managed Duration Municipal Income Fund, Inc. Common Stock",EQUITY,NYSE
RMME,Rareview Government Money Market ETF,ETF,BATS
RMMZ,"RiverNorth Managed Duration Municipal Income Fund II, Inc. Common Stock",EQUITY,NYSE
RMNY,Rockefeller New York Municipal Bond ETF,ETF,NYSE ARCA
RMOP,Rockefeller Opportunistic Municipal Bond ETF,ETF,NYSE ARCA
RMRC,ARMOR Core Risk-Managed ETF,ETF,NYSE ARCA
RMT,"Royce Micro-Cap Trust, Inc. Common Stock",EQUITY,NYSE
RND,First Trust Bloomberg R&D Leaders ETF,ETF,NYSE ARCA
RNG,"RingCentral, Inc. Class A Common Stock",EQUITY,NYSE
RNGR,"Ranger Energy Services, Inc. Class A Common Stock",EQUITY,NYSE
RNMN,RiverNorth Market Neutral ETF,ETF,BATS
RNR,RenaissanceRe Holdings Ltd. Common Stock,EQUITY,NYSE
RNR$F,"RenaissanceRe Holdings Ltd. Depositary Shares, each Representing a 1/1,000th Interest in a 5.750% Series F Preference Share",EQUITY,NYSE
RNR$G,"RenaissanceRe Holdings Ltd. Depositary Shares, each representing a 1/1,000th interest in a share of 4.20% Series G Preference Shares",EQUITY,NYSE
RNST,Renasant Corporation Common Stock,EQUITY,NYSE
RNTY,YieldMax Target 12 Real Estate Option Income ETF,ETF,NYSE ARCA
ROAM,Hartford Multifactor Emerging Markets ETF,ETF,NYSE ARCA
ROBN,T-Rex 2X Long HOOD Daily Target ETF,ETF,BATS
ROBO,ROBO Global Robotics and Automation Index ETF,ETF,NYSE ARCA
ROBX,Amplify Top 10 Robotics ETF,ETF,NYSE ARCA
RODM,Hartford Multifactor Developed Markets (ex-US) ETF,ETF,NYSE ARCA
ROG,Rogers Corporation Common Stock,EQUITY,NYSE
ROK,"Rockwell Automation, Inc. Common Stock",EQUITY,NYSE
ROKT,State Street SPDR S&P Kensho Final Frontiers ETF,ETF,NYSE ARCA
ROL,"Rollins, Inc. Common Stock",EQUITY,NYSE
ROLR,"High Roller Technologies, Inc. Common Stock",EQUITY,NYSE AMERICAN
ROM,ProShares Ultra Technology,ETF,NYSE ARCA
ROMO,Strategy Shares Newfound/ReSolve Robust Momentum ETF,ETF,BATS
RONB,Baron First Principles ETF,ETF,NYSE
ROPE,Coastal Compass 100 ETF,ETF,NYSE ARCA
ROSC,Hartford Multifactor Small Cap ETF,ETF,NYSE ARCA
ROUS,Hartford Multifactor U.S. Equity ETF,ETF,NYSE ARCA
RPAR,RPAR Risk Parity ETF,ETF,NYSE ARCA
RPC,"Ridgepost Capital, Inc. Class A Common Stock",EQUITY,NYSE
RPG,Invesco S&P 500 Pure Growth ETF,ETF,NYSE ARCA
RPM,RPM International Inc. Common Stock,EQUITY,NYSE
RPT,Rithm Property Trust Inc. Common stock,EQUITY,NYSE
RPV,Invesco S&P 500 Pure Value ETF,ETF,NYSE ARCA
RQI,Cohen & Steers Quality Income Realty Fund Inc Common Shares,EQUITY,NYSE
RRC,Range Resources Corporation Common Stock,EQUITY,NYSE
RRX,Regal Rexnord Corporation Common Stock,EQUITY,NYSE
RS,"Reliance, Inc. Common Stock",EQUITY,NYSE
RSBA,Return Stacked Bonds & Merger Arbitrage ETF,ETF,BATS
RSBT,Return Stacked Bonds & Managed Futures ETF,ETF,BATS
RSBY,Return Stacked Bonds & Futures Yield ETF,ETF,BATS
RSDE,FT Vest U.S. Equity Equal Weight Buffer ETF - December,ETF,NYSE ARCA
RSEE,Rareview Systematic Equity ETF,ETF,BATS
RSF,RiverNorth Capital and Income Fund Common Stock,EQUITY,NYSE
RSG,"Republic Services, Inc. Common Stock",EQUITY,NYSE
RSI,"Rush Street Interactive, Inc. Class A Common Stock",EQUITY,NYSE
RSIT,Return Stacked International Stocks & Managed Futures ETF,ETF,BATS
RSJN,FT Vest U.S. Equity Equal Weight Buffer ETF - June,ETF,NYSE ARCA
RSKD,Riskified Ltd. Class A Ordinary Shares,EQUITY,NYSE
RSMC,Rockefeller U.S. Small-Mid Cap ETF,ETF,NYSE ARCA
RSMR,FT Vest U.S. Equity Equal Weight Buffer ETF - March,ETF,NYSE ARCA
RSMV,Relative Strength Managed Volatility Strategy ETF,ETF,NYSE ARCA
RSP,Invesco S&P 500 Equal Weight ETF,ETF,NYSE ARCA
RSPA,Invesco S&P 500 Equal Weight Income Advantage ETF,ETF,NYSE ARCA
RSPC,Invesco S&P 500 Equal Weight Communication Services ETF,ETF,NYSE ARCA
RSPD,Invesco S&P 500 Equal Weight Consumer Discretionary ETF,ETF,NYSE ARCA
RSPE,Invesco ESG S&P 500 Equal Weight ETF,ETF,NYSE ARCA
RSPF,Invesco S&P 500 Equal Weight Financial ETF,ETF,NYSE ARCA
RSPG,Invesco S&P 500 Equal Weight Energy ETF,ETF,NYSE ARCA
RSPH,Invesco S&P 500 Equal Weight Health Care ETF,ETF,NYSE ARCA
RSPM,Invesco S&P 500 Equal Weight Materials ETF,ETF,NYSE ARCA
RSPN,Invesco S&P 500 Equal Weight Industrials Portfolio,ETF,NYSE ARCA
RSPR,Invesco S&P 500 Equal Weight Real Estate ETF,ETF,NYSE ARCA
RSPS,Invesco S&P 500 Equal Weight Consumer Staples ETF,ETF,NYSE ARCA
RSPT,Invesco S&P 500 Equal Weight Technology ETF,ETF,NYSE ARCA
RSPU,Invesco S&P 500 Equal Weight Utilities ETF,ETF,NYSE ARCA
RSSB,Return Stacked Global Stocks & Bonds ETF,ETF,BATS
RSSE,FT Vest U.S. Equity Equal Weight Buffer ETF  September,ETF,NYSE ARCA
RSSL,Global X Russell 2000 ETF,ETF,NYSE ARCA
RSST,Return Stacked U.S. Stocks & Managed Futures ETF,ETF,BATS
RSSX,Return Stacked U.S. Stocks & Gold/Bitcoin ETF,ETF,BATS
RSSY,Return Stacked U.S. Stocks & Futures Yield ETF,ETF,BATS
RTAI,Rareview Tax Advantaged Income ETF,ETF,BATS
RTO,Rentokil Initial plc American Depositary Shares (each representing five (5) Ordinary Shares),EQUITY,NYSE
RTOO,VistaShares Robotics Supercycle ETF,ETF,NYSE ARCA
RTRE,Rareview Total Return Bond ETF,ETF,BATS
RTX,RTX Corporation Common Stock,EQUITY,NYSE
RULE,Adaptive Core ETF,ETF,BATS
RVER,Trenchless Fund ETF,ETF,NYSE ARCA
RVI,Robinhood Ventures Fund I Common Shares of Beneficial Interest,EQUITY,NYSE
RVII,Robinhood Ventures Fund II Common Shares of Beneficial Interest,EQUITY,NYSE
RVLV,"Revolve Group, Inc. Class A Common Stock",EQUITY,NYSE
RVNU,Xtrackers Municipal Infrastructure Revenue Bond Active ETF,ETF,NYSE ARCA
RVP,"Retractable Technologies, Inc. Common Stock",EQUITY,NYSE AMERICAN
RVT,"Royce Small-Cap Trust, Inc. Common Stock",EQUITY,NYSE
RVTY,"Revvity, Inc. Common Stock",EQUITY,NYSE
RW,Rainwater Equity ETF,ETF,NYSE ARCA
RWEM,Rayliant Wilshire NxtGen Emerging Markets Equity ETF,ETF,NYSE ARCA
RWJ,Invesco S&P SmallCap 600 Revenue ETF,ETF,NYSE ARCA
RWK,Invesco S&P MidCap 400 Revenue ETF,ETF,NYSE ARCA
RWL,Invesco S&P 500 Revenue ETF,ETF,NYSE ARCA
RWLC,Rayliant Wilshire NxtGen US Large Cap Equity ETF,ETF,NYSE ARCA
RWM,ProShares Short Russell2000,ETF,NYSE ARCA
RWO,State Street SPDR Dow Jones Global Real Estate ETF,ETF,NYSE ARCA
RWR,State Street SPDR Dow Jones REIT ETF,ETF,NYSE ARCA
RWT,"Redwood Trust, Inc. Common Stock",EQUITY,NYSE
RWX,State Street SPDR Dow Jones International Real Estate ETF,ETF,NYSE ARCA
RXD,ProShares UltraShort Health Care,ETF,NYSE ARCA
RXI,iShares Global Consumer Discretionary ETF,ETF,NYSE ARCA
RXL,ProShares Ultra Health Care,ETF,NYSE ARCA
RXO,"RXO, Inc. Common Stock",EQUITY,NYSE
RY,Royal Bank Of Canada Common Stock,EQUITY,NYSE
RYAM,Rayonier Advanced Materials Inc. Common Stock,EQUITY,NYSE
RYAN,"Ryan Specialty Holdings, Inc. Class A Common Stock",EQUITY,NYSE
RYDE,Ryde Group Ltd. Class A Ordinary Shares,EQUITY,NYSE AMERICAN
RYLD,Global X Russell 2000 Covered Call ETF,ETF,NYSE ARCA
RYLG,Global X Russell 2000 Covered Call & Growth ETF,ETF,NYSE ARCA
RYN,Rayonier Inc. REIT Common Stock,EQUITY,NYSE
RYZ,Ryerson Holding Corporation Common Stock,EQUITY,NYSE
RZC,"Reinsurance Group of America, Incorporated 7.125% Fixed-Rate Reset Subordinated Debentures due 2052",EQUITY,NYSE
RZG,Invesco S&P SmallCap 600 Pure Growth ETF,ETF,NYSE ARCA
RZV,Invesco S&P SmallCap 600 Pure Value ETF,ETF,NYSE ARCA
S,"SentinelOne, Inc. Class A Common Stock",EQUITY,NYSE
SA,"Seabridge Gold, Inc. Common Shares New",EQUITY,NYSE
SAA,ProShares Ultra SmallCap600,ETF,NYSE ARCA
SABA,Saba Capital Income & Opportunities Fund II Shares of Beneficial Interest,EQUITY,NYSE
SAC,Safeguard Acquisition Corp. Class A Ordinary Shares,EQUITY,NYSE
SACH,Sachem Capital Corp. Common Shares,EQUITY,NYSE AMERICAN
SAFE,Safehold Inc. New Common Stock,EQUITY,NYSE
SAGP,Strategas Global Policy Opportunities ETF,ETF,NYSE ARCA
SAGU,Shreya Acquisition Group Class A Ordinary Shares,EQUITY,NYSE
SAH,"Sonic Automotive, Inc. Common Stock",EQUITY,NYSE
SALI,Schroders US Autocallable Ladder Income ETF,ETF,NYSE ARCA
SAM,"Boston Beer Company, Inc. (The) Common Stock",EQUITY,NYSE
SAMM,Strategas Macro Momentum ETF,ETF,NYSE ARCA
SAMO,Samos Energy Acquisition Corporation Class A Ordinary Shares,EQUITY,NYSE
SAMT,Strategas Macro Thematic Opportunities ETF,ETF,NYSE ARCA
SAN,"Banco Santander, S.A. Sponsored ADR (Spain)",EQUITY,NYSE
SAP,SAP  SE ADS,EQUITY,NYSE
SAPH,SAP SE ADRhedged,ETF,NYSE ARCA
SAR,Saratoga Investment Corp New,EQUITY,NYSE
SARO,"StandardAero, Inc. Common Stock",EQUITY,NYSE
SASS,M.D. Sass Concentrated Value ETF,ETF,NYSE ARCA
SATO,Invesco Alerian Galaxy Crypto Economy ETF,ETF,BATS
SAUG,FT Vest U.S. Small Cap Moderate Buffer ETF - August,ETF,BATS
SAWG,AAM Sawgrass US Large Cap Quality Growth ETF,ETF,NYSE ARCA
SAWS,AAM Sawgrass US Small Cap Quality Growth ETF,ETF,NYSE ARCA
SB,"Safe Bulkers, Inc Common Stock ($0.001 par value)",EQUITY,NYSE
SBAR,Simplify Barrier Income ETF,ETF,NYSE ARCA
SBB,ProShares Short SmallCap600,ETF,NYSE ARCA
SBH,"Sally Beauty Holdings, Inc. (Name to be changed from Sally Holdings, Inc.) Common Stock",EQUITY,NYSE
SBI,Western Asset Intermediate Muni Fund Inc Common Stock,EQUITY,NYSE
SBIL,Simplify Government Money Market ETF,ETF,NYSE ARCA
SBIO,ALPS Medical Breakthroughs ETF,ETF,NYSE ARCA
SBIT,ProShares UltraShort Bitcoin ETF,ETF,NYSE ARCA
SBMT,Silver Bow Mining Corp. Common Shares,EQUITY,NYSE AMERICAN
SBND,Columbia Short Duration Bond ETF,ETF,NYSE ARCA
SBR,Sabine Royalty Trust Common Stock,EQUITY,NYSE
SBS,Companhia de saneamento Basico Do Estado De Sao Paulo - Sabesp American Depositary Shares (Each repstg 250 Common Shares),EQUITY,NYSE
SBSI,"Southside Bancshares, Inc. Common Stock",EQUITY,NYSE
SBSW,D/B/A Sibanye-Stillwater Limited ADS,EQUITY,NYSE
SBTU,T-REX 2X Long SBET Daily Target ETF,ETF,BATS
SBXD,SilverBox Corp IV Class A Ordinary Shares,EQUITY,NYSE
SBXE,SilverBox Corp V Class A Ordinary Shares,EQUITY,NYSE
SCAP,Infrastructure Capital Small Cap Income ETF,ETF,NYSE ARCA
SCAU,Corgi U.S. Small-Cap 15% Structured Buffer ETF - August Series,ETF,BATS
SCC,ProShares UltraShort Consumer Discretionary,ETF,NYSE ARCA
SCCO,Southern Copper Corporation Common Stock,EQUITY,NYSE
SCCR,Schwab Core Bond ETF,ETF,NYSE ARCA
SCD,LMP Capital and Income Fund Inc. Common Stock,EQUITY,NYSE
SCDV,Bahl & Gaynor Small Cap Dividend ETF,ETF,NYSE ARCA
SCE$L,SCE TRUST VI,EQUITY,NYSE
SCE$M,SCE Trust VII 7.50% Trust Preference Securities,EQUITY,NYSE
SCE$N,SCE Trust VIII 6.95% Trust Preference Securities,EQUITY,NYSE
SCEC,Sterling Capital Enhanced Core Bond ETF,ETF,BATS
SCEP,Sterling Capital Hedged Equity Premium Income ETF,ETF,BATS
SCHA,Schwab U.S. Small-Cap ETF,ETF,NYSE ARCA
SCHB,Schwab U.S. Broad Market ETF,ETF,NYSE ARCA
SCHC,Schwab International Small-Cap Equity ETF,ETF,NYSE ARCA
SCHD,Schwab US Dividend Equity ETF,ETF,NYSE ARCA
SCHE,Schwab Emerging Markets Equity ETF,ETF,NYSE ARCA
SCHF,Schwab International Equity ETF,ETF,NYSE ARCA
SCHG,Schwab U.S. Large-Cap Growth ETF,ETF,NYSE ARCA
SCHH,Schwab U.S. REIT ETF,ETF,NYSE ARCA
SCHI,Schwab 5-10 Year Corporate Bond ETF,ETF,NYSE ARCA
SCHJ,Schwab 1-5 Year Corporate Bond ETF,ETF,NYSE ARCA
SCHK,Schwab 1000 Index ETF,ETF,NYSE ARCA
SCHM,Schwab U.S. Mid Cap ETF,ETF,NYSE ARCA
SCHO,Schwab Short-Term U.S. Treasury ETF,ETF,NYSE ARCA
SCHP,Schwab U.S. TIPS ETF,ETF,NYSE ARCA
SCHQ,Schwab Long-Term U.S. Treasury ETF,ETF,NYSE ARCA
SCHR,Schwab Intermediate-Term U.S. Treasury ETF,ETF,NYSE ARCA
SCHV,Schwab U.S. Large-Cap Value ETF,ETF,NYSE ARCA
SCHW,Charles Schwab Corporation (The) Common Stock,EQUITY,NYSE
SCHX,Schwab U.S. Large-Cap ETF,ETF,NYSE ARCA
SCHY,Schwab International Dividend Equity ETF,ETF,NYSE ARCA
SCHZ,Schwab US Aggregate Bond ETF,ETF,NYSE ARCA
SCI,Service Corporation International Common Stock,EQUITY,NYSE
SCIO,First Trust Structured Credit Income Opportunities ETF,ETF,NYSE ARCA
SCJ,iShares MSCI Japan Sm Cap,ETF,NYSE ARCA
SCJL,Corgi U.S. Small-Cap 15% Structured Buffer ETF - July Series,ETF,BATS
SCJN,Corgi U.S. Small-Cap 15% Structured Buffer ETF - June Series,ETF,BATS
SCL,Stepan Company Common Stock,EQUITY,NYSE
SCLZ,Swan Enhanced Dividend Income ETF,ETF,BATS
SCM,Stellus Capital Investment Corporation Common Stock,EQUITY,NYSE
SCMB,Schwab Municipal Bond ETF,ETF,NYSE ARCA
SCMC,Sterling Capital Multi-Strategy Income ETF,ETF,BATS
SCMY,Corgi U.S. Small-Cap 15% Structured Buffer ETF - May Series,ETF,BATS
SCNM,Sterling Capital National Municipal Bond ETF,ETF,BATS
SCO,ProShares UltraShort Bloomberg Crude Oil,ETF,NYSE ARCA
SCOW,Pacer S&P SmallCap 600 Quality FCF Aristocrats ETF,ETF,BATS
SCSB,Sterling Capital Short Duration Bond ETF,ETF,BATS
SCSE,Corgi U.S. Small-Cap 15% Structured Buffer ETF - September Series,ETF,BATS
SCUB,Sterling Capital Ultra Short Bond ETF,ETF,BATS
SCUS,Schwab Ultra-Short Income ETF,ETF,NYSE ARCA
SCYB,Schwab High Yield Bond ETF,ETF,NYSE ARCA
SD,"SandRidge Energy, Inc. Common Stock",EQUITY,NYSE
SDCI,USCF SummerHaven Dynamic Commodity Strategy No K-1 Fund,ETF,NYSE ARCA
SDCP,Virtus Newfleet Short Duration Core Plus Bond ETF,ETF,NYSE ARCA
SDD,ProShares UltraShort SmallCap600,ETF,NYSE ARCA
SDEM,Global X MSCI SuperDividend Emerging Markets ETF,ETF,NYSE ARCA
SDEV,Stablecoin Development Corporation Common Stock,EQUITY,NYSE AMERICAN
SDFI,AB Short Duration Income ETF,ETF,NYSE ARCA
SDHC,Smith Douglas Homes Corp. Class A Common Stock,EQUITY,NYSE
SDHY,PGIM Short Duration High Yield Opportunities Fund Common Shares,EQUITY,NYSE
SDIV,Global X SuperDividend ETF,ETF,NYSE ARCA
SDMF,Simplify DBi CTA Managed Futures Index ETF,ETF,NYSE ARCA
SDOG,ALPS Sector Dividend Dogs ETF,ETF,NYSE ARCA
SDOW,UltraPro Short Dow30,ETF,NYSE ARCA
SDP,ProShares UltraShort Utilities,ETF,NYSE ARCA
SDRL,Seadrill Limited Common Shares,EQUITY,NYSE
SDS,ProShares UltraShort S&P500,ETF,NYSE ARCA
SDUR,Aristotle Short Term Income ETF,ETF,NYSE ARCA
SDVD,FT Vest SMID Rising Dividend Achievers Target Income ETF,ETF,BATS
SDY,State Street SPDR S&P Dividend ETF,ETF,NYSE ARCA
SE,"Sea Limited American Depositary Shares, each representing one Class A Ordinary Share",EQUITY,NYSE
SEA,U.S. Global Sea to Sky Cargo ETF,ETF,NYSE ARCA
SEB,Seaboard Corporation Common Stock,EQUITY,NYSE AMERICAN
SECA,Main Active Rotation ETF,ETF,BATS
SECR,NYLIM MacKay Securitized Income ETF,ETF,NYSE ARCA
SECT,Main Sector Rotation ETF,ETF,BATS
SECU,iShares Securitized Income Active ETF,ETF,BATS
SECZ,Securitize Corp. Common Stock,EQUITY,NYSE
SEF,ProShares Short Financials,ETF,NYSE ARCA
SEG,Seaport Entertainment Group Inc. Common Stock,EQUITY,NYSE
SEI,"Solaris Energy Infrastructure, Inc. Class A Common Stock",EQUITY,NYSE
SEIM,SEI Enhanced U.S. Large Cap Momentum Factor ETF,ETF,BATS
SEIQ,SEI Enhanced U.S. Large Cap Quality Factor ETF,ETF,BATS
SEIV,SEI Enhanced U.S. Large Cap Value Factor ETF,ETF,BATS
SEIX,Virtus Seix Senior Loan ETF,ETF,NYSE ARCA
SELV,SEI Enhanced Low Volatility U.S. Large Cap ETF,ETF,BATS
SEMG,Suncoast Select Growth ETF,ETF,NYSE ARCA
SEMI,Columbia Select Technology ETF,ETF,NYSE ARCA
SEPC,Corgi U.S. Equities 10% Structured Buffer ETF - September Series,ETF,BATS
SEPI,Shelton Equity Premium Income ETF,ETF,NYSE ARCA
SEPM,FT Vest U.S. Equity Max Buffer ETF - September,ETF,BATS
SEPP,PGIM S&P 500 Buffer 12 ETF - September,ETF,BATS
SEPT,AllianzIM U.S. Large Cap Buffer10 Sep ETF,ETF,BATS
SEPU,AllianzIM U.S. Equity Buffer15 Uncapped Sep ETF,ETF,BATS
SEPW,AllianzIM U.S. Large Cap Buffer20 Sep ETF,ETF,BATS
SEPZ,TrueShares Structured Outcome (September) ETF,ETF,BATS
SER,"Serina Therapeutics, Inc. Common Stock",EQUITY,NYSE AMERICAN
SES,SES AI Corporation Class A Common Stock,EQUITY,NYSE
SETH,ProShares Short Ether ETF,ETF,NYSE ARCA
SF,Stifel Financial Corporation Common Stock,EQUITY,NYSE
SFBS,"ServisFirst Bancshares, Inc. Common Stock",EQUITY,NYSE
SFEB,FT Vest U.S. Small Cap Moderate Buffer ETF - February,ETF,BATS
SFGV,Sequoia Global Value ETF,ETF,NYSE ARCA
SFL,SFL Corporation Ltd,EQUITY,NYSE
SFLR,Innovator Equity Managed Floor ETF,ETF,NYSE ARCA
SFTX,Horizon International Managed Risk ETF,ETF,NYSE ARCA
SFTY,Horizon Managed Risk ETF,ETF,BATS
SFY,SoFi Select 500 ETF,ETF,NYSE ARCA
SFYF,SoFi Social 50 ETF,ETF,NYSE ARCA
SFYI,SoFi Social 50 Income ETF,ETF,NYSE ARCA
SG,"Sweetgreen, Inc. Class A Common Stock",EQUITY,NYSE
SGDJ,Sprott Junior Gold Miners ETF,ETF,NYSE ARCA
SGDM,Sprott Gold Miners ETF,ETF,NYSE ARCA
SGHC,Super Group (SGHC) Limited Ordinary Shares,EQUITY,NYSE
SGI,Somnigroup International Inc. Common Stock,EQUITY,NYSE
SGLC,SGI U.S. Large Cap Core ETF,ETF,NYSE ARCA
SGOL,abrdn Physical Gold Shares ETF,ETF,NYSE ARCA
SGOV,iShares 0-3 Month Treasury Bond ETF,ETF,NYSE
SGRT,SMART Earnings Growth 30 ETF,ETF,NYSE ARCA
SGRW,Harbor Active Small Cap Growth ETF,ETF,NYSE ARCA
SGU,Star Group L.P. Common Stock,EQUITY,NYSE
SGVT,Schwab Government Money Market ETF,ETF,NYSE ARCA
SH,ProShares Short S&P500,ETF,NYSE ARCA
SHAG,WisdomTree Yield Enhanced U.S. Short-Term Aggregate Bond Fund,ETF,BATS
SHAK,"Shake Shack, Inc. Class A Common Stock",EQUITY,NYSE
SHDG,Soundwatch Hedged Equity ETF,ETF,BATS
SHE,State Street SPDR MSCI USA Gender Diversity ETF,ETF,NYSE ARCA
SHEH,Shell plc ADRhedged,ETF,NYSE ARCA
SHEL,Shell PLC American Depositary Shares (each representing two (2) Ordinary Shares),EQUITY,NYSE
SHG,Shinhan Financial Group Co Ltd American Depositary Shares,EQUITY,NYSE
SHLD,Global X Defense Tech ETF,ETF,NYSE ARCA
SHM,State Street SPDR Nuveen ICE Short Term Municipal Bond ETF,ETF,NYSE ARCA
SHNY,"MicroSectors Gold 3X Leveraged ETNs due January 29, 2043",ETF,NYSE ARCA
SHO,"Sunstone Hotel Investors, Inc. Sunstone Hotel Investors, Inc. Common Shares",EQUITY,NYSE
SHOC,Strive U.S. Semiconductor ETF,ETF,NYSE
SHPP,Pacer Industrials and Logistics ETF,ETF,NYSE ARCA
SHRD,Arimathea Catholic Core Bond ETF,ETF,NYSE ARCA
SHRT,Gotham Short Strategies ETF,ETF,NYSE ARCA
SHUS,Stratified LargeCap Hedged ETF,ETF,NYSE ARCA
SHV,iShares 0-1 Year Treasury Bond ETF,ETF,NYSE
SHW,Sherwin-Williams Company (The) Common Stock,EQUITY,NYSE
SHYD,VanEck Short High Yield Muni ETF,ETF,BATS
SHYG,iShares 0-5 Year High Yield Corporate Bond ETF,ETF,NYSE ARCA
SHYL,Xtrackers Short Duration High Yield Bond ETF,ETF,NYSE ARCA
SHYM,iShares Short Duration High Yield Muni Active ETF,ETF,BATS
SI,"Shoulder Innovations, Inc. Common Stock",EQUITY,NYSE
SID,Companhia Siderurgica Nacional S.A. Common Stock,EQUITY,NYSE
SIF,"SIFCO Industries, Inc. Common Stock",EQUITY,NYSE AMERICAN
SIFI,Harbor Ares Systematic Multi-Sector Income ETF,ETF,NYSE ARCA
SIG,Signet Jewelers Limited Common Shares,EQUITY,NYSE
SIHY,Harbor Ares Systematic High Yield ETF,ETF,NYSE ARCA
SII,Sprott Inc. Common Shares,EQUITY,NYSE
SIJ,ProShares UltraShort Industrials,ETF,NYSE ARCA
SIL,Global X Silver Miners ETF,ETF,NYSE ARCA
SILJ,Amplify Junior Silver Miners ETF,ETF,NYSE ARCA
SIM,"Grupo Simec, S.A.B. de C.V. American Depositary Shares",EQUITY,NYSE AMERICAN
SIMS,State Street SPDR S&P Kensho Intelligent Structures ETF,ETF,NYSE ARCA
SIMX,Corgi SIMO 2x Daily ETF,ETF,BATS
SIND,Sinda Ltd. Common Stock,EQUITY,NYSE
SIO,Touchstone Strategic Income ETF,ETF,NYSE ARCA
SIOO,VistaShares Target 15 S&P 100 Distribution ETF,ETF,NYSE ARCA
SITC,SITE Centers Corp. Common Stock,EQUITY,NYSE
SITE,"SiteOne Landscape Supply, Inc. Common Stock",EQUITY,NYSE
SITX,Tradr 2X Long SITM Daily ETF,ETF,BATS
SIVR,abrdn Physical Silver Shares ETF,ETF,NYSE ARCA
SIXA,ETC 6 Meridian Mega Cap Equity ETF,ETF,NYSE ARCA
SIXD,AllianzIM U.S. Large Cap 6 Month Buffer10 Jun/Dec ETF,ETF,BATS
SIXF,AllianzIM U.S. Large Cap 6 Month Buffer10 Feb/Aug ETF,ETF,BATS
SIXH,ETC 6 Meridian Hedged Equity Index Option ETF,ETF,NYSE ARCA
SIXJ,AllianzIM U.S. Large Cap 6 Month Buffer10 Jan/Jul ETF,ETF,BATS
SIXL,ETC 6 Meridian Low Beta Equity ETF,ETF,NYSE ARCA
SIXO,AllianzIM U.S. Large Cap 6 Month Buffer10 Apr/Oct ETF,ETF,BATS
SIXP,AllianzIM U.S. Large Cap 6 Month Buffer10 Mar/Sep ETF,ETF,BATS
SIXS,ETC 6 Meridian Small Cap Equity ETF,ETF,NYSE ARCA
SIXZ,AllianzIM U.S. Large Cap 6 Month Buffer10 May/Nov ETF,ETF,BATS
SIZE,iShares MSCI USA Size Factor ETF,ETF,NYSE ARCA
SJB,ProShares Short High Yield,ETF,NYSE ARCA
SJM,The J.M. Smucker Company Common Stock,EQUITY,NYSE
SJNK,State Street SPDR Bloomberg Short Term High Yield Bond ETF,ETF,NYSE ARCA
SJT,San Juan Basin Royalty Trust Common Stock,EQUITY,NYSE
SK,Corgi SK hynix 2x Daily ETF,ETF,BATS
SKE,Skeena Resources Limited Common Shares,EQUITY,NYSE
SKF,ProShares UltraShort Financials,ETF,NYSE ARCA
SKHA,Tradr 2X Long SK hynix Daily ETF,ETF,BATS
SKHL,Direxion Daily SK Hynix Bull 2X ETF,ETF,NYSE ARCA
SKHN,Tradr 2X Short SK hynix Daily ETF,ETF,BATS
SKHQ,Leverage Shares 2X Short Sk Hynix Daily ETF,ETF,BATS
SKHU,ProShares Ultra SK hynix,ETF,NYSE ARCA
SKHX,Leverage Shares 2X Long SK Hynix Daily ETF,ETF,BATS
SKHZ,Leverage Shares 1X Short SK Hynix Daily ETF,ETF,BATS
SKIL,Skillsoft Corp. Class A Common Stock,EQUITY,NYSE
SKM,"SK Telecom Co., Ltd. Common Stock",EQUITY,NYSE
SKT,Tanger Inc. Common Stock,EQUITY,NYSE
SKY,"Champion Homes, Inc. Common Stock",EQUITY,NYSE
SKYH,Sky Harbour Group Corporation Class A Common Stock,EQUITY,NYSE
SLB,SLB Limited Common Shares,EQUITY,NYSE
SLDR,Global X Short-Term Treasury Ladder ETF,ETF,NYSE ARCA
SLF,Sun Life Financial Inc. Common Stock,EQUITY,NYSE
SLG,SL Green Realty Corp Common Stock,EQUITY,NYSE
SLGN,Silgan Holdings Inc. Common Stock,EQUITY,NYSE
SLI,Standard Lithium Ltd. Common Shares,EQUITY,NYSE AMERICAN
SLJY,Amplify SILJ Junior Silver Miners Covered Call ETF,ETF,NYSE ARCA
SLND,"Southland Holdings, Inc. Common Stock",EQUITY,NYSE AMERICAN
SLNZ,TCW Senior Loan ETF,ETF,NYSE
SLON,ProShares Ultra Solana ETF,ETF,NYSE ARCA
SLQT,"SelectQuote, Inc. Common Stock",EQUITY,NYSE
SLSR,Solaris Resources Inc. Common Shares,EQUITY,NYSE AMERICAN
SLTY,YieldMax Ultra Short Option Income Strategy ETF,ETF,NYSE ARCA
SLV,iShares Silver Trust,ETF,NYSE ARCA
SLVM,Sylvamo Corporation Common Stock,EQUITY,NYSE
SLVP,iShares MSCI Global Silver and Metals Miners ETF,ETF,BATS
SLVX,Nicholas Silver Income ETF,ETF,NYSE ARCA
SLVY,FT Vest Silver Strategy & Target Income ETF,ETF,BATS
SLWS,Wisdom Short Duration Income ETF,ETF,NYSE ARCA
SLX,VanEck Steel ETF,ETF,NYSE ARCA
SLYG,State Street SPDR S&P 600 Small Cap Growth ETF,ETF,NYSE ARCA
SLYV,State Street SPDR S&P 600 Small Cap Value ETF,ETF,NYSE ARCA
SM,SM Energy Company Common Stock,EQUITY,NYSE
SMA,"SmartStop Self Storage REIT, Inc. Common Stock",EQUITY,NYSE
SMAX,iShares Large Cap Max Buffer Sep ETF,ETF,BATS
SMAY,FT Vest U.S. Small Cap Moderate Buffer ETF - May,ETF,BATS
SMB,VanEck Short Muni ETF,ETF,BATS
SMBK,"SmartFinancial, Inc. Common Stock",EQUITY,NYSE
SMBS,Schwab Mortgage-Backed Securities ETF,ETF,NYSE ARCA
SMC,Summit Midstream Corporation Common Stock,EQUITY,NYSE
SMCC,Corgi SMCI 2x Daily ETF,ETF,BATS
SMCP,SMART Mid Cap ETF,ETF,NYSE ARCA
SMCY,YieldMax SMCI Option Income Strategy ETF,ETF,NYSE ARCA
SMDD,UltraPro Short MidCap400,ETF,NYSE ARCA
SMDV,ProShares Russell 2000 Dividend Growers ETF,ETF,BATS
SMDX,Intech S&P Small-Mid Cap Diversified Alpha ETF,ETF,NYSE ARCA
SMFG,Sumitomo Mitsui Financial Group Inc Unsponsored American Depositary Shares (Japan),EQUITY,NYSE
SMG,Scotts Miracle-Gro Company (The) Common Stock,EQUITY,NYSE
SMHB,ETRACS Monthly Pay 2x Leveraged Small Cap High Dividend ETN Series B,EQUITY,NYSE ARCA
SMHD,MicroSectors -3x Short Semiconductor ETNs,ETF,BATS
SMHI,SEACOR Marine Holdings Inc. Common Stock,EQUITY,NYSE
SMHU,MicroSectors 3x Long Semiconductor ETNs,ETF,BATS
SMIG,Bahl & Gaynor Small/Mid Cap Income Growth ETF,ETF,NYSE ARCA
SMIN,Ishares MSCI India Small Cap ETF,ETF,BATS
SMIZ,Zacks Small/Mid Cap ETF,ETF,NYSE ARCA
SMJF,SMJ International Holdings Inc. Class A Ordinary Shares,EQUITY,NYSE AMERICAN
SMLF,iShares U.S. Small-Cap Equity Factor ETF,ETF,NYSE ARCA
SMLL,Harbor Active Small Cap ETF,ETF,NYSE ARCA
SMLV,State Street SPDR US Small Cap Low Volatility Index ETF,ETF,NYSE ARCA
SMMD,iShares Russell 2500 ETF,ETF,BATS
SMMU,Short Term Municipal Bond Active Exchange-Traded Fund,ETF,NYSE ARCA
SMMV,iShares MSCI USA Small-Cap Min Vol Factor ETF,ETF,BATS
SMN,ProShares UltraShort Materials,ETF,NYSE ARCA
SMOG,VanEck Low Carbon Energy ETF,ETF,NYSE ARCA
SMOT,VanEck Morningstar SMID Moat ETF,ETF,BATS
SMOX,Horizon Small/Mid Cap Core Equity ETF,ETF,NYSE ARCA
SMP,"Standard Motor Products, Inc. Common Stock",EQUITY,NYSE
SMR,NuScale Power Corporation Class A Common Stock,EQUITY,NYSE
SMRF,"ALPS Nautilus SMR, Nuclear & Technology ETF",ETF,NYSE ARCA
SMRT,"SmartRent, Inc. Class A Common Stock",EQUITY,NYSE
SMRX,Corgi SMR 2x Daily ETF,ETF,BATS
SMTG,Leverage Shares 2X Long SMTC Daily ETF,ETF,BATS
SMTH,ALPS Smith Core Plus Bond ETF,ETF,NYSE ARCA
SMU,Tradr 2X Long SMR Daily ETF,ETF,BATS
SMUP,T-REX 2X Long SMR Daily Target ETF,ETF,BATS
SMWB,Similarweb Ltd. Ordinary Shares,EQUITY,NYSE
SMZ,Tradr 2X Short SMR Daily ETF,ETF,BATS
SN,"SharkNinja, Inc. Ordinary Shares",EQUITY,NYSE
SNA,Snap-On Incorporated Common Stock,EQUITY,NYSE
SNAP,Snap Inc. Class A Common Stock,EQUITY,NYSE
SNAV,Mohr Sector Nav ETF,ETF,BATS
SNDA,"Sonida Senior Living, Inc. Common Stock",EQUITY,NYSE
SNDC,Corgi SNDK 2x Daily ETF,ETF,BATS
SNDG,Leverage Shares 2X Long SNDK Daily ETF,ETF,BATS
SNDQ,Tradr 2X Short SNDK Daily ETF,ETF,BATS
SNDR,"Schneider National, Inc. Common Stock",EQUITY,NYSE
SNDU,T-REX 2X Long SNDK Daily Target ETF,ETF,BATS
SNK,GraniteShares 2x Short SpaceX Daily ETF,ETF,BATS
SNN,"Smith & Nephew SNATS, Inc. Common Stock",EQUITY,NYSE
SNOU,T-REX 2X Long SNOW Daily Target ETF,ETF,BATS
SNOV,FT Vest U.S. Small Cap Moderate Buffer ETF - November,ETF,BATS
SNOW,Snowflake Inc. Common Stock,EQUITY,NYSE
SNOY,YieldMax SNOW Option Income Strategy ETF,ETF,NYSE ARCA
SNPD,Xtrackers S&P Dividend Aristocrats Screened ETF,ETF,BATS
SNPE,Xtrackers S&P 500 Scored & Screened ETF,ETF,NYSE ARCA
SNPG,Xtrackers S&P 500 Growth Scored & Screened ETF,ETF,BATS
SNSC,SunScout Holding Limited Class A Ordinary Shares,EQUITY,NYSE AMERICAN
SNTH,MRP SynthEquity ETF,ETF,NYSE ARCA
SNTQ,MRP SynthEquity Nasdaq 100 ETF,ETF,BATS
SNX,TD SYNNEX Corporation Common Stock,EQUITY,NYSE
SNXX,Tradr 2X Long SNDK Daily ETF,ETF,BATS
SO,Southern Company (The) Common Stock,EQUITY,NYSE
SOAR,"Volato Group, Inc. Class A Common Stock",EQUITY,NYSE AMERICAN
SOBO,South Bow Corporation Common Shares,EQUITY,NYSE
SOC,Sable Offshore Corp. Common Stock,EQUITY,NYSE
SOEZ,Franklin Solana ETF,ETF,NYSE ARCA
SOFC,Corgi SOFI 2x Daily ETF,ETF,BATS
SOFR,Amplify Samsung SOFR ETF,ETF,NYSE ARCA
SOLM,Amplify Solana 3% Monthly Option Income ETF,ETF,BATS
SOLV,Solventum Corporation Common Stock,EQUITY,NYSE
SON,Sonoco Products Company Common Stock,EQUITY,NYSE
SONY,Sony Group Corporation American Depositary Shares,EQUITY,NYSE
SOR,"Source Capital, Inc. Cmn Shs of BI",EQUITY,NYSE
SOS,SOS Limited Class A Ordinary Shares,EQUITY,NYSE
SOUL,Soulpower Acquisition Corporation Class A Ordinary Shares,EQUITY,NYSE
SOVF,Sovereign's Capital Flourish Fund,ETF,NYSE ARCA
SOXL,Direxion Daily Semiconductor Bull 3X ETF,ETF,NYSE ARCA
SOXS,Direxion Daily Semiconductor Bear 3X ETF,ETF,NYSE ARCA
SOXY,YieldMax Target 12 Semiconductor Option Income ETF,ETF,NYSE ARCA
SOYB,Teucrium Soybean Fund ETV,ETF,NYSE ARCA
SPAB,State Street SPDR Portfolio Aggregate Bond ETF,ETF,NYSE ARCA
SPAL,GraniteShares 2x Long SpaceX Daily ETF,ETF,BATS
SPAX,T-REX 2X Long SPCX Daily Target ETF,ETF,NYSE ARCA
SPB,"Spectrum Brands Holdings, Inc. Common Stock",EQUITY,NYSE
SPBO,State Street SPDR Portfolio Corporate Bond ETF,ETF,NYSE ARCA
SPBU,AllianzIM Buffer15 Uncapped Allocation ETF,ETF,BATS
SPBW,AllianzIM Buffer20 Allocation ETF,ETF,BATS
SPBX,AllianzIM 6 Month Buffer10 Allocation ETF,ETF,BATS
SPCE,"Virgin Galactic Holdings, Inc. Common Stock",EQUITY,NYSE
SPCF,ProShares Ultra SpaceX,ETF,NYSE ARCA
SPCG,Tradr 2X Short SpaceX Daily ETF,ETF,BATS
SPCH,Leverage Shares 2X Long SPCX Daily ETF,ETF,BATS
SPCI,Tuttle Capital Space Industry Income Blast ETF,ETF,BATS
SPCL,Defiance Pure Space Daily 2X Strategy ETF,ETF,BATS
SPCM,Tradr 2X Long SpaceX Daily ETF,ETF,BATS
SPCQ,Defiance Daily Target 2X Short SPCX ETF,ETF,BATS
SPCU,Defiance Daily Target 2X Long SPCX ETF,ETF,BATS
SPD,Simplify US Equity PLUS Downside Convexity ETF,ETF,NYSE ARCA
SPDF,Defender Risk Adaptive 500 ETF,ETF,BATS
SPDG,State Street SPDR Portfolio S&P Sector Neutral Dividend ETF,ETF,NYSE ARCA
SPDN,Direxion Daily S&P 500 Bear 1X ETF,ETF,NYSE ARCA
SPDV,AAM S&P 500 High Dividend Value ETF,ETF,NYSE ARCA
SPDW,State Street SPDR Portfolio Developed World ex-US ETF,ETF,NYSE ARCA
SPE,"Special Opportunities Fund, Inc Common Stock",EQUITY,NYSE
SPEM,State Street SPDR Portfolio Emerging Markets ETF,ETF,NYSE ARCA
SPEU,State Street SPDR Portfolio Europe ETF,ETF,NYSE ARCA
SPG,"Simon Property Group, Inc. Common Stock",EQUITY,NYSE
SPGI,S&P Global Inc. Common Stock,EQUITY,NYSE
SPGM,State Street SPDR Portfolio MSCI Global Stock Market ETF,ETF,NYSE ARCA
SPGP,Invesco S&P 500 GARP ETF,ETF,NYSE ARCA
SPH,"Suburban Propane Partners, L.P. Common Stock",EQUITY,NYSE
SPHB,Invesco S&P 500 High Beta ETF,ETF,NYSE ARCA
SPHD,Invesco S&P 500 High Dividend Low Volatility ETF,ETF,NYSE ARCA
SPHQ,Invesco S&P 500 Quality ETF,ETF,NYSE ARCA
SPHR,Sphere Entertainment Co. Class A Common Stock,EQUITY,NYSE
SPHY,State Street SPDR Portfolio High Yield Bond ETF,ETF,NYSE ARCA
SPIB,State Street SPDR Portfolio Intermediate Term Corporate Bond ETF,ETF,NYSE ARCA
SPIN,State Street US Equity Premium Income ETF,ETF,BATS
SPIP,State Street SPDR Portfolio TIPS ETF,ETF,NYSE ARCA
SPIR,"Spire Global, Inc. Class A Common Stock",EQUITY,NYSE
SPLB,State Street SPDR Portfolio Long Term Corporate Bond ETF,ETF,NYSE ARCA
SPLS,PIMCO US Stocks PLUS Active Bond Exchange-Traded Fund,ETF,BATS
SPLV,Invesco S&P 500 Low Volatility ETF,ETF,NYSE ARCA
SPMB,State Street SPDR Portfolio Mortgage Backed Bond ETF,ETF,NYSE ARCA
SPMC,"Sound Point Meridian Capital, Inc. Common Stock",EQUITY,NYSE
SPMD,State Street SPDR Portfolio S&P 400 Mid Cap ETF,ETF,NYSE ARCA
SPMO,Invesco S&P 500 Momentum ETF,ETF,NYSE ARCA
SPNT,SiriusPoint Ltd. Common Shares,EQUITY,NYSE
SPOT,Spotify Technology S.A. Ordinary Shares,EQUITY,NYSE
SPPP,Sprott Physical Platinum and Palladium Trust,ETF,NYSE ARCA
SPRE,SP Funds S&P Global REIT Sharia ETF,ETF,NYSE ARCA
SPRU,Spruce Power Holding Corporation Class A Common Stock,EQUITY,NYSE
SPSB,State Street SPDR Portfolio Short Term Corporate Bond ETF,ETF,NYSE ARCA
SPSK,SP Funds Dow Jones Global Sukuk ETF,ETF,NYSE ARCA
SPSM,State Street SPDR Portfolio S&P 600 Small Cap ETF,ETF,NYSE ARCA
SPTB,State Street SPDR Portfolio Treasury ETF,ETF,NYSE ARCA
SPTE,SP Funds S&P Global Technology ETF,ETF,NYSE ARCA
SPTI,State Street SPDR Portfolio Intermediate Term Treasury ETF,ETF,NYSE ARCA
SPTL,State Street SPDR Portfolio Long Term Treasury ETF,ETF,NYSE ARCA
SPTM,State Street SPDR Portfolio S&P 1500 Composite Stock Market ETF,ETF,NYSE ARCA
SPTS,State Street SPDR Portfolio Short Term Treasury ETF,ETF,NYSE ARCA
SPTU,State Street SPDR Portfolio Ultra Short T-Bill ETF,ETF,NYSE ARCA
SPUC,Simplify US Equity Income ETF,ETF,NYSE ARCA
SPUS,SP Funds S&P 500 Sharia Industry Exclusions ETF,ETF,NYSE ARCA
SPUT,Innovator Equity Premium Income - Daily PutWrite ETF,ETF,NYSE ARCA
SPUU,Direxion Daily S&P 500 Bull 2X ETF,ETF,NYSE ARCA
SPVM,Invesco S&P 500 Value with Momentum ETF,ETF,NYSE ARCA
SPWO,SP Funds S&P World (ex-US) ETF,ETF,NYSE ARCA
SPXC,"SPX Technologies, Inc. Common Stock",EQUITY,NYSE
SPXE,ProShares S&P 500 Ex-Energy ETF,ETF,NYSE ARCA
SPXL,Direxion Daily S&P 500 Bull 3X ETF,ETF,NYSE ARCA
SPXN,ProShares S&P 500 Ex-Financials ETF,ETF,NYSE ARCA
SPXS,Direxion Daily S&P 500 Bear 3X ETF,ETF,NYSE ARCA
SPXT,ProShares S&P 500 Ex-Technology ETF,ETF,NYSE ARCA
SPXU,ProShares UltraPro Short S&P500,ETF,NYSE ARCA
SPXV,ProShares S&P 500 Ex-Health Care ETF,ETF,NYSE ARCA
SPXX,Nuveen S&P 500 Dynamic Overwrite Fund,EQUITY,NYSE
SPY,State Street SPDR S&P 500 ETF Trust,ETF,NYSE ARCA
SPYA,Twin Oak Endure ETF,ETF,BATS
SPYC,Simplify US Equity PLUS Convexity ETF,ETF,NYSE ARCA
SPYD,State Street SPDR Portfolio S&P 500 High Dividend ETF,ETF,NYSE ARCA
SPYG,State Street SPDR Portfolio S&P 500 Growth ETF,ETF,NYSE ARCA
SPYH,NEOS S&P 500 Hedged Equity Income ETF,ETF,BATS
SPYI,NEOS S&P 500 High Income ETF,ETF,BATS
SPYM,State Street SPDR Portfolio S&P 500 ETF,ETF,NYSE ARCA
SPYT,Defiance S&P 500 Target Income ETF,ETF,NYSE ARCA
SPYU,"MAX S&P 500 4X Leveraged ETNs due October 30, 2043",ETF,NYSE ARCA
SPYV,State Street SPDR Portfolio S&P 500 Value ETF,ETF,NYSE ARCA
SPYX,State Street SPDR S&P 500 Fossil Fuel Reserves Free ETF,ETF,NYSE ARCA
SQBA,FT Vest U.S. Equity Quarterly 15 Buffer ETF,ETF,BATS
SQLT,iShares MSCI USA Small-Cap Quality Factor ETF,ETF,BATS
SQM,Sociedad Quimica y Minera S.A. Common Stock,EQUITY,NYSE
SQMX,FT Vest U.S. Equity Quarterly Max Buffer ETF,ETF,BATS
SQNS,Sequans Communications S.A. American Depositary Shares (each representing one hundred (100) Ordinary Shares),EQUITY,NYSE
SR,Spire Inc. Common Stock,EQUITY,NYSE
SRE,DBA Sempra Common Stock,EQUITY,NYSE
SRFM,Surf Air Mobility Inc. Common Stock,EQUITY,NYSE
SRG,Seritage Growth Properties Class A Common Stock,EQUITY,NYSE
SRHQ,SRH U.S. Quality GARP ETF,ETF,NYSE ARCA
SRHR,SRH REIT Covered Call ETF,ETF,NYSE ARCA
SRI,"Stoneridge, Inc. Common Stock",EQUITY,NYSE
SRL,Scully Royalty Ltd.,EQUITY,NYSE
SRLN,State Street Blackstone Senior Loan ETF,ETF,NYSE ARCA
SROI,Calamos Antetokounmpo Global Sustainable Equities ETF,ETF,NYSE ARCA
SRS,ProShares UltraShort Real Estate,ETF,NYSE ARCA
SRTY,ProShares UltraPro Short Russell2000,ETF,NYSE ARCA
SRV,NXG Cushing Midstream Energy Fund Common Shares of Beneficial Interest,EQUITY,NYSE
SRVR,Pacer Data & Infrastructure Real Estate ETF,ETF,NYSE ARCA
SRXH,SRX Global Inc. Common Stock,EQUITY,NYSE AMERICAN
SSB,SouthState Bank Corporation Common Stock,EQUITY,NYSE
SSCP,SMART Small Cap ETF,ETF,NYSE ARCA
SSD,"Simpson Manufacturing Company, Inc. Common Stock",EQUITY,NYSE
SSFI,Day Hagan Smart Sector Fixed Income ETF,ETF,NYSE ARCA
SSG,ProShares UltraShort Semiconductors,ETF,NYSE ARCA
SSK,REX-Osprey SOL + Staking ETF,ETF,BATS
SSL,Sasol Ltd. American Depositary Shares,EQUITY,NYSE
SSMG,Virtus Silvant Small/Mid Growth ETF,ETF,NYSE ARCA
SSMR,Sunshine Silver Mining & Refining Company Common Stock,EQUITY,NYSE
SSO,ProShares Ultra S&P500,ETF,NYSE ARCA
SSPC,Leverage Shares 2X Short SPCX Daily ETF,ETF,BATS
SSPY,Stratified LargeCap Index ETF,ETF,NYSE ARCA
SST,"System1, Inc. Class A Common Stock",EQUITY,NYSE
SSTK,"Shutterstock, Inc. Common Stock",EQUITY,NYSE
SSUS,Day Hagan Smart Sector ETF,ETF,NYSE ARCA
SSXU,Day Hagan Smart Sector International ETF,ETF,NYSE ARCA
ST,Sensata Technologies Holding plc Ordinary Shares,EQUITY,NYSE
STAG,"Stag Industrial, Inc. Common Stock",EQUITY,NYSE
STAX,Nomura Tax-Free USA Short Term ETF,ETF,NYSE ARCA
STBF,Performance Trust Short Term Bond ETF,ETF,BATS
STBQ,Amplify Stablecoin Technology Leaders ETF,ETF,NYSE ARCA
STC,Stewart Information Services Corporation Common Stock,EQUITY,NYSE
STCE,Schwab Crypto Thematic Natural Language Processing ETF,ETF,NYSE ARCA
STDN,"Standard Nuclear, Inc. Class A Common Stock",EQUITY,NYSE
STE,STERIS plc (Ireland) Ordinary Shares,EQUITY,NYSE
STEM,"Stem, Inc. Class A Common Stock",EQUITY,NYSE
STEN,iShares Large Cap 10% Target Buffer Sep ETF,ETF,BATS
STEW,"SRH Total Return Fund, Inc. Common Stock",EQUITY,NYSE
STG,"Sunlands Technology Group American Depositary Shares, representing Class A ordinary shares",EQUITY,NYSE
STHH,STMicroelectronics NV ADRhedged,ETF,NYSE ARCA
STIP,iShares 0-5 Year TIPS Bond ETF,ETF,NYSE ARCA
STK,Columbia Seligman Premium Technology Growth Fund Inc,EQUITY,NYSE
STLA,Stellantis N.V. Common Shares,EQUITY,NYSE
STLL,Leverage Shares 2X Long STRL Daily ETF,ETF,BATS
STLR,Stellar ETF,ETF,BATS
STLU,2x Stellar ETF,ETF,BATS
STM,STMicroelectronics N.V. Common Stock,EQUITY,NYSE
STMX,Leverage Shares 2X Long STM Daily ETF,ETF,BATS
STN,Stantec Inc Common Stock,EQUITY,NYSE
STNG,Scorpio Tankers Inc. Common Shares,EQUITY,NYSE
STOT,State Street DoubleLine Short Duration Total Return Tactical ETF,ETF,BATS
STOX,Horizon Core Equity ETF,ETF,BATS
STPZ,PIMCO 1-5 Year U.S. TIPS Index Exchange-Traded Fund,ETF,NYSE ARCA
STRN,SMART Trend 25 ETF,ETF,NYSE ARCA
STRW,"Strawberry Fields REIT, Inc. Common Stock",EQUITY,NYSE AMERICAN
STSM,Defiance Daily Target 2X Short TSM ETF,ETF,NYSE ARCA
STT,State Street Corporation Common Stock,EQUITY,NYSE
STT$G,"State Street Corporation Depositary shares, each representing a 1/4,000th ownership interest in a share of Fixed-to-Floating Rate Non-Cumulative",EQUITY,NYSE
STUB,"StubHub Holdings, Inc. Class A Common Stock",EQUITY,NYSE
STVN,Stevanato Group S.p.A. Ordinary Shares,EQUITY,NYSE
STWD,"STARWOOD PROPERTY TRUST, INC. Starwood Property Trust Inc.",EQUITY,NYSE
STXD,Strive 1000 Dividend Growth ETF,ETF,NYSE
STXE,Strive Emerging Markets Ex-China ETF,ETF,NYSE
STXF,Strive 500 ETF,ETF,NYSE
STXG,Strive 1000 Growth ETF,ETF,NYSE
STXK,Strive Small-Cap ETF,ETF,NYSE
STXL,Defiance Daily Target 2x Long STX ETF,ETF,BATS
STXS,"Stereotaxis, Inc. Common Stock",EQUITY,NYSE AMERICAN
STXT,Strive Total Return Bond ETF,ETF,NYSE
STXU,Leverage Shares 2X Long STX Daily ETF,ETF,BATS
STXV,Strive 1000 Value ETF,ETF,NYSE
STXX,Tradr 2X Long STX Daily ETF,ETF,BATS
STYL,Corgi Lifestyle Brands ETF,ETF,BATS
STZ,"Constellation Brands, Inc. Common Stock",EQUITY,NYSE
SU,Suncor Energy  Inc. Common Stock,EQUITY,NYSE
SUB,iShares Short-Term National Muni Bond ETF,ETF,NYSE ARCA
SUI,"Sun Communities, Inc. Common Stock",EQUITY,NYSE
SUIL,2x Sui ETF,ETF,BATS
SUNB,"Sunbelt Rentals Holdings, Inc. Common Stock",EQUITY,NYSE
SUPL,ProShares Supply Chain Logistics ETF,ETF,NYSE ARCA
SUPV,Grupo Supervielle S.A. American Depositary Shares each Representing five Class B shares,EQUITY,NYSE
SURE,AdvisorShares Insider Advantage ETF,ETF,NYSE ARCA
SURI,Simplify Propel Opportunities ETF,ETF,NYSE ARCA
SUSA,iShares ESG Optimized MSCI USA ETF,ETF,NYSE ARCA
SUZ,Suzano S.A. American Depositary Shares (each representing One Ordinary Share),EQUITY,NYSE
SVAL,iShares US Small Cap Value Factor ETF,ETF,BATS
SVIX,-1x Short VIX Futures ETF,ETF,BATS
SVM,Silvercorp Metals Inc. Common Shares,EQUITY,NYSE AMERICAN
SVOL,Simplify Volatility Premium ETF,ETF,NYSE ARCA
SVV,"Savers Value Village, Inc. Common Stock",EQUITY,NYSE
SVXY,ProShares Short VIX Short Term Futures ETF,ETF,BATS
SW,Smurfit WestRock plc Ordinary Shares,EQUITY,NYSE
SWAN,Amplify BlackSwan Growth & Treasury Core ETF,ETF,NYSE ARCA
SWK,"Stanley Black & Decker, Inc. Common Stock",EQUITY,NYSE
SWX,"Southwest Gas Holdings, Inc. Common Stock (DE)",EQUITY,NYSE
SWZ,Total Return Securities Fund Common Stock,EQUITY,NYSE
SXC,"SunCoke Energy, Inc. Common Stock",EQUITY,NYSE
SXI,Standex International Corporation Common Stock,EQUITY,NYSE
SXQG,ETC 6 Meridian Quality Growth ETF,ETF,NYSE ARCA
SXT,Sensient Technologies Corporation Common Stock,EQUITY,NYSE
SYF,Synchrony Financial Common Stock,EQUITY,NYSE
SYFI,AB Short Duration High Yield ETF,ETF,NYSE ARCA
SYK,Stryker Corporation Common Stock,EQUITY,NYSE
SYLD,Cambria Shareholder Yield ETF,ETF,BATS
SYNX,Silynxcom Ltd. Ordinary Shares,EQUITY,NYSE AMERICAN
SYSB,iShares Systematic Bond ETF,ETF,BATS
SYY,Sysco Corporation Common Stock,EQUITY,NYSE
SZK,ProShares UltraShort Consumer Staples,ETF,NYSE ARCA
T,AT&T Inc.,EQUITY,NYSE
TABD,Transamerica Bond Active ETF,ETF,NYSE ARCA
TAC,TransAlta Corporation Ordinary Shares,EQUITY,NYSE
TACK,Fairlead Tactical Sector ETF,ETF,NYSE ARCA
TACN,T. Rowe Price Active Core International Equity ETF,ETF,NYSE ARCA
TACU,T. Rowe Price Active Core U.S. Equity ETF,ETF,NYSE ARCA
TAFI,AB Tax-Aware Short Duration Municipal ETF,ETF,NYSE ARCA
TAFL,AB Tax-Aware Long Municipal ETF,ETF,NYSE ARCA
TAFM,AB Tax-Aware Intermediate Municipal ETF,ETF,NYSE ARCA
TAGG,T. Rowe Price QM U.S. Bond ETF,ETF,NYSE ARCA
TAGS,Teucrium Agricultural Fund ETV,ETF,NYSE ARCA
TAIL,Cambria Tail Risk ETF,ETF,BATS
TAJX,Corgi India 2x Daily ETF,ETF,BATS
TAK,Takeda Pharmaceutical Company Limited American Depositary Shares (each representing 1/2 of a share of Common Stock),EQUITY,NYSE
TAL,TAL Education Group American Depositary Shares,EQUITY,NYSE
TALO,"Talos Energy, Inc. Common Stock",EQUITY,NYSE
TALV,Transamerica Large Value Active ETF,ETF,NYSE ARCA
TAN,Invesco Solar ETF,ETF,NYSE ARCA
TAP,Molson Coors Beverage Company Class B Common Stock,EQUITY,NYSE
TAP-A,Molson Coors Beverage Company Class A Common Stock,EQUITY,NYSE
TAPR,Innovator Equity Defined Protection ETF - 2 Yr to April 2027,ETF,BATS
TAWN,MicroSectors 3x Long Taiwan ETNs,ETF,BATS
TAXF,American Century Diversified Municipal Bond ETF,ETF,NYSE ARCA
TAXM,BondBloxx IR+M Tax-Aware ETF for Massachusetts Residents,ETF,NYSE ARCA
TAXX,BondBloxx IR+M Tax-Aware Short Duration ETF,ETF,NYSE ARCA
TBBB,BBB Foods Inc. Class A Common Shares,EQUITY,NYSE
TBF,ProShares Short 20+ Year Treasury,ETF,NYSE ARCA
TBFC,The Brinsmere Fund  Conservative ETF,ETF,NYSE ARCA
TBFG,The Brinsmere Fund Growth ETF,ETF,NYSE ARCA
TBG,TBG Dividend Focus ETF,ETF,NYSE ARCA
TBI,"TrueBlue, Inc. Common Stock",EQUITY,NYSE
TBJL,Innovator 20  Year Treasury Bond 9 Buffer ETF - July,ETF,BATS
TBLL,Invesco Short Term Treasury ETF,ETF,NYSE ARCA
TBLU,Tortoise Global Water ETF,ETF,NYSE
TBN,Tamboran Resources Corporation Common stock,EQUITY,NYSE
TBT,ProShares UltraShort Lehman 20  Year Treasury,ETF,NYSE ARCA
TBUX,T. Rowe Price Ultra Short-Term Bond ETF,ETF,NYSE ARCA
TBX,ProShares Short 7 10 Year Treasury,ETF,NYSE ARCA
TBXU,Direxion Daily Biotech Top 5 Bull 2X ETF,ETF,NYSE ARCA
TCAF,T. Rowe Price Capital Appreciation Equity ETF,ETF,NYSE ARCA
TCAI,Tortoise AI Infrastructure ETF,ETF,NYSE
TCAL,T. Rowe Price Capital Appreciation Premium Income ETF,ETF,NYSE ARCA
TCBX,"Third Coast Bancshares, Inc. Common Stock",EQUITY,NYSE
TCHP,T. Rowe Price Blue Chip Growth ETF,ETF,NYSE ARCA
TCI,"Transcontinental Realty Investors, Inc. Common Stock",EQUITY,NYSE
TCPB,Thrivent Core Plus Bond ETF,ETF,NYSE ARCA
TCV,Towle Value ETF,ETF,NYSE ARCA
TD,Toronto Dominion Bank (The) Common Stock,EQUITY,NYSE
TDAQ,TappAlpha Innovation 100 Growth & Daily Income ETF,ETF,BATS
TDAX,TDAQ Lift ETF,ETF,BATS
TDAY,"USA TODAY Co., Inc. Common Stock",EQUITY,NYSE
TDC,Teradata Corporation Common Stock,EQUITY,NYSE
TDEC,FT Vest Emerging Markets Buffer ETF - December,ETF,BATS
TDF,"Templeton Dragon Fund, Inc. Common Stock",EQUITY,NYSE
TDG,Transdigm Group Incorporated Common Stock,EQUITY,NYSE
TDOC,"Teladoc Health, Inc. Common Stock",EQUITY,NYSE
TDS,"Telephone and Data Systems, Inc. Common Shares",EQUITY,NYSE
TDTF,Northern Trust iBoxx 5-Year Target Duration TIPS ETF,ETF,NYSE ARCA
TDTT,Northern Trust iBoxx 3-Year Target Duration TIPS ETF,ETF,NYSE ARCA
TDV,ProShares S&P Technology Dividend Aristocrats ETF,ETF,BATS
TDVG,T. Rowe Price Dividend Growth ETF,ETF,NYSE ARCA
TDVI,FT Vest Technology Dividend Target Income ETF,ETF,BATS
TDW,Tidewater Inc. Common Stock,EQUITY,NYSE
TDY,Teledyne Technologies Incorporated Common Stock,EQUITY,NYSE
TE,T1 Energy Inc. Common Stock,EQUITY,NYSE
TEC,Harbor Transformative Technologies ETF,ETF,NYSE ARCA
TECB,iShares U.S. Tech Breakthrough Multisector ETF,ETF,NYSE ARCA
TECK,Teck Resources Ltd Ordinary Shares,EQUITY,NYSE
TECL,Direxion Daily Technology Bull 3X ETF,ETF,NYSE ARCA
TECS,Direxion Technology Bear 3X ETF,ETF,NYSE ARCA
TEI,"Templeton Emerging Markets Income Fund, Inc. Common Stock",EQUITY,NYSE
TEK,iShares Technology Opportunities Active ETF,ETF,NYSE ARCA
TEL,TE Connectivity plc Ordinary Shares,EQUITY,NYSE
TELG,Leverage Shares 2X Long TEL Daily ETF,ETF,BATS
TEMC,Corgi TEM 2x Daily ETF,ETF,BATS
TEMD,Templeton Emerging Markets Debt ETF,ETF,NYSE ARCA
TEMR,T. Rowe Price Emerging Markets Equity Research ETF,ETF,NYSE ARCA
TEMT,Tradr 2X Long TEM Daily ETF,ETF,BATS
TEMX,Touchstone Sands Capital Emerging Markets ex-China Growth ETF,ETF,BATS
TEN,Tsakos Energy Navigation Ltd Common Shares,EQUITY,NYSE
TEND,iShares Large Cap 10% Target Buffer Dec ETF,ETF,BATS
TENJ,iShares Large Cap 10% Target Buffer Jun ETF,ETF,BATS
TENM,iShares Large Cap 10% Target Buffer Mar ETF,ETF,BATS
TEO,Telecom Argentina SA,EQUITY,NYSE
TEQI,T. Rowe Price Equity Income ETF,ETF,NYSE ARCA
TERC,Corgi TER 2x Daily ETF,ETF,BATS
TESC,Corgi TSLA 2x Daily ETF,ETF,BATS
TESL,Simplify Volt TSLA Revolution ETF,ETF,NYSE ARCA
TEST,YieldMax TSLA Performance & Distribution Target 25 ETF,ETF,BATS
TETH,21Shares Ethereum ETF,ETF,BATS
TEUP,T-REX 2X Long TE Daily Target ETF,ETF,BATS
TEVA,Teva Pharmaceutical Industries Limited Ordinary Shares,EQUITY,NYSE
TEX,Terex Corporation Common Stock,EQUITY,NYSE
TEXU,Direxion Daily Energy Top 5 Bull 2X ETF,ETF,NYSE ARCA
TFC,Truist Financial Corporation Common Stock,EQUITY,NYSE
TFC$I,Truist Financial Corporation Depositary Shares,EQUITY,NYSE
TFFI,Chesapeake Trend-Following Fixed Income ETF,ETF,NYSE ARCA
TFI,State Street SPDR Nuveen ICE Municipal Bond ETF,ETF,NYSE ARCA
TFII,TFI International Inc. Common Shares,EQUITY,NYSE
TFIN,"Triumph Financial, Inc. Common Stock",EQUITY,NYSE
TFJL,Innovator 20  Year Treasury Bond 5 Floor ETF - July,ETF,BATS
TFLO,iShares Treasury Floating Rate Bond ETF,ETF,NYSE ARCA
TFLR,T. Rowe Price Floating Rate ETF,ETF,NYSE ARCA
TFPM,Triple Flag Precious Metals Corp. Common Shares,EQUITY,NYSE
TFPN,Blueprint Chesapeake Multi-Asset Trend ETF,ETF,NYSE ARCA
TFX,Teleflex Incorporated Common Stock,EQUITY,NYSE
TG,Tredegar Corporation Common Stock,EQUITY,NYSE
TGB,Trekor Metals Limited Common Shares,EQUITY,NYSE AMERICAN
TGE,The Generation Essentials Group Class A Ordinary Shares,EQUITY,NYSE
TGEN,Tecogen Inc. Common Stock,EQUITY,NYSE AMERICAN
TGLB,T. Rowe Price Global Equity ETF,ETF,NYSE ARCA
TGLR,Wedbush LAFFER TENGLER New Era Value ETF,ETF,NYSE ARCA
TGLS,Tecnoglass Holdings Inc. Common Stock,EQUITY,NYSE
TGRT,T. Rowe Price Growth ETF,ETF,NYSE ARCA
TGRW,T. Rowe Price Growth Stock ETF,ETF,NYSE ARCA
TGS,Transportadora de Gas del Sur SA TGS Common Stock,EQUITY,NYSE
TGT,Target Corporation Common Stock,EQUITY,NYSE
THC,Tenet Healthcare Corporation Common Stock,EQUITY,NYSE
THD,iShares MSCI Thailand ETF,ETF,NYSE ARCA
THEQ,T. Rowe Price Hedged Equity ETF,ETF,NYSE ARCA
THG,Hanover Insurance Group Inc,EQUITY,NYSE
THIR,THOR Index Rotation ETF,ETF,NYSE
THLV,THOR Equal Weight Low Volatility ETF,ETF,NYSE
THM,"International Tower Hill Mines, Ltd. Ordinary Shares (Canada)",EQUITY,NYSE AMERICAN
THMR,THOR AdaptiveRisk Dynamic ETF,ETF,NYSE
THNQ,ROBO Global Artificial Intelligence ETF,ETF,NYSE ARCA
THNR,Amplify Weight Loss Drug & Treatment ETF,ETF,NYSE ARCA
THO,"Thor Industries, Inc. Common Stock",EQUITY,NYSE
THOR,Thornburg Premium Income Builder ETF,ETF,NYSE ARCA
THQ,abrdn Healthcare Opportunities Fund Shares of Beneficial Interest,EQUITY,NYSE
THRO,iShares U.S. Thematic Rotation Active ETF,ETF,NYSE ARCA
THTA,SoFi Enhanced Yield ETF,ETF,NYSE ARCA
THW,abrdn World Healthcare Fund Shares of Beneficial Interest,EQUITY,NYSE
THY,Toews Agility Shares Dynamic Tactical Income ETF,ETF,NYSE ARCA
THYF,T. Rowe Price U.S. High Yield ETF,ETF,NYSE ARCA
TIC,"TIC Solutions, Inc. Common Stock",EQUITY,NYSE
TIER,T. Rowe Price International Equity Research ETF,ETF,NYSE ARCA
TII,Titan Mining Corporation Common Shares,EQUITY,NYSE AMERICAN
TIIV,AAM Todd International Intrinsic Value ETF,ETF,NYSE ARCA
TILL,Teucrium Agricultural Strategy No K-1 ETF,ETF,NYSE ARCA
TILT,Northern Trust Morningstar US Market Factor Tilt ETF,ETF,BATS
TIMB,TIM S.A. American Depositary Shares (Each representing 5 Common Shares),EQUITY,NYSE
TIME,Clockwise U.S. Core Equity ETF,ETF,NYSE ARCA
TINS,Templeton International Insights ETF,ETF,NYSE ARCA
TINT,ProShares Smart Materials ETF,ETF,NYSE ARCA
TINY,ProShares Nanotechnology ETF,ETF,NYSE ARCA
TIP,iShares TIPS Bond ETF,ETF,NYSE ARCA
TIPA,Northern Trust 2030 Inflation-Linked Distributing Ladder ETF,ETF,NYSE ARCA
TIPB,Northern Trust 2035 Inflation-Linked Distributing Ladder ETF,ETF,NYSE ARCA
TIPC,Northern Trust 2045 Inflation-Linked Distributing Ladder ETF,ETF,NYSE ARCA
TIPD,Northern Trust 2055 Inflation-Linked Distributing Ladder ETF,ETF,NYSE ARCA
TIPE,Northern Trust 2031 Inflation-Linked Distributing Ladder ETF,ETF,NYSE ARCA
TIPF,Northern Trust 2036 Inflation-Linked Distributing Ladder ETF,ETF,NYSE ARCA
TIPG,Northern Trust 2046 Inflation-Linked Distributing Ladder ETF,ETF,NYSE ARCA
TIPH,Northern Trust 2056 Inflation-Linked Distributing Ladder ETF,ETF,NYSE ARCA
TIPX,State Street SPDR Bloomberg 1a??10 Year TIPS ETF,ETF,NYSE ARCA
TIPZ,PIMCO Broad U.S. TIPS Index Exchange-Traded Fund,ETF,NYSE ARCA
TISI,"Team, Inc. Common Stock",EQUITY,NYSE
TIZE,TCW Securitized Income ETF,ETF,NYSE ARCA
TJAN,Innovator Equity Defined Protection ETF - 2 Yr to January 2027,ETF,BATS
TJUL,Innovator Equity Defined Protection ETF - 2 Yr to July 2027,ETF,BATS
TJUN,FT Vest Emerging Markets Buffer ETF - June,ETF,BATS
TJX,"TJX Companies, Inc. (The) Common Stock",EQUITY,NYSE
TK,Teekay Corporation Ltd. Common Stock,EQUITY,NYSE
TKC,Turkcell Iletisim Hizmetleri AS Common Stock,EQUITY,NYSE
TKNQ,Amplify Tokenization Technology Leaders ETF,ETF,NYSE ARCA
TKNZ,T. Rowe Price Active Crypto ETF,ETF,NYSE ARCA
TKO,"TKO Group Holdings, Inc. Class A Common Stock",EQUITY,NYSE
TKR,Timken Company (The) Common Stock,EQUITY,NYSE
TLCI,Touchstone International Equity ETF,ETF,NYSE ARCA
TLDR,The Laddered T-Bill ETF,ETF,BATS
TLH,iShares 10-20 Year Treasury Bond ETF,ETF,NYSE ARCA
TLIE,American Beacon The London Company Income Equity ETF,ETF,NYSE ARCA
TLK,"PT Telekomunikasi Indonesia, Tbk",EQUITY,NYSE
TLTD,Northern Trust Morningstar Developed Markets ex-US Factor Tilt ETF,ETF,NYSE ARCA
TLTE,Northern Trust Morningstar Emerging Markets Factor Tilt ETF,ETF,NYSE ARCA
TLTI,NEOS Enhanced Income 20+ Year Treasury Bond ETF,ETF,BATS
TLTP,Amplify TLT U.S. Treasury 12% Option Income ETF,ETF,BATS
TLTW,iShares 20+ Year Treasury Bond BuyWrite Strategy ETF,ETF,BATS
TLTX,Global X Treasury Bond Enhanced Income ETF,ETF,BATS
TLYS,"Tilly's, Inc. Common Stock",EQUITY,NYSE
TM,Toyota Motor Corporation Common Stock,EQUITY,NYSE
TMAR,FT Vest Emerging Markets Buffer ETF - March,ETF,BATS
TMAT,Main Thematic Innovation ETF,ETF,BATS
TMDE,TMD Energy Limited Ordinary Shares,EQUITY,NYSE AMERICAN
TMDV,ProShares Russell US Dividend Growers ETF,ETF,BATS
TME,"Tencent Music Entertainment Group American Depositary Shares, each representing two Class A Ordinary Shares",EQUITY,NYSE
TMF,Direxion Daily 20-Yr Treasury Bull 3x Shrs,ETF,NYSE ARCA
TMFC,Motley Fool 100 Index ETF,ETF,BATS
TMFE,Motley Fool Capital Efficiency 100 Index ETF,ETF,BATS
TMFG,Motley Fool Global Opportunities ETF,ETF,BATS
TMFM,Motley Fool Mid-Cap Growth ETF,ETF,BATS
TMFS,Motley Fool Small-Cap Growth ETF,ETF,BATS
TMFX,Motley Fool Next Index ETF,ETF,BATS
TMGN,TappAlpha Cboe Magnificent 10 Growth & Daily Income ETF,ETF,BATS
TMH,Toyota Motor Corporation ADRhedged,ETF,NYSE ARCA
TMLP,Tortoise MLP ETF,ETF,NYSE ARCA
TMO,Thermo Fisher Scientific Inc Common Stock,EQUITY,NYSE
TMP,Tompkins Financial Corporation Common Stock,EQUITY,NYSE AMERICAN
TMQ,Trilogy Metals Inc. Common Stock,EQUITY,NYSE AMERICAN
TMSL,T. Rowe Price Small-Mid Cap ETF,ETF,NYSE ARCA
TMV,Direxion Daily 20-Year Treasury Bear 3X,ETF,NYSE ARCA
TMVE,Thrivent Mid Cap Value ETF,ETF,NYSE ARCA
TNA,Direxion Small Cap Bull 3X ETF,ETF,NYSE ARCA
TNC,Tennant Company Common Stock,EQUITY,NYSE
TNET,"TriNet Group, Inc. Common Stock",EQUITY,NYSE
TNGY,Tortoise Energy ETF,ETF,NYSE
TNK,Teekay Tankers Ltd.,EQUITY,NYSE
TNL,Travel   Leisure Co. Common  Stock,EQUITY,NYSE
TNUK,Tortoise Nuclear Renaissance ETF,ETF,NYSE ARCA
TOAK,Manager Directed Portfolios Twin Oak Short Horizon Absolute Return ETF,ETF,NYSE ARCA
TOAO,Twin Oak Active Opportunities III ETF,ETF,BATS
TOCT,Innovator Equity Defined Protection ETF - 2 Yr to October 2027,ETF,BATS
TOGA,Managed Portfolio Series Tremblant Global ETF,ETF,NYSE ARCA
TOK,iShares MSCI Kokusai ETF,ETF,NYSE ARCA
TOL,"Toll Brothers, Inc. Common Stock",EQUITY,NYSE
TOLL,Tema Monopolies and Oligopolies ETF,ETF,BATS
TOLZ,ProShares DJ Brookfield Global Infrastructure ETF,ETF,NYSE ARCA
TONT,Graf Global Corp. Class A ordinary shares,EQUITY,NYSE AMERICAN
TOON,"Kartoon Studios, Inc. Common Stock",EQUITY,NYSE AMERICAN
TOPC,iShares S&P 500 3% Capped ETF,ETF,NYSE ARCA
TOPP,Toppoint Holdings Inc. Common Stock,EQUITY,NYSE AMERICAN
TOPS,"TOP Ships, Inc. Common Stock",EQUITY,NYSE AMERICAN
TOPT,iShares Top 20 U.S. Stocks ETF,ETF,NYSE ARCA
TOPW,Roundhill Top WeeklyPay ETF,ETF,BATS
TOS,Twin Oak Strategic Solutions ETF,ETF,BATS
TOST,"Toast, Inc. Class A Common Stock",EQUITY,NYSE
TOT,LionShares U.S. Equity Total Return ETF,ETF,NYSE ARCA
TOTL,State Street DoubleLine Total Return Tactical ETF,ETF,NYSE ARCA
TOTR,T. Rowe Price Total Return ETF,ETF,NYSE ARCA
TOUS,T. Rowe Price International Equity ETF,ETF,NYSE ARCA
TOV,JLens 500 Jewish Advocacy U.S. ETF,ETF,NYSE ARCA
TOVX,"Theriva Biologics, Inc. Common Stock",EQUITY,NYSE AMERICAN
TOXR,21Shares XRP ETF,ETF,BATS
TP,Ticketplus Ltd. Ordinary Shares,EQUITY,NYSE AMERICAN
TPAY,Roundhill S&P 500 Target 10 Managed Distribution ETF,ETF,BATS
TPB,"Turning Point Brands, Inc. Common Stock",EQUITY,NYSE
TPC,Tutor Perini Corporation Common Stock,EQUITY,NYSE
TPEI,MicroSectors -3x Short Taiwan ETNs,ETF,BATS
TPET,Trio Petroleum Corp. Common Stock,EQUITY,NYSE AMERICAN
TPFC,Timothy Plan Free Cash Flow ETF,ETF,NYSE ARCA
TPFG,Timothy Plan Free Cash Flow Growth ETF,ETF,NYSE ARCA
TPFI,Timothy Plan Fixed Income ETF,ETF,NYSE ARCA
TPHD,Timothy Plan High Dividend Stock ETF,ETF,NYSE ARCA
TPIF,Timothy Plan International ETF,ETF,NYSE ARCA
TPL,Texas Pacific Land Corporation Common Stock,EQUITY,NYSE
TPLC,Timothy Plan US Large/Mid Cap Core ETF,ETF,NYSE ARCA
TPLX,Corgi TPL 2x Daily ETF,ETF,BATS
TPOR,Direxion Daily Transportation Bull 3X ETF,ETF,NYSE ARCA
TPR,"Tapestry, Inc. Common Stock",EQUITY,NYSE
TPRY,VistaShares Target 15 TEPRTantrum Contrarian Distribution ETF,ETF,NYSE ARCA
TPSC,Timothy Plan US Small Cap Core ETF,ETF,NYSE ARCA
TPUT,T. Rowe Price Capital Appreciation Market Opportunities ETF,ETF,NYSE ARCA
TPVG,TriplePoint Venture Growth BDC Corp. Common Stock,EQUITY,NYSE
TPYP,Tortoise North American Pipeline ETF,ETF,NYSE
TPZ,Tortoise Electrification Infrastructure ETF,ETF,NYSE
TR,"Tootsie Roll Industries, Inc. Common Stock",EQUITY,NYSE
TRAD,APEX Tech Acquisition Inc. Ordinary Shares,EQUITY,NYSE
TRAK,"ReposiTrak, Inc. Common Stock",EQUITY,NYSE
TRC,Tejon Ranch Co Common Stock,EQUITY,NYSE
TREX,"Trex Company, Inc. Common Stock",EQUITY,NYSE
TRFK,Pacer Data and Digital Revolution ETF,ETF,NYSE ARCA
TRFM,AAM Transformers ETF,ETF,NYSE ARCA
TRGP,"Targa Resources, Inc. Common Stock",EQUITY,NYSE
TRIN,Trinity Capital Inc. Common Stock,EQUITY,NYSE
TRIO,MC Trio Equity Buffered ETF,ETF,BATS
TRLV,Trulieve Cannabis Corp. Subordinate Voting Shares,EQUITY,NYSE
TRN,"Trinity Industries, Inc. Common Stock",EQUITY,NYSE
TRND,Pacer Trendpilot Fund of Funds ETF,ETF,NYSE ARCA
TRNO,Terreno Realty Corporation Common Stock,EQUITY,NYSE
TROT,Invesco MSCI Treasury Duration Rotation ETF,ETF,NYSE ARCA
TROX,Tronox Holdings plc Ordinary Shares (UK),EQUITY,NYSE
TRP,TC Energy Corporation Common Stock,EQUITY,NYSE
TRPA,Hartford AAA CLO ETF,ETF,BATS
TRSY,Xtrackers US 0-1 Year Treasury ETF,ETF,BATS
TRTN$A,Triton International Limited 8.50% Series A Cumulative Redeemable Perpetual  Preference Shares,EQUITY,NYSE
TRTN$B,Triton International Limited 8.00% Series B Cumulative Redeemable Perpetual Preference Shares,EQUITY,NYSE
TRTN$C,Triton International Limited 7.375% Series C Cumulative Redeemable Perpetual Preference Shares,EQUITY,NYSE
TRTN$D,Triton International Limited 6.875% Series D Cumulative Redeemable Perpetual Preference Shares,EQUITY,NYSE
TRTN$E,Triton International Limited 5.75% Series E Cumulative Redeemable Perpetual Preference Shares,EQUITY,NYSE
TRTN$F,Triton International Limited 7.625% Series F Cumulative Redeemable Perpetual Preference Shares,EQUITY,NYSE
TRTN$G,Triton International Limited 7.500% Series G Cumulative Redeemable Perpetual Preference Shares,EQUITY,NYSE
TRTX,"TPG RE Finance Trust, Inc. Common Stock",EQUITY,NYSE
TRTY,Cambria Trinity ETF,ETF,BATS
TRU,TransUnion Common Stock,EQUITY,NYSE
TRV,"The Travelers Companies, Inc. Common Stock",EQUITY,NYSE
TRX,TRX Gold Corporation Common Stock,EQUITY,NYSE AMERICAN
TRXS,Canary Staked TRX ETF,ETF,BATS
TS,Tenaris S.A. American Depositary Shares,EQUITY,NYSE
TSCV,Thrivent Small Cap Value ETF,ETF,NYSE ARCA
TSCZ,T. Rowe Price Securitized Income ETF,ETF,NYSE ARCA
TSEC,Touchstone Securitized Income ETF,ETF,NYSE ARCA
TSEG,Leverage Shares 2X Long TSEM Daily ETF,ETF,BATS
TSEP,FT Vest Emerging Market Buffer ETF - September,ETF,BATS
TSES,Truth Social American Energy Security ETF,ETF,NYSE ARCA
TSEU,Tradr 2X Long TSEM Daily ETF,ETF,BATS
TSI,"TCW Strategic Income Fund, Inc. Common Stock",EQUITY,NYSE
TSIB,Direxion TSLA Defined Income Boost ETF,ETF,BATS
TSIC,Truth Social American Icons ETF,ETF,NYSE ARCA
TSII,REX TSLA Growth & Income ETF,ETF,BATS
TSLI,ProShares Ultra TSLA,ETF,NYSE ARCA
TSLP,Kurv Yield Premium Strategy Tesla (TSLA) ETF,ETF,BATS
TSLT,T-REX 2X Long Tesla Daily Target ETF,ETF,BATS
TSLW,Roundhill TSLA WeeklyPay ETF,ETF,BATS
TSLX,"Sixth Street Specialty Lending, Inc. Common Stock",EQUITY,NYSE
TSLY,YieldMax TSLA Option Income Strategy ETF,ETF,NYSE ARCA
TSLZ,T-Rex 2X Inverse Tesla Daily Target ETF,ETF,BATS
TSM,Taiwan Semiconductor Manufacturing Company Ltd.,EQUITY,NYSE
TSME,Thrivent Small-Mid Cap Equity ETF,ETF,NYSE ARCA
TSMY,YieldMax TSM Option Income Strategy ETF,ETF,NYSE ARCA
TSN,"Tyson Foods, Inc. Common Stock",EQUITY,NYSE
TSNF,Truth Social American Next Frontiers ETF,ETF,NYSE ARCA
TSOL,21Shares Solana ETF,ETF,BATS
TSPA,T. Rowe Price U.S. Equity Research ETF,ETF,NYSE ARCA
TSPX,Twin Oak Active Opportunities ETF,ETF,BATS
TSQ,"Townsquare Media, Inc. Class A Common Stock",EQUITY,NYSE
TSRS,Truth Social American Red State REITs ETF,ETF,NYSE ARCA
TSSD,Truth Social American Security & Defense ETF,ETF,NYSE ARCA
TSXD,Direxion Daily Semiconductors Top 5 Bear 2X ETF,ETF,NYSE ARCA
TSXU,Direxion Daily Semiconductors Top 5 Bull 2X ETF,ETF,NYSE ARCA
TSYW,Roundhill Treasury Bond WeeklyPay ETF,ETF,BATS
TT,Trane Technologies plc,EQUITY,NYSE
TTAM,Titan America SA Common Shares,EQUITY,NYSE
TTC,Toro Company (The) Common Stock,EQUITY,NYSE
TTDU,T-REX 2X Long TTD Daily Target ETF,ETF,BATS
TTE,TotalEnergies SE Ordinary Shares,EQUITY,NYSE
TTI,"Tetra Technologies, Inc. Common Stock",EQUITY,NYSE
TTMX,Tradr 2X Long TTMI Daily ETF,ETF,BATS
TTOP,21Shares FTSE Crypto 10 Index ETF,ETF,NYSE ARCA
TTT,ProShares UltraPro Short 20 Year Treasury,ETF,NYSE ARCA
TTXD,Direxion Daily Technology Top 5 Bear 2X ETF,ETF,NYSE ARCA
TTXU,Direxion Daily Technology Top 5 Bull 2X ETF,ETF,NYSE ARCA
TU,Telus Corporation Ordinary Shares,EQUITY,NYSE
TUA,Simplify Short Term Treasury Futures Strategy ETF,ETF,NYSE ARCA
TUSB,Thrivent Ultra Short Bond ETF,ETF,NYSE ARCA
TUSI,Touchstone Ultra Short Income ETF,ETF,BATS
TUYA,"Tuya Inc. American Depositary Shares, each representing one Class A Ordinary Share",EQUITY,NYSE
TV,Grupo Televisa S.A.B. Common Stock,EQUITY,NYSE
TVAL,T. Rowe Price Value ETF,ETF,NYSE ARCA
TVC,Tennessee Valley Authority Common Stock,EQUITY,NYSE
TVE,Tennessee Valley Authority,EQUITY,NYSE
TWI,"Titan International, Inc. (DE) Common Stock",EQUITY,NYSE
TWLO,Twilio Inc. Class A Common Stock,EQUITY,NYSE
TWM,ProShares UltraShort Russell2000,ETF,NYSE ARCA
TWN,"Taiwan Fund, Inc. (The) Common Stock",EQUITY,NYSE
TWOX,iShares Large Cap Accelerated Outcome ETF,ETF,BATS
TWSC,Corgi TSM 2x Daily ETF,ETF,BATS
TX,"Ternium S.A. Ternium S.A. American Depositary Shares (each representing ten shares, USD1.00 par value)",EQUITY,NYSE
TXBC,21Shares FTSE Crypto 10 ex-BTC Index ETF,ETF,NYSE ARCA
TXNM,"TXNM Energy, Inc. Common Stock",EQUITY,NYSE
TXNU,Direxion Daily TXN Bull 2X ETF,ETF,NYSE ARCA
TXS,Texas Capital Texas Equity Index ETF,ETF,F
TXT,Textron Inc. Common Stock,EQUITY,NYSE
TXXI,BondBloxx IR+M Tax-Aware Intermediate Duration ETF,ETF,NYSE ARCA
TY,Tri Continental Corporation Common Stock,EQUITY,NYSE
TYA,Simplify Intermediate Term Treasury Futures Strategy ETF,ETF,BATS
TYD,Direxion Daily 10-Yr Treasury Bull 3x Shrs,ETF,NYSE ARCA
TYG,Tortoise Energy Infrastructure Corporation Common Stock,EQUITY,NYSE
TYL,"Tyler Technologies, Inc. Common Stock",EQUITY,NYSE
TYLD,Cambria Tactical Yield ETF,ETF,BATS
TYLG,Global X Information Technology Covered Call & Growth ETF,ETF,NYSE ARCA
TYO,Direxion Daily 10-Yr Treasury Bear 3x Shrs,ETF,NYSE ARCA
TYYY,xETFs TSLA Daily Income ETF,ETF,NYSE ARCA
TZA,Direxion Small Cap Bear 3X ETF,ETF,NYSE ARCA
U,Unity Software Inc. Common Stock,EQUITY,NYSE
UA,"Under Armour, Inc. Class C Common Stock",EQUITY,NYSE
UAA,"Under Armour, Inc. Class A Common Stock",EQUITY,NYSE
UAC,United Acquisition Corp. I Class A Ordinary Shares,EQUITY,NYSE AMERICAN
UAMY,United States Antimony Corporation Common Stock,EQUITY,NYSE
UAPR,Innovator U.S. Equity Ultra Buffer ETF - April,ETF,BATS
UAUG,Innovator U.S. Equity Ultra Buffer ETF - August,ETF,BATS
UAVS,"AgEagle Aerial Systems, Inc. Common Stock",EQUITY,NYSE AMERICAN
UBER,"Uber Technologies, Inc. Common Stock",EQUITY,NYSE
UBEW,Roundhill UBER WeeklyPay ETF,ETF,BATS
UBOT,"Direxion Daily Robotics, Artificial Intelligence & Automation Index Bull 2X ETF",ETF,NYSE ARCA
UBR,ProShares Ultra MSCI Brazil Capped,ETF,NYSE ARCA
UBS,UBS Group AG Registered Ordinary Shares,EQUITY,NYSE
UBT,ProShares Ultra 20+ Year Treasury,ETF,NYSE ARCA
UCB,"United Community Banks, Inc. Common Stock",EQUITY,NYSE
UCBG,State Street SPDR UC Investments 90/10 Endowment Strategy Index ETF,ETF,NYSE ARCA
UCC,ProShares Ultra Consumer Discretionary,ETF,NYSE ARCA
UCIB,"ETRACS UBS Bloomberg Constant Maturity Commodity Index (CMCI) Total Return ETN Series B due April 5, 2038",EQUITY,NYSE ARCA
UCO,ProShares Ultra Bloomberg Crude Oil,ETF,NYSE ARCA
UCON,First Trust Smith Unconstrained Bond ETF,ETF,NYSE ARCA
UCOP,ProShares Ultra Copper K-1 Free ETF,ETF,NYSE ARCA
UCTX,Corgi UCTT 2x Daily ETF,ETF,BATS
UDEC,Innovator U.S. Equity Ultra Buffer ETF - December,ETF,BATS
UDI,USCF Dividend Income Fund,ETF,NYSE ARCA
UDIV,Franklin U.S. Core Dividend Tilt Index ETF,ETF,NYSE ARCA
UDN,Invesco DB USD Index Bearish ETF,ETF,NYSE ARCA
UDOW,ProShares UltraPro Dow30,ETF,NYSE ARCA
UDR,"UDR, Inc. Common Stock",EQUITY,NYSE
UE,Urban Edge Properties Common Shares of Beneficial Interest,EQUITY,NYSE
UEC,Uranium Energy Corp. Common Stock,EQUITY,NYSE AMERICAN
UFEB,Innovator U.S. Equity Ultra Buffer ETF - February,ETF,BATS
UFI,"Unifi, Inc. New Common Stock",EQUITY,NYSE
UFOD,Tuttle Capital UFO Disclosure ETF,ETF,BATS
UGA,United States Gasoline Fund LP,ETF,NYSE ARCA
UGE,ProShares Ultra Consumer Staples,ETF,NYSE ARCA
UGI,UGI Corporation Common Stock,EQUITY,NYSE
UGL,ProShares Ultra Gold,ETF,NYSE ARCA
UGLD,Direxion Daily Gold Bull 2X ETF,ETF,NYSE ARCA
UGP,Ultrapar Participacoes S.A. (New) American Depositary Shares (Each representing one Common Share),EQUITY,NYSE
UHAL,U-Haul Holding Company Common Stock,EQUITY,NYSE
UHAL-B,U-Haul Holding Company Series N Non-Voting Common Stock,EQUITY,NYSE
UHS,"Universal Health Services, Inc. Common Stock",EQUITY,NYSE
UHT,Universal Health Realty Income Trust Common Stock,EQUITY,NYSE
UI,Ubiquiti Inc. Common Stock,EQUITY,NYSE
UIS,Unisys Corporation New Common Stock,EQUITY,NYSE
UJAN,Innovator U.S. Equity Ultra Buffer ETF - January,ETF,BATS
UJB,ProShares Ultra High Yield ETF,ETF,NYSE ARCA
UJUL,Innovator U.S. Equity Ultra Buffer ETF - July,ETF,BATS
UJUN,Innovator U.S. Equity Ultra Buffer ETF - June,ETF,BATS
UL,Unilever PLC American Depositary Shares (each representing One Ordinary Share),EQUITY,NYSE
ULE,ProShares Ultra Euro,ETF,NYSE ARCA
ULS,UL Solutions Inc. Class A Common Stock,EQUITY,NYSE
ULST,State Street Ultra Short Term Bond ETF,ETF,NYSE ARCA
ULTY,YieldMax Ultra Option Income Strategy ETF,ETF,NYSE ARCA
UMAC,"Unusual Machines, Inc. Common Stock",EQUITY,NYSE AMERICAN
UMAL,Defiance Daily Target 2X Long UMAC ETF,ETF,BATS
UMAR,Innovator U.S. Equity Ultra Buffer ETF - March,ETF,BATS
UMAY,Innovator U.S. Equity Ultra Buffer ETF - May,ETF,BATS
UMC,United Microelectronics Corporation (NEW) Common Stock,EQUITY,NYSE
UMCU,Tradr 2X Long UMC Daily ETF,ETF,BATS
UMCX,Corgi UMC 2x Daily ETF,ETF,BATS
UMDD,UltraPro MidCap400,ETF,NYSE ARCA
UMH,"UMH Properties, Inc. Common Stock",EQUITY,NYSE
UMI,USCF Midstream Energy Income Fund ETF,ETF,NYSE ARCA
UN,Corgi UNH 2x Daily ETF,ETF,BATS
UNF,Unifirst Corporation Common Stock,EQUITY,NYSE
UNFI,"United Natural Foods, Inc. Common Stock",EQUITY,NYSE
UNG,United States Natural Gas Fund LP,ETF,NYSE ARCA
UNH,UnitedHealth Group Incorporated Common Stock (DE),EQUITY,NYSE
UNHU,Direxion Daily UNH Bull 2X ETF,ETF,NYSE ARCA
UNHW,Roundhill UNH WeeklyPay ETF,ETF,BATS
UNL,United States 12 Month Natural Gas Fund,ETF,NYSE ARCA
UNM,Unum Group Common Stock,EQUITY,NYSE
UNOV,Innovator U.S. Equity Ultra Buffer ETF - November,ETF,BATS
UNP,Union Pacific Corporation Common Stock,EQUITY,NYSE
UNX,Tradr 2X Long U Daily ETF,ETF,BATS
UOCT,Innovator U.S. Equity Ultra Buffer ETF - October,ETF,BATS
UP,Wheels Up Experience Inc. Class A Common Stock,EQUITY,NYSE
UPAL,ProShares Ultra Palladium K-1 Free ETF,ETF,NYSE ARCA
UPAR,UPAR Ultra Risk Parity ETF,ETF,NYSE ARCA
UPGD,Invesco Bloomberg Analyst Rating Improvers ETF,ETF,NYSE ARCA
UPLT,ProShares Ultra Platinum K-1 Free ETF,ETF,NYSE ARCA
UPRO,ProShares UltraPro S&P 500,ETF,NYSE ARCA
UPS,"United Parcel Service, Inc. Common Stock",EQUITY,NYSE
UPSC,Corgi UPST 2x Daily ETF,ETF,BATS
UPSD,Aptus Large Cap Upside ETF,ETF,BATS
UPSX,Tradr 2X Long UPST Daily ETF,ETF,BATS
UPV,ProShares Ultra FTSE Europe,ETF,NYSE ARCA
UPW,ProShares Ultra Utilities,ETF,NYSE ARCA
URA,Global X Uranium ETF,ETF,NYSE ARCA
URAA,Direxion Daily Uranium Industry Bull 2X ETF,ETF,NYSE ARCA
URAN,Themes Uranium & Nuclear ETF,ETF,BATS
URE,ProShares Ultra Real Estate,ETF,NYSE ARCA
URG,Ur Energy Inc Common Shares (Canada),EQUITY,NYSE AMERICAN
URI,"United Rentals, Inc. Common Stock",EQUITY,NYSE
URNM,Sprott Uranium Miners ETF,ETF,NYSE ARCA
URSP,ProShares Ultra S&P 500 Equal Weight,ETF,NYSE ARCA
URTH,iShares MSCI World ETF,ETF,NYSE ARCA
URTY,ProShares UltraPro Russell2000,ETF,NYSE ARCA
USA,Liberty All-Star Equity Fund Common Stock,EQUITY,NYSE
USAI,Pacer American Energy Infrastructure ETF,ETF,NYSE ARCA
USAS,"Americas Gold and Silver Corporation Common Shares, no par value",EQUITY,NYSE AMERICAN
USAX,Tradr 2X Long USAR Daily ETF,ETF,BATS
USB,U.S. Bancorp Common Stock,EQUITY,NYSE
USB$A,"U.S. Bancorp Depositary Shares, Each representing a 1/100th interest in a share of Series A Non-CumulativePerpetual Pfd Stock",EQUITY,NYSE
USB$H,U.S. Bancorp Depositary Shares repstg 1/1000th Pfd Ser B,EQUITY,NYSE
USBC,"USBC, Inc. Common Stock",EQUITY,NYSE AMERICAN
USCA,Xtrackers MSCI USA Climate Action Equity ETF,ETF,NYSE ARCA
USCI,United States Commodity Index Fund ETV,ETF,NYSE ARCA
USD,ProShares Ultra Semiconductors,ETF,NYSE ARCA
USDU,WisdomTree Bloomberg U.S. Dollar Bullish Fund,ETF,NYSE ARCA
USE,USCF Energy Commodity Strategy Absolute Return Fund,ETF,NYSE ARCA
USEP,Innovator U.S. Equity Ultra Buffer ETF - September,ETF,BATS
USEW,Cambria US EW ETF,ETF,BATS
USFD,US Foods Holding Corp. Common Stock,EQUITY,NYSE
USFE,First Eagle US Equity ETF,ETF,NYSE ARCA
USFR,WisdomTree Floating Rate Treasury Fund,ETF,NYSE ARCA
USG,USCF Gold Strategy Plus Income Fund,ETF,NYSE ARCA
USGX,Corgi U.S. Growth 2x Daily ETF,ETF,BATS
USHY,iShares Broad USD High Yield Corporate Bond ETF,ETF,BATS
USL,United States 12 Month Oil,ETF,NYSE ARCA
USLN,iShares Broad USD Floating Rate Loan ETF,ETF,BATS
USLV,Direxion Daily Silver Bull 2X ETF,ETF,NYSE ARCA
USLX,Corgi U.S. Large-Cap 2x Daily ETF,ETF,BATS
USMD,CoreValues America First Technology ETF,ETF,NYSE ARCA
USMF,WisdomTree U.S. Multifactor Fund,ETF,BATS
USMV,iShares MSCI USA Min Vol Factor ETF,ETF,BATS
USMX,Corgi U.S. Mid-Cap 2x Daily ETF,ETF,BATS
USNA,"USANA Health Sciences, Inc. Common Stock",EQUITY,NYSE
USNG,Amplify Samsung U.S. Natural Gas Infrastructure ETF,ETF,NYSE ARCA
USNZ,Xtrackers Net Zero Pathway Paris Aligned US Equity ETF,ETF,NYSE ARCA
USO,United States Oil Fund,ETF,NYSE ARCA
USPH,"U.S. Physical Therapy, Inc. Common Stock",EQUITY,NYSE
USPX,Franklin U.S. Equity Index ETF,ETF,NYSE ARCA
USRT,iShares Core U.S. REIT ETF,ETF,NYSE ARCA
USSE,Segall Bryant & Hamill Trust Segall Bryant & Hamill Select Equity ETF,ETF,NYSE ARCA
USSG,Xtrackers MSCI USA Selection Equity ETF,ETF,NYSE ARCA
USSX,Corgi U.S. Small-Cap 2x Daily ETF,ETF,BATS
UST,ProShares Ultra 7-10 Year Treasury,ETF,NYSE ARCA
USX,Corgi Total U.S. Market 2x Daily ETF,ETF,BATS
UTES,Virtus Reaves Utilities ETF,ETF,NYSE ARCA
UTF,"Cohen & Steers Infrastructure Fund, Inc Common Stock",EQUITY,NYSE
UTG,Reaves Utility Income Fund Common Shares of Beneficial Interest,EQUITY,NYSE AMERICAN
UTI,Universal Technical Institute Inc Common Stock,EQUITY,NYSE
UTL,UNITIL Corporation Common Stock,EQUITY,NYSE
UTSL,Direxion Daily Utilities Bull 3X ETF,ETF,NYSE ARCA
UTZ,Utz Brands Inc Class A Common Stock,EQUITY,NYSE
UUP,Invesco DB USD Index Bullish Fund ETF,ETF,NYSE ARCA
UUPP,Principal CLO ETF,ETF,BATS
UUU,"Universal Safety Products, Inc. Common Stock",EQUITY,NYSE AMERICAN
UUUC,Corgi UUUU 2x Daily ETF,ETF,BATS
UUUU,Energy Fuels Inc Ordinary Shares (Canada),EQUITY,NYSE AMERICAN
UVE,UNIVERSAL INSURANCE HOLDINGS INC Common Stock,EQUITY,NYSE
UVIX,2x Long VIX Futures ETF,ETF,BATS
UVV,Universal Corporation Common Stock,EQUITY,NYSE
UVXY,ProShares Ultra VIX Short Term Futures ETF,ETF,BATS
UWM,ProShares Ultra Russell2000,ETF,NYSE ARCA
UWMC,UWM Holdings Corporation Class A Common Stock,EQUITY,NYSE
UX,Roundhill Uranium ETF,ETF,BATS
UXAP,FT Vest U.S. Equity Uncapped Accelerator ETF - April,ETF,BATS
UXI,ProShares Ultra Industrials,ETF,NYSE ARCA
UXJA,FT Vest U.S. Equity Uncapped Accelerator ETF - January,ETF,BATS
UXJL,FT Vest U.S. Equity Uncapped Accelerator ETF - July,ETF,BATS
UXOC,FT Vest U.S. Equity Uncapped Accelerator ETF - October,ETF,BATS
UXRP,ProShares Ultra XRP ETF,ETF,NYSE ARCA
UYG,ProShares Ultra Financials,ETF,NYSE ARCA
UYM,ProShares Ultra Materials,ETF,NYSE ARCA
V,Visa Inc.,EQUITY,NYSE
VABS,Virtus Newfleet ABS/MBS ETF,ETF,NYSE ARCA
VAC,Marriott Vacations Worldwide Corporation Common Stock,EQUITY,NYSE
VACI,Viking Acquisition Corp. I Class A Ordinary Shares,EQUITY,NYSE
VAIC,VegaShares US Equity Autocallable Conservative Income ETF,ETF,NYSE ARCA
VAIE,VegaShares US Equity Autocallable Income ETF,ETF,NYSE ARCA
VAL,Valaris Limited Common Shares,EQUITY,NYSE
VALE,VALE S.A.  American Depositary Shares Each Representing one common share,EQUITY,NYSE
VALQ,American Century U.S. Quality Value ETF,ETF,NYSE ARCA
VAMO,Cambria Value and Momentum ETF,ETF,BATS
VATE,INNOVATE Corp. Common Stock,EQUITY,NYSE
VAW,Vanguard Materials ETF,ETF,NYSE ARCA
VB,Vanguard Morningstar Small-Cap ETF,ETF,NYSE ARCA
VBF,Invesco Bond Fund Common Stock,EQUITY,NYSE
VBK,Vanguard Morningstar Small-Cap Growth ETF,ETF,NYSE ARCA
VBND,Vident U.S. Bond Strategy ETF,ETF,NYSE ARCA
VBR,Vanguard Morningstar Small-Cap Value ETF,ETF,NYSE ARCA
VCEB,Vanguard ESG U.S. Corporate Bond ETF,ETF,BATS
VCHY,Vanguard U.S. High-Yield Corporate Bond Index ETF,ETF,BATS
VCLN,Virtus Duff & Phelps Clean Energy ETF,ETF,NYSE ARCA
VCOB,Voya Core Bond ETF,ETF,NYSE ARCA
VCR,Vanguard Consumer Discretion ETF,ETF,NYSE ARCA
VCRM,Vanguard Core Tax-Exempt Bond ETF,ETF,BATS
VCV,Invesco California Value Municipal Income Trust Common Stock,EQUITY,NYSE
VCX,"Fundrise Innovation Fund, LLC Common Shares of Limited Liability Company Interests",EQUITY,NYSE
VDC,Vanguard Consumer Staples ETF,ETF,NYSE ARCA
VDE,Vanguard Energy ETF,ETF,NYSE ARCA
VDG,Vanguard Developed Markets ex-US Growth Index ETF,ETF,BATS
VDI,Virtus International Dividend ETF,ETF,NYSE ARCA
VDIG,Vanguard Wellington Dividend Growth Active ETF,ETF,BATS
VDV,Vanguard Developed Markets ex-US Value Index ETF,ETF,BATS
VEA,Vanguard FTSE Developed Markets ETF,ETF,NYSE ARCA
VECA,Vernal Capital Acquisition Corp. Ordinary Shares,EQUITY,NYSE
VEEV,Veeva Systems Inc. Class A Common Stock,EQUITY,NYSE
VEGA,AdvisorShares STAR Global Buy-Write ETF,ETF,NYSE ARCA
VEGI,iShares MSCI Agriculture Producers ETF,ETF,NYSE ARCA
VEGN,US Vegan Climate ETF,ETF,BATS
VEGX,International Vegan Climate ETF,ETF,BATS
VEL,"Velocity Financial, Inc. Common Stock",EQUITY,NYSE
VELL,Defiance Daily Target 2X Long VELO ETF,ETF,BATS
VEM,Virtus Emerging Markets Dividend ETF,ETF,NYSE ARCA
VEMY,Virtus Stone Harbor Emerging Markets High Yield Bond ETF,ETF,NYSE ARCA
VENU,Venu Holding Corporation Common Stock,EQUITY,NYSE AMERICAN
VERS,ProShares Metaverse ETF,ETF,NYSE ARCA
VET,Vermilion Energy Inc. Common (Canada),EQUITY,NYSE
VETZ,Academy Veteran Bond ETF,ETF,NYSE ARCA
VEU,Vanguard FTSE All World Ex US ETF,ETF,NYSE ARCA
VEXC,Vanguard Emerging Markets Ex-China ETF,ETF,NYSE ARCA
VFC,V.F. Corporation Common Stock,EQUITY,NYSE
VFH,Vanguard Financials ETF,ETF,NYSE ARCA
VFMF,Vanguard U.S. Multifactor ETF,ETF,BATS
VFMO,Vanguard U.S. Momentum Factor ETF,ETF,BATS
VFMV,Vanguard U.S. Minimum Volatility ETF,ETF,BATS
VFQY,Vanguard U.S. Quality Factor ETF,ETF,BATS
VFVA,Vanguard U.S. Value Factor ETF,ETF,BATS
VG,"Venture Global, Inc. Class A common stock",EQUITY,NYSE
VGHY,Vanguard High-Yield Active ETF,ETF,BATS
VGI,Virtus Global Multi-Sector Income Fund Common Shares of Beneficial Interest,EQUITY,NYSE
VGK,Vanguard FTSEEuropean ETF,ETF,NYSE ARCA
VGM,Invesco Trust for Investment Grade Municipals Common Stock (DE),EQUITY,NYSE
VGMS,Vanguard Multi-Sector Income Bond ETF,ETF,BATS
VGNT,Versigent PLC Ordinary Shares,EQUITY,NYSE
VGRO,Virtus Silvant Growth Opportunities ETF,ETF,NYSE ARCA
VGT,Vanguard Information Tech ETF,ETF,NYSE ARCA
VGVT,Vanguard Government Securities Active ETF,ETF,NYSE ARCA
VGZ,Vista Gold Corp Common Stock,EQUITY,NYSE AMERICAN
VHI,"Valhi, Inc. Common Stock",EQUITY,NYSE
VHT,Vanguard Health Care ETF,ETF,NYSE ARCA
VIA,"Via Transportation, Inc. Class A Common Stock",EQUITY,NYSE
VIAG,Leverage Shares 2X Long VIAV Daily ETF,ETF,BATS
VICI,VICI Properties Inc. Common Stock,EQUITY,NYSE
VIDA,VIDA Global Inc. Class A Common Stock,EQUITY,NYSE AMERICAN
VIDI,Vident International Equity Strategy ETF,ETF,NYSE ARCA
VIG,Vanguard Div Appreciation ETF,ETF,NYSE ARCA
VII,Viking Acquisition Corp. II Class A Ordinary Shares,EQUITY,NYSE
VIK,Viking Holdings Ltd Ordinary Shares,EQUITY,NYSE
VIOG,Vanguard S&P Small-Cap 600 Growth ETF,ETF,NYSE ARCA
VIOO,Vanguard S&P Small-Cap 600 ETF,ETF,NYSE ARCA
VIOV,Vanguard S&P Small-Cap 600 Value ETF,ETF,NYSE ARCA
VIPS,"Vipshop Holdings Limited American Depositary Shares, each representing two ordinary shares",EQUITY,NYSE
VIRT,"Virtu Financial, Inc. Class A Common Stock",EQUITY,NYSE
VIS,Vanguard Industrials ETF,ETF,NYSE ARCA
VIST,"Vista Energy S.A.B. de C.V. American Depositary Shares, each representing one series A share, with no par value",EQUITY,NYSE
VIV,Telefonica Brasil S.A. American Depositary Shares (Each representing One Common Share),EQUITY,NYSE
VIXM,VIX Mid-Term Futures ETF,ETF,BATS
VIXY,VIX Short-Term Futures ETF,ETF,BATS
VKI,Invesco Advantage Municipal Income Trust II Common Shares of Beneficial Interest (DE),EQUITY,NYSE AMERICAN
VKQ,Invesco Municipal Trust Common Stock,EQUITY,NYSE
VLN,Valens Semiconductor Ltd. Ordinary Shares,EQUITY,NYSE
VLO,Valero Energy Corporation Common Stock,EQUITY,NYSE
VLRS,"Controladora Vuela Compania de Aviacion, S.A.B. de C.V. American Depositary Shares, each representing ten (10) Ordinary Participation Certificates",EQUITY,NYSE
VLT,Invesco High Income Trust II,EQUITY,NYSE
VLTO,Veralto Corp Common Stock,EQUITY,NYSE
VLU,State Street SPDR S&P 1500 Value Tilt ETF,ETF,NYSE ARCA
VLUE,iShares MSCI USA Value Factor ETF,ETF,BATS
VMAX,Hartford US Value ETF,ETF,BATS
VMC,Vulcan Materials Company (Holding Company) Common Stock,EQUITY,NYSE
VMI,"Valmont Industries, Inc. Common Stock",EQUITY,NYSE
VMO,Invesco Municipal Opportunity Trust Common Stock,EQUITY,NYSE
VMRK,Vivmark Residential Common Shares of Beneficial Interest,EQUITY,NYSE
VMSB,Voya Multi-Sector Income ETF,ETF,NYSE ARCA
VNAM,Global X MSCI Vietnam ETF,ETF,NYSE ARCA
VNIE,Vontobel International Equity Active ETF,ETF,NYSE ARCA
VNLA,Janus Henderson Short Duration Income ETF,ETF,NYSE ARCA
VNM,VanEck Vietnam ETF,ETF,BATS
VNO,Vornado Realty Trust Common Stock,EQUITY,NYSE
VNO$L,Vornado Realty Trust Pfd Ser L %,EQUITY,NYSE
VNQ,Vanguard Real Estate ETF,ETF,NYSE ARCA
VNRX,VolitionRX Limited Common Stock,EQUITY,NYSE AMERICAN
VNSE,Natixis Vaughan Nelson Select ETF,ETF,NYSE ARCA
VNT,Vontier Corporation Common Stock,EQUITY,NYSE
VNTG,Vantage Corp Class A Ordinary Shares,EQUITY,NYSE AMERICAN
VO,Vanguard Morningstar Mid-Cap ETF,ETF,NYSE ARCA
VOE,Vanguard Morningstar Mid-Cap Value ETF,ETF,NYSE ARCA
VOO,Vanguard S&P 500 ETF,ETF,NYSE ARCA
VOOG,Vanguard S&P 500 Growth ETF,ETF,NYSE ARCA
VOOV,Vanguard S&P 500 Value ETF,ETF,NYSE ARCA
VOOY,XFUNDS Large Cap Income ETF,ETF,NYSE ARCA
VOT,Vanguard Morningstar Mid-Cap Growth ETF,ETF,NYSE ARCA
VOX,Vanguard Communication Services  ETF,ETF,NYSE ARCA
VOXP,Vox Populi ETF,ETF,BATS
VOYA,"Voya Financial, Inc. Common Stock",EQUITY,NYSE
VOYG,"Voyager Technologies, Inc. Class A Common Stock",EQUITY,NYSE
VPC,Virtus Private Credit Strategy ETF,ETF,NYSE ARCA
VPG,"Vishay Precision Group, Inc. Common Stock",EQUITY,NYSE
VPL,Vanguard FTSE Pacific ETF,ETF,NYSE ARCA
VPU,Vanguard Utilities ETF,ETF,NYSE ARCA
VPV,Invesco Pennsylvania Value Municipal Income Trust Common Stock (DE),EQUITY,NYSE
VPX,Variant Perception Cycle Aware US Equity ETF,ETF,NYSE ARCA
VRAI,Virtus Real Asset Income ETF,ETF,NYSE ARCA
VRC,Corgi VRT 2x Daily ETF,ETF,BATS
VRT,"Vertiv Holdings, LLC Class A Common Stock",EQUITY,NYSE
VRTS,"Virtus Investment Partners, Inc. Common Stock",EQUITY,NYSE
VSDB,Vanguard Short Duration Bond ETF,ETF,BATS
VSDM,Vanguard Short Duration Tax-Exempt Bond ETF,ETF,BATS
VSGX,Vanguard ESG International Stock ETF,ETF,BATS
VSH,"Vishay Intertechnology, Inc. Common Stock",EQUITY,NYSE
VSHY,Virtus Newfleet Short Duration High Yield Bond ETF,ETF,NYSE ARCA
VSLU,Applied Finance Valuation Large Cap ETF,ETF,NYSE ARCA
VSS,Vanguard FTSE All-Wld ex-US SmCp Idx ETF,ETF,NYSE ARCA
VST,Vistra Corp. Common Stock,EQUITY,NYSE
VSTS,Vestis Corporation Common Stock,EQUITY,NYSE
VSXY,Victorias Secret & Co. Common Stock,EQUITY,NYSE
VT,Vanguard Total World Stock Index ETF,ETF,NYSE ARCA
VTAK,"Catheter Precision, Inc. Common Stock",EQUITY,NYSE AMERICAN
VTEB,Vanguard Tax-Exempt Bond ETF,ETF,NYSE ARCA
VTEC,Vanguard California Tax-Exempt Bond ETF,ETF,BATS
VTEI,Vanguard Tax-Managed Funds Vanguard Intermediate-Term Tax-Exempt Bond ETF,ETF,BATS
VTEL,Vanguard Long-Term Tax-Exempt Bond ETF,ETF,BATS
VTES,Vanguard Wellington Fund Vanguard Short-Term Tax Exempt Bond ETF,ETF,NYSE ARCA
VTEX,VTEX Class A Common Shares,EQUITY,NYSE
VTG,Vanguard Total Treasury ETF,ETF,NYSE ARCA
VTI,Vanguard Morningstar Total Stock Market ETF,ETF,NYSE ARCA
VTMX,"Corporacion Inmobiliaria Vesta, S.A.B de C.V. American Depositary Shares, each representing ten (10) Common Shares",EQUITY,NYSE
VTN,Invesco Trust for Investment Grade New York Municipals Common Stock,EQUITY,NYSE
VTOL,"Bristow Group, Inc. Common Stock",EQUITY,NYSE
VTP,Vanguard Total Inflation-Protected Securities ETF,ETF,NYSE ARCA
VTR,"Ventas, Inc. Common Stock",EQUITY,NYSE
VTS,"Vitesse Energy, Inc. Common Stock",EQUITY,NYSE
VTV,Vanguard Morningstar Value ETF,ETF,NYSE ARCA
VUG,Vanguard Morningstar Growth ETF,ETF,NYSE ARCA
VUS,Virtus US Dividend ETF,ETF,NYSE ARCA
VUSB,Vanguard Ultra-Short Bond ETF,ETF,BATS
VUSE,Vident U.S. Equity Strategy ETF,ETF,NYSE ARCA
VUSG,Vanguard Wellington U.S. Growth Active ETF,ETF,BATS
VUSI,Voya Ultra Short Income ETF,ETF,NYSE ARCA
VUSV,Vanguard Wellington U.S. Value Active ETF,ETF,BATS
VV,Vanguard Morningstar Large-Cap ETF,ETF,NYSE ARCA
VVR,Invesco Senior Income Trust Common Stock (DE),EQUITY,NYSE
VVV,Valvoline Inc. Common Stock,EQUITY,NYSE
VVX,"V2X, Inc. Common Stock",EQUITY,NYSE
VWO,Vanguard FTSE Emerging Markets ETF,ETF,NYSE ARCA
VXF,Vanguard Extended Market ETF,ETF,NYSE ARCA
VXX,iPath Series B S&P 500 VIX Short-Term Futures ETN,EQUITY,BATS
VXZ,iPath Series B S&P 500 VIX Mid-Term Futures ETN,EQUITY,BATS
VYLD,"Inverse VIX Short-Term Futures ETNs due March 22, 2045",ETF,NYSE ARCA
VYM,Vanguard High Dividend Yield ETF,ETF,NYSE ARCA
VYX,NCR Voyix Corporation Common Stock,EQUITY,NYSE
VZ,Verizon Communications Inc. Common Stock,EQUITY,NYSE
VZLA,Vizsla Silver Corp. Common Shares,EQUITY,NYSE AMERICAN
W,Wayfair Inc. Class A Common Stock,EQUITY,NYSE
WAB,Westinghouse Air Brake Technologies Corporation Common Stock,EQUITY,NYSE
WAGN,Pabrai Wagons ETF,ETF,NYSE ARCA
WAL,Western Alliance Bancorporation Common Stock (DE),EQUITY,NYSE
WANT,Direxion Daily Consumer Discretionary Bull 3X ETF,ETF,NYSE ARCA
WAR,U.S. Global Technology and Aerospace & Defense ETF,ETF,NYSE ARCA
WAT,Waters Corporation Common Stock,EQUITY,NYSE
WATS,Corgi Battery Energy Storage Systems ETF,ETF,BATS
WBI,WaterBridge Infrastructure LLC Class A Shares Representing Limited Liability Company Interests,EQUITY,NYSE
WBIF,WBI BullBear Value 3000 ETF,ETF,NYSE ARCA
WBIG,WBI BullBear Yield 3000 ETF,ETF,NYSE ARCA
WBIL,WBI BullBear Quality 3000 ETF,ETF,NYSE ARCA
WBIY,WBI Power Factor High Dividend ETF,ETF,NYSE
WBX,Wallbox N.V. Class A Ordinary Shares,EQUITY,NYSE
WCAP,WarCap Unconstrained Equity ETF,ETF,NYSE ARCA
WCC,"WESCO International, Inc. Common Stock",EQUITY,NYSE
WCEO,Hypatia Women CEO ETF,ETF,NYSE ARCA
WCME,First Trust WCM Developing World Equity ETF,ETF,NYSE ARCA
WCMG,First Trust WCM Global Equity ETF,ETF,NYSE ARCA
WCMI,First Trust WCM International Equity ETF,ETF,NYSE ARCA
WCN,"Waste Connections, Inc. Common Shares",EQUITY,NYSE
WCPB,Weitz Core Plus Bond ETF,ETF,NYSE ARCA
WD,"Walker & Dunlop, Inc Common Stock",EQUITY,NYSE
WDAI,Pacer S&P World 3AI Top 300 ETF,ETF,BATS
WDCC,Corgi WDC 2x Daily ETF,ETF,BATS
WDCX,Tradr 2X Long WDC Daily ETF,ETF,BATS
WDE,Principal Securitized Debt ETF,ETF,BATS
WDEF,WisdomTree Europe Defense Fund,ETF,NYSE ARCA
WDI,Western Asset Diversified Income Fund Common Shares of Beneficial Interest,EQUITY,NYSE
WDIG,WisdomTree Efficient Rare Earth Plus Strategic Metals Fund,ETF,BATS
WDIV,State Street SPDR S&P Global Dividend ETF,ETF,NYSE ARCA
WDNA,WisdomTree BioRevolution Fund,ETF,BATS
WDRN,"WisdomTree Physical AI, Humanoids and Drones Fund",ETF,BATS
WDS,"Woodside Energy Group Limited American Depositary Shares, each representing one Ordinary Share",EQUITY,NYSE
WDTE,Defiance S&P 500 Weekly Distribution ETF,ETF,NYSE ARCA
WEA,Western Asset Bond Fund Share of Beneficial Interest,EQUITY,NYSE
WEAT,Teucrium Wheat Fund ETV,ETF,NYSE ARCA
WEAV,"Weave Communications, Inc. Common Stock",EQUITY,NYSE
WEBL,Direxion Daily Dow Jones Internet Bull 3X ETF,ETF,NYSE ARCA
WEBS,Direxion Daily Dow Jones Internet Bear 3X ETF,ETF,NYSE ARCA
WEBX,Corgi Chinese Internet 2x Daily ETF,ETF,BATS
WEC,"WEC Energy Group, Inc. Common Stock",EQUITY,NYSE
WEED,Roundhill Cannabis ETF,ETF,BATS
WEEK,Roundhill Weekly T-Bill ETF,ETF,BATS
WEEL,Peerless Option Income Wheel ETF,ETF,NYSE ARCA
WELD,Tema U.S. Manufacturing & Reshoring ETF,ETF,NYSE ARCA
WELL,Welltower Inc. Common Stock,EQUITY,NYSE
WENC,West Enclave Merger Corp. Ordinary Shares,EQUITY,NYSE
WEPN,Nicholas Defense and Rare Earth Income ETF,ETF,NYSE ARCA
WEX,WEX Inc. common stock,EQUITY,NYSE
WF,Woori Financial Group Inc. American Depositary Shares (each representing three (3) shares of Common Stock),EQUITY,NYSE
WFC,Wells Fargo & Company Common Stock,EQUITY,NYSE
WFG,West Fraser Timber Co. Ltd Common stock,EQUITY,NYSE
WGO,"Winnebago Industries, Inc. Common Stock",EQUITY,NYSE
WH,"Wyndham Hotels & Resorts, Inc. Common Stock",EQUITY,NYSE
WHD,"Cactus, Inc. Class A Common Stock",EQUITY,NYSE
WHG,Westwood Holdings Group Inc Common Stock,EQUITY,NYSE
WHK,WhiteHawk Minerals Corp Class A Common Stock,EQUITY,NYSE
WHR,Whirlpool Corporation Common Stock,EQUITY,NYSE
WIA,Western Asset Inflation-Linked Income Fund,EQUITY,NYSE
WINN,Harbor Long-Term Growers ETF,ETF,NYSE
WIP,State Street SPDR FTSE International Government Inflation-Protected Bond ETF,ETF,NYSE ARCA
WIT,Wipro Limited Common Stock,EQUITY,NYSE
WIW,Western Asset Inflation-Linked Opportunities & Income Fund,EQUITY,NYSE
WK,Workiva Inc. Class A Common Stock,EQUITY,NYSE
WKC,World Kinect Corporation Common Stock,EQUITY,NYSE
WLDR,Simplify Affinity World Leaders Equity ETF,ETF,BATS
WLDU,Leverage Shares 2x Long World Stock Daily ETF,ETF,BATS
WLK,Westlake Corporation Common Stock,EQUITY,NYSE
WLTG,WealthTrust DBS Long Term Growth ETF,ETF,NYSE
WLY,"John Wiley & Sons, Inc. Common Stock",EQUITY,NYSE
WLYB,"John Wiley & Sons, Inc. Common Stock",EQUITY,NYSE
WM,"Waste Management, Inc. Common Stock",EQUITY,NYSE
WMB,"Williams Companies, Inc. (The) Common Stock",EQUITY,NYSE
WMK,"Weis Markets, Inc. Common Stock",EQUITY,NYSE
WMS,"Advanced Drainage Systems, Inc. Common Stock",EQUITY,NYSE
WMSB,Weitz Multisector Bond ETF,ETF,NYSE ARCA
WMTI,REX WMT Growth & Income ETF,ETF,BATS
WNC,Wabash National Corporation Common Stock,EQUITY,NYSE
WNDR,Corgi Travel & Leisure ETF,ETF,BATS
WNTR,YieldMax MSTR Short Option Income Strategy ETF,ETF,NYSE ARCA
WOLF,"Wolfspeed, Inc. Common Stock New",EQUITY,NYSE
WOMN,Impact Shares Women's Empowerment ETF,ETF,NYSE ARCA
WOR,"Worthington Enterprises, Inc. Common Shares",EQUITY,NYSE
WPAC,White Pearl Acquisition Corp. Class A Ordinary Shares,EQUITY,NYSE
WPC,W. P. Carey Inc. REIT,EQUITY,NYSE
WPM,Wheaton Precious Metals Corp Common Shares (Canada),EQUITY,NYSE
WPP,WPP plc American Depositary Shares,EQUITY,NYSE
WQTM,WisdomTree Quantum Computing Fund,ETF,BATS
WR,Corgi U.S. War Machine ETF,ETF,BATS
WRB,W.R. Berkley Corporation Common Stock,EQUITY,NYSE
WRB$E,W.R. Berkley Corporation 5.70% Subordinated Debentures due 2058,EQUITY,NYSE
WRB$F,W.R. Berkley Corporation 5.10% Subordinated Debentures due 2059,EQUITY,NYSE
WRB$G,W.R. Berkley Corporation 4.25% Subordinated Debentures due 2060,EQUITY,NYSE
WRB$H,W.R. Berkley Corporation 4.125% Subordinated Debentures due 2061,EQUITY,NYSE
WRBY,Warby Parker Inc. Class A Common Stock,EQUITY,NYSE
WRN,Western Copper and Gold Corporation Common Stock,EQUITY,NYSE AMERICAN
WS,"Worthington Steel, Inc. Common Shares",EQUITY,NYSE
WSDB,Weitz Short Duration Bond ETF,ETF,NYSE ARCA
WSM,"Williams-Sonoma, Inc. Common Stock (DE)",EQUITY,NYSE
WSMD,Wasatch Small/Mid Cap ETF,ETF,NYSE ARCA
WSO,"Watsco, Inc. Common Stock",EQUITY,NYSE
WSO-B,"Watsco, Inc. Class B Common Stock",EQUITY,NYSE
WST,"West Pharmaceutical Services, Inc. Common Stock",EQUITY,NYSE
WT,"WisdomTree, Inc. Common Stock",EQUITY,NYSE
WTAI,WisdomTree Artificial Intelligence and Innovation Fund,ETF,BATS
WTI,"W&T Offshore, Inc. Common Stock",EQUITY,NYSE
WTIB,USCF Oil Plus Bitcoin Strategy Fund,ETF,NYSE ARCA
WTID,MicroSectors Energy 3X Inverse Leveraged ETNs,ETF,NYSE ARCA
WTIU,MicroSectors Energy 3X Leveraged ETNs,ETF,NYSE ARCA
WTLS,WisdomTree Efficient Long/Short U.S. Equity Fund,ETF,BATS
WTM,"White Mountains Insurance Group, Ltd. Common Stock",EQUITY,NYSE
WTMF,WisdomTree Managed Futures Strategy Fund,ETF,NYSE ARCA
WTPI,WisdomTree Equity Premium Income Fund,ETF,NYSE ARCA
WTRE,WisdomTree New Economy Real Estate Fund,ETF,NYSE ARCA
WTRG,"Essential Utilities, Inc. Common Stock",EQUITY,NYSE
WTS,"Watts Water Technologies, Inc. Class A Common Stock",EQUITY,NYSE
WTTR,"Select Water Solutions, Inc. Class A common stock",EQUITY,NYSE
WTV,WisdomTree U.S. Value Fund,ETF,NYSE ARCA
WU,Western Union Company (The) Common Stock,EQUITY,NYSE
WUGI,AXS Esoterica NextG Economy ETF,ETF,BATS
WULX,Tradr 2X Long WULF Daily ETF,ETF,BATS
WWJD,Inspire International ETF,ETF,NYSE ARCA
WWR,"Westwater Resources, Inc. Common Stock",EQUITY,NYSE AMERICAN
WWW,"Wolverine World Wide, Inc. Common Stock",EQUITY,NYSE
WX,Corgi All World 2x Daily ETF,ETF,BATS
WXET,Teucrium 2x Daily Wheat ETF,ETF,NYSE ARCA
WY,Weyerhaeuser Company Common Stock,EQUITY,NYSE
WYFL,Defiance Daily Target 2X Long WYFI ETF,ETF,BATS
WYY,WidePoint Corporation Common Stock,EQUITY,NYSE AMERICAN
WZRD,Opportunistic Trader ETF,ETF,BATS
XA,Corgi AI Cybersecurity ETF,ETF,BATS
XAGG,Eaton Vance Income Opportunities ETF,ETF,NYSE ARCA
XAGI,Corgi AGIX 2x Daily ETF,ETF,BATS
XAIW,SpaceXAI Lab Ecosystem ETF,ETF,NYSE ARCA
XAPR,FT Vest U.S. Equity Enhance & Moderate Buffer ETF - April,ETF,BATS
XAR,State Street SPDR S&P Aerospace & Defense ETF,ETF,NYSE ARCA
XAUG,FT Vest U.S. Equity Enhance & Moderate Buffer ETF - August,ETF,BATS
XB,BondBloxx B-Rated USD High Yield Corporate Bond ETF,ETF,NYSE ARCA
XBAP,Innovator U.S. Equity Accelerated 9 Buffer ETF - April,ETF,BATS
XBB,BondBloxx BB-Rated USD High Yield Corporate Bond ETF,ETF,NYSE ARCA
XBFR,Innovator Equity Managed 10 Buffer ETF,ETF,NYSE ARCA
XBI,State Street SPDR S&P Biotech ETF,ETF,NYSE ARCA
XBIX,Corgi U.S. Biotech 2x Daily ETF,ETF,BATS
XBJA,Innovator U.S. Equity Accelerated 9 Buffer ETF - January,ETF,BATS
XBJL,Innovator U.S. Equity Accelerated 9 Buffer ETF - July,ETF,BATS
XBNB,Teucrium xETFs 2x Long Daily BNB ETF,ETF,NYSE ARCA
XBOC,Innovator U.S. Equity Accelerated 9 Buffer ETF - October,ETF,BATS
XBOX,Roundhill Ultra Short Duration No Dividend Target ETF,ETF,BATS
XC,WisdomTree True Emerging Markets Fund,ETF,NYSE ARCA
XCCC,BondBloxx CCC-Rated USD High Yield Corporate Bond ETF,ETF,NYSE ARCA
XCEM,Columbia EM Core ex-China ETF,ETF,NYSE ARCA
XCHG,AB US Equity ETF,ETF,NYSE ARCA
XCLR,Global X S&P 500 Collar 95-110 ETF,ETF,NYSE ARCA
XCOM,Corgi All Commodities 2x Daily ETF,ETF,BATS
XCOR,FundX ETF,ETF,NYSE ARCA
XDAT,Franklin Exponential Data ETF,ETF,BATS
XDEC,FT Vest U.S. Equity Enhance & Moderate Buffer ETF - December,ETF,BATS
XDIV,Roundhill S&P 500 No Dividend Target ETF,ETF,BATS
XDQQ,Innovator Growth Accelerated ETF - Quarterly,ETF,BATS
XDSQ,Innovator U.S. Equity Accelerated ETF - Quarterly,ETF,BATS
XDTE,Roundhill S&P 500 0DTE Covered Call Strategy ETF,ETF,BATS
XEMD,BondBloxx JP Morgan USD Emerging Markets 1-10 Year Bond ETF,ETF,BATS
XEML,Xtrackers Europe Market Leaders ETF,ETF,BATS
XES,State Street SPDR S&P Oil & Gas Equipment & Services ETF,ETF,NYSE ARCA
XEUR,Corgi Europe Equities 2x Daily ETF,ETF,BATS
XFEB,FT Vest U.S. Equity Enhance & Moderate Buffer ETF - February,ETF,BATS
XFIV,BondBloxx Bloomberg Five Year Target Duration US Treasury ETF,ETF,NYSE ARCA
XFLH,XFLH Capital Corporation Ordinary Shares,EQUITY,NYSE
XFLT,XAI Floating Rate & Alternative Income Trust Common Shares of Beneficial Interest,EQUITY,NYSE
XFLX,FundX Flexible ETF,ETF,NYSE ARCA
XHB,State Street SPDR S&P Homebuilders ETF,ETF,NYSE ARCA
XHE,State Street SPDR S&P Health Care Equipment ETF,ETF,NYSE ARCA
XHLF,BondBloxx Bloomberg Six Month Target Duration US Treasury ETF,ETF,NYSE ARCA
XHOA,Corgi U.S. Real Estate 2x Daily ETF,ETF,BATS
XHR,"Xenia Hotels & Resorts, Inc. Common Stock",EQUITY,NYSE
XHS,State Street SPDR S&P Health Care Services ETF,ETF,NYSE ARCA
XIDE,FT Vest U.S. Equity Buffer & Premium Income  ETF - December,ETF,BATS
XIDV,Franklin International Dividend Booster Index ETF,ETF,NYSE ARCA
XIGV,Defiance US 100 Tech Ex Software ETF,ETF,BATS
XIJN,FT Vest U.S. Equity Buffer & Premium Income ETF - June,ETF,BATS
XIMR,FT Vest U.S. Equity Buffer & Premium Income ETF - March,ETF,BATS
XISE,FT Vest U.S. Equity Buffer & Premium Income ETF - September,ETF,BATS
XITK,State Street SPDR FactSet Innovative Technology ETF,ETF,NYSE ARCA
XIWC,Corgi U.S. Micro-Cap 2x Daily ETF,ETF,BATS
XJAN,FT Vest U.S. Equity Enhance & Moderate Buffer ETF - January,ETF,BATS
XJH,iShares ESG Select Screened S&P Mid-Cap ETF,ETF,BATS
XJR,iShares ESG Select Screened S&P Small-Cap ETF,ETF,BATS
XJUL,FT Vest U.S. Equity Enhance & Moderate Buffer ETF - July,ETF,BATS
XJUN,FT Vest U.S. Equity Enhance & Moderate Buffer ETF - June,ETF,BATS
XKRE,Corgi U.S. Regional Banks 2x Daily ETF,ETF,BATS
XLB,State Street Materials Select Sector SPDR ETF,ETF,NYSE ARCA
XLBI,State Street Materials Select Sector SPDR Premium Income ETF,ETF,NYSE ARCA
XLBX,Corgi U.S. Materials 2x Daily ETF,ETF,BATS
XLC,State Street Communication Services Select Sector SPDR ETF,ETF,NYSE ARCA
XLCD,MicroSectors -3x Short Communication Services (XLC) ETNs,ETF,BATS
XLCI,State Street Communication Services Select Sector SPDR Premium Income ETF,ETF,NYSE ARCA
XLCU,MicroSectors 3x Long Communication Services (XLC) ETNs,ETF,BATS
XLE,State Street Energy Select Sector SPDR ETF,ETF,NYSE ARCA
XLEI,State Street Energy Select Sector SPDR Premium Income ETF,ETF,NYSE ARCA
XLEX,Corgi U.S. Energy 2x Daily ETF,ETF,BATS
XLF,State Street Financial Select Sector SPDR ETF,ETF,NYSE ARCA
XLFI,State Street Financial Select Sector SPDR Premium Income ETF,ETF,NYSE ARCA
XLFX,Corgi U.S. Financials 2x Daily ETF,ETF,BATS
XLG,Invesco S&P 500 Top 50 ETF,ETF,NYSE ARCA
XLI,State Street Industrial Select Sector SPDR ETF,ETF,NYSE ARCA
XLII,State Street Industrial Select Sector SPDR Premium Income ETF,ETF,NYSE ARCA
XLIX,Corgi U.S. Industrials 2x Daily ETF,ETF,BATS
XLK,State Street Technology Select Sector SPDR ETF,ETF,NYSE ARCA
XLKI,State Street Technology Select Sector SPDR Premium Income ETF,ETF,NYSE ARCA
XLKX,Corgi U.S. Technology 2x Daily ETF,ETF,BATS
XLP,State Street Consumer Staples Select Sector SPDR ETF,ETF,NYSE ARCA
XLPD,MicroSectors -3x Short Consumer Staples (XLP) ETNs,ETF,BATS
XLPU,MicroSectors 3x Long Consumer Staples (XLP) ETNs,ETF,BATS
XLPX,Corgi U.S. Consumer Staples 2x Daily ETF,ETF,BATS
XLRE,State Street Real Estate Select Sector SPDR ETF,ETF,NYSE ARCA
XLRI,State Street Real Estate Select Sector SPDR Premium Income ETF,ETF,NYSE ARCA
XLSI,State Street Consumer Staples Select Sector SPDR Premium Income ETF,ETF,NYSE ARCA
XLSR,State Street US Sector Rotation ETF,ETF,NYSE ARCA
XLU,State Street Utilities Select Sector SPDR ETF,ETF,NYSE ARCA
XLUI,State Street Utilities Select Sector SPDR Premium Income ETF,ETF,NYSE ARCA
XLUX,Corgi U.S. Utilities 2x Daily ETF,ETF,BATS
XLV,State Street Health Care Select Sector SPDR ETF,ETF,NYSE ARCA
XLVI,State Street Health Care Select Sector SPDR Premium Income ETF,ETF,NYSE ARCA
XLVX,Corgi U.S. Healthcare 2x Daily ETF,ETF,BATS
XLY,State Street Consumer Discretionary Select Sector SPDR ETF,ETF,NYSE ARCA
XLYI,State Street Consumer Discretionary Select Sector SPDR Premium Income ETF,ETF,NYSE ARCA
XLYX,Corgi U.S. Consumer Discretionary 2x Daily ETF,ETF,BATS
XMAR,FT Vest U.S. Equity Enhance & Moderate Buffer ETF - March,ETF,BATS
XMAY,FT Vest U.S. Equity Enhance & Moderate Buffer ETF - May,ETF,BATS
XME,State Street SPDR S&P Metals & Mining ETF,ETF,NYSE ARCA
XMHQ,Invesco S&P MidCap Quality ETF,ETF,NYSE ARCA
XMLV,Invesco S&P MidCap Low Volatility ETF,ETF,NYSE ARCA
XMMO,Invesco S&P MidCap Momentum ETF,ETF,NYSE ARCA
XMPT,VanEck CEF Muni Income ETF,ETF,BATS
XMVM,Invesco S&P MidCap Value with Momentum ETF,ETF,NYSE ARCA
XNAV,FundX Aggressive ETF,ETF,NYSE ARCA
XNDX,Tradr 2X Long XNDU Daily ETF,ETF,BATS
XNOV,FT Vest U.S. Equity Enhance & Moderate Buffer ETF - November,ETF,BATS
XNTK,State Street SPDR NYSE Technology ETF,ETF,NYSE ARCA
XOCT,FT Vest U.S. Equity Enhance & Moderate Buffer ETF - October,ETF,BATS
XOEF,iShares S&P 500 ex S&P 100 ETF,ETF,NYSE ARCA
XOEX,Xtrackers S&P 100 Ex Top 20 ETF,ETF,BATS
XOM,ExxonMobil Holdings Corporation Common Stock,EQUITY,NYSE
XOMO,YieldMax XOM Option Income Strategy ETF,ETF,NYSE ARCA
XONE,BondBloxx Bloomberg One Year Target Duration US Treasury ETF,ETF,NYSE ARCA
XOP,State Street SPDR S&P Oil & Gas Exploration & Production ETF,ETF,NYSE ARCA
XOVL,Defiance Daily Target 2X Long XOVR ETF,ETF,BATS
XPAV,Corgi U.S. Infrastructure 2x Daily ETF,ETF,BATS
XPAY,Roundhill S&P 500 Target 20 Managed Distribution ETF,ETF,NYSE ARCA
XPER,Xperi Inc. Common Stock,EQUITY,NYSE
XPEV,"XPeng Inc. American depositary shares, each representing two Class A ordinary shares",EQUITY,NYSE
XPH,State Street SPDR S&P Pharmaceuticals ETF,ETF,NYSE ARCA
XPL,Solitario Resources Corp. Common Stock,EQUITY,NYSE AMERICAN
XPND,First Trust Expanded Technology ETF,ETF,NYSE ARCA
XPO,"XPO, Inc. Common Stock",EQUITY,NYSE
XPOF,"Xponential Fitness, Inc. Class A Common Stock",EQUITY,NYSE
XPP,ProShares Ultra FTSE China 50,ETF,NYSE ARCA
XPRO,Expro Ltd Ordinary Shares,EQUITY,NYSE
XQBT,Amplify Top 10 Quantum ETF,ETF,NYSE ARCA
XQTM,Corgi Quantum Computing 2x Daily ETF,ETF,BATS
XRLX,FundX Conservative ETF,ETF,NYSE ARCA
XRMI,Global X S&P 500 Risk Managed Income ETF,ETF,NYSE ARCA
XRN,Chiron Real Estate Inc. Common Stock,EQUITY,NYSE
XRP,Bitwise XRP ETF,ETF,NYSE ARCA
XRPM,Amplify XRP 3% Monthly Option Income ETF,ETF,BATS
XRPR,REX-Osprey XRP ETF,ETF,BATS
XRPZ,Franklin XRP ETF,ETF,NYSE ARCA
XRT,State Street SPDR S&P Retail ETF,ETF,NYSE ARCA
XSD,State Street SPDR S&P Semiconductor ETF,ETF,NYSE ARCA
XSEM,Corgi U.S. Semiconductors 2x Daily ETF,ETF,BATS
XSEP,FT Vest U.S. Equity Enhance & Moderate Buffer ETF - September,ETF,BATS
XSHD,Invesco S&P SmallCap High Dividend Low Volatility ETF,ETF,BATS
XSHP,Kurv SpaceX Enhanced Income ETF,ETF,BATS
XSHQ,Invesco S&P SmallCap Quality ETF,ETF,BATS
XSLV,Invesco S&P SmallCap Low Volatility ETF,ETF,NYSE ARCA
XSMO,Invesco S&P SmallCap Momentum ETF,ETF,NYSE ARCA
XSOE,WisdomTree Emerging Markets Ex-State Owned Enterprises Fund,ETF,NYSE ARCA
XSVM,Invesco S&P SmallCap Value with Momentum ETF,ETF,NYSE ARCA
XSVN,BondBloxx Bloomberg Seven Year Target Duration US Treasury ETF,ETF,NYSE ARCA
XSW,State Street SPDR S&P Software & Services ETF,ETF,NYSE ARCA
XTAI,Corgi Taiwan 2x Daily ETF,ETF,BATS
XTAP,Innovator U.S. Equity Accelerated Plus ETF - April,ETF,BATS
XTEN,BondBloxx Bloomberg Ten Year Target Duration US Treasury ETF,ETF,NYSE ARCA
XTJA,Innovator U.S. Equity Accelerated Plus ETF - January,ETF,BATS
XTJL,Innovator U.S. Equity Accelerated Plus ETF - July,ETF,BATS
XTL,State Street SPDR S&P Telecom ETF,ETF,NYSE ARCA
XTN,State Street SPDR S&P Transportation ETF,ETF,NYSE ARCA
XTND,"Xtend AI Robotics, Inc. Common Stock",EQUITY,NYSE
XTNT,"Xtant Medical Holdings, Inc. Common Stock",EQUITY,NYSE AMERICAN
XTOC,Innovator U.S. Equity Accelerated Plus ETF - October,ETF,BATS
XTR,Global X S&P 500 Tail Risk ETF,ETF,NYSE ARCA
XTRE,BondBloxx Bloomberg Three Year Target Duration US Treasury ETF,ETF,NYSE ARCA
XTWO,BondBloxx Bloomberg Two Year Target Duration US Treasury ETF,ETF,NYSE ARCA
XTWY,BondBloxx Bloomberg Twenty Year Target Duration US Treasury ETF,ETF,NYSE ARCA
XUDV,Franklin U.S. Dividend Booster Index ETF,ETF,NYSE ARCA
XUSP,Innovator Uncapped Accelerated U.S. Equity ETF,ETF,BATS
XV,Simplify Target 15 Distribution ETF,ETF,NYSE ARCA
XVAD,FT Vest AMD & Target Income ETF,ETF,BATS
XVAP,FT Vest AAPL & Target Income ETF,ETF,BATS
XVAZ,FT Vest AMZN & Target Income ETF,ETF,BATS
XVGL,FT Vest GOOG & Target Income ETF,ETF,BATS
XVMS,FT Vest MSFT & Target Income ETF,ETF,BATS
XVMT,FT Vest META & Target Income ETF,ETF,BATS
XVNV,FT Vest NVDA & Target Income ETF,ETF,BATS
XVPT,FT Vest PLTR & Target Income ETF,ETF,BATS
XVSP,FT Vest SPCX & Target Income ETF,ETF,BATS
XVTS,FT Vest TSLA & Target Income ETF,ETF,BATS
XVV,iShares ESG Select Screened S&P 500 ETF,ETF,BATS
XW,Corgi Ex-U.S. Equities 2x Daily ETF,ETF,BATS
XWNG,Amplify Top 10 Space ETF,ETF,NYSE ARCA
XXI,"Twenty One Capital, Inc. Class A Common Stock",EQUITY,NYSE
XXRP,Teucrium 2x Long Daily XRP ETF,ETF,NYSE ARCA
XXV,Simplify Ancorato Target 25 Distribution ETF,ETF,NYSE ARCA
XYF,"X Financial American Depositary Shares, each representing six Class A Ordinary Shares",EQUITY,NYSE
XYL,Xylem Inc. Common Stock New,EQUITY,NYSE
XYLD,Global X S&P 500 Covered Call ETF,ETF,NYSE ARCA
XYLG,Global X S&P 500 Covered Call & Growth ETF,ETF,NYSE ARCA
XYZ,"Block, Inc. Class A Common Stock,",EQUITY,NYSE
XYZY,YieldMax XYZ Option Income Strategy ETF,ETF,NYSE ARCA
XZO,"Exzeo Group, Inc. Common Stock",EQUITY,NYSE
YALA,"Yalla Group Limited American Depositary Shares, each representing one Class A Ordinary Share",EQUITY,NYSE
YALL,Truth Social God Bless America ETF,ETF,NYSE ARCA
YANG,Direxion Daily FTSE China Bear 3X ETF,ETF,NYSE ARCA
YBIT,YieldMax Bitcoin Option Income Strategy ETF,ETF,NYSE ARCA
YBTC,Roundhill Bitcoin Covered Call Strategy ETF,ETF,BATS
YCBD,"cbdMD, Inc. Common Stock",EQUITY,NYSE AMERICAN
YCL,ProShares Ultra Yen,ETF,NYSE ARCA
YCLO,Franklin BSP CLO ETF,ETF,NYSE ARCA
YCS,ProShares UltraShort Yen New,ETF,NYSE ARCA
YCY,AA Mission Acquisition Corp. II Class A Ordinary Shares,EQUITY,NYSE
YDEC,FT Vest International Equity Moderate Buffer ETF - December,ETF,BATS
YEAR,AB Ultra Short Income ETF,ETF,NYSE ARCA
YELP,Yelp Inc. Common Stock,EQUITY,NYSE
YETH,Roundhill Ether Covered Call Strategy ETF,ETF,BATS
YETI,"YETI Holdings, Inc. Common Stock",EQUITY,NYSE
YEXT,"Yext, Inc. Common Stock",EQUITY,NYSE
YFFI,Indexperts Yield Focused Fixed Income ETF,ETF,NYSE ARCA
YFYA,Yields for You Income Strategy A ETF,ETF,NYSE ARCA
YGLD,Simplify Gold Strategy ETF,ETF,NYSE ARCA
YINN,Direxion Daily FTSE China Bull 3X ETF,ETF,NYSE ARCA
YJUN,FT Vest International Equity Moderate Buffer ETF - June,ETF,BATS
YLD,Principal Active High Yield ETF,ETF,NYSE ARCA
YLDW,Westwood Enhanced Income Opportunity ETF,ETF,NYSE ARCA
YLDY,Horizon High Income ETF,ETF,BATS
YMAG,YieldMax Magnificent 7 Fund of Option Income ETFs,ETF,NYSE ARCA
YMAR,FT Vest International Equity Moderate Buffer ETF - March,ETF,BATS
YMAX,YieldMax Universe Fund of Option Income ETFs,ETF,NYSE ARCA
YMM,Full Truck Alliance Co. Ltd. American Depositary Shares (each representing 20 Class A Ordinary Shares),EQUITY,NYSE
YOLO,AdvisorShares Pure Cannabis ETF,ETF,NYSE ARCA
YOU,"Clear Secure, Inc. Class A Common Stock",EQUITY,NYSE
YPF,YPF Sociedad Anonima American Depositary Shares,EQUITY,NYSE
YRD,"Yiren Digital Ltd. American Depositary Shares, each representing two ordinary shares",EQUITY,NYSE
YSEP,FT Vest International Equity Buffer ETF - September,ETF,BATS
YSG,"Yatsen Holding Limited American Depositary Shares, each representing twenty (20) Class A Ordinary Shares",EQUITY,NYSE
YSPC,YieldMax SPCX Option Income Strategy ETF,ETF,NYSE ARCA
YSS,York Space Systems Inc. Common Stock,EQUITY,NYSE
YUM,"Yum! Brands, Inc.",EQUITY,NYSE
YUMC,"Yum China Holdings, Inc. Common Stock",EQUITY,NYSE
YUNG,Corgi Longevity Consumer ETF,ETF,BATS
YXI,ProShares Short FTSE China 50,ETF,NYSE ARCA
YYY,Amplify CEF High Income ETF,ETF,NYSE ARCA
YYYM,Amplify Municipal CEF High Income ETF,ETF,NYSE ARCA
ZALT,Innovator U.S. Equity 10 Buffer ETF - Quarterly,ETF,BATS
ZAPR,Innovator Equity Defined Protection ETF - 1 Yr April,ETF,BATS
ZAUG,Innovator Equity Defined Protection ETF - 1 Yr August,ETF,BATS
ZBH,"Zimmer Biomet Holdings, Inc. Common Stock",EQUITY,NYSE
ZCBA,Global X Zero Coupon Bond 2030 ETF,ETF,NYSE ARCA
ZCBB,Global X Zero Coupon Bond 2031 ETF,ETF,NYSE ARCA
ZCBC,Global X Zero Coupon Bond 2032 ETF,ETF,NYSE ARCA
ZCBE,Global X Zero Coupon Bond 2033 ETF,ETF,NYSE ARCA
ZCBF,Global X Zero Coupon Bond 2034 ETF,ETF,NYSE ARCA
ZCBG,Global X Zero Coupon Bond 2035 ETF,ETF,NYSE ARCA
ZCSH,The Zcash ETF Shares,ETF,NYSE ARCA
ZDEK,Innovator Equity Defined Protection ETF - 1 Yr December,ETF,BATS
ZDGE,"Zedge, Inc. Class B Common Stock",EQUITY,NYSE AMERICAN
ZDIS,Virtus Zevenbergen Discovery Growth ETF,ETF,NYSE ARCA
ZECP,Zacks Earnings Consistent Portfolio ETF,ETF,BATS
ZEPP,"Zepp Health Corporation American depositary shares, each representing sixteen Class A ordinary shares",EQUITY,NYSE
ZETA,Zeta Global Holdings Corp. Class A Common Stock,EQUITY,NYSE
ZFEB,Innovator Equity Defined Protection ETF - 1 Yr February,ETF,BATS
ZGN,Ermenegildo Zegna N.V. Ordinary Shares,EQUITY,NYSE
ZH,"Zhihu Inc. American Depositary Shares, each representing three (3) Class A Ordinary Shares",EQUITY,NYSE
ZHDG,ZEGA Buy and Hedge ETF,ETF,NYSE ARCA
ZIG,The Acquirers Fund,ETF,NYSE ARCA
ZIM,ZIM Integrated Shipping Services Ltd. Ordinary Shares,EQUITY,NYSE
ZINC,Zacks Income ETF,ETF,NYSE ARCA
ZINN,Virtus Zevenbergen Innovative Growth ETF,ETF,NYSE ARCA
ZIP,"ZipRecruiter, Inc. Class A Common Stock",EQUITY,NYSE
ZJAN,Innovator Equity Defined Protection ETF - 1 Yr January,ETF,BATS
ZJUL,Innovator Equity Defined Protection ETF - 1 Yr July,ETF,BATS
ZJUN,Innovator Equity Defined Protection ETF - 1 Yr June,ETF,BATS
ZKH,"ZKH Group Limited American Depositary Shares, each representing thirty-five (35) Class A Ordinary Shares",EQUITY,NYSE
ZMAR,Innovator Equity Defined Protection ETF - 1 Yr March,ETF,BATS
ZMAY,Innovator Equity Defined Protection ETF - 1 Yr May,ETF,BATS
ZNOV,Innovator Equity Defined Protection ETF - 1 Yr November,ETF,BATS
ZOCT,Innovator Equity Defined Protection ETF - 1 Yr October,ETF,BATS
ZONE,Zone Frontier Inc. Class B Common Stock,EQUITY,NYSE AMERICAN
ZROZ,PIMCO 25  Year Zero Coupon U.S. Treasury Index Exchange-Traded Fund,ETF,NYSE ARCA
ZSB,USCF Sustainable Battery Metals Strategy Fund,ETF,NYSE ARCA
ZSC,USCF Sustainable Commodity Strategy Fund,ETF,NYSE ARCA
ZSEP,Innovator Equity Defined Protection ETF - 1 Yr September,ETF,BATS
ZSL,ProShares UltraShort Silver,ETF,NYSE ARCA
ZTAX,X-Square Municipal Income ETF,ETF,NYSE ARCA
ZTO,"ZTO Express (Cayman) Inc. American Depositary Shares, each representing one Class A ordinary share.",EQUITY,NYSE
ZTR,Virtus Total Return Fund Inc.,EQUITY,NYSE
ZTS,Zoetis Inc. Class A Common Stock,EQUITY,NYSE
ZVIA,Zevia PBC Class A Common Stock,EQUITY,NYSE
ZVOL,Volatility Premium Plus ETF,ETF,BATS
ZWS,Zurn Elkay Water Solutions Corporation Common Stock,EQUITY,NYSE
^GSPC,S&P 500,INDEX,
^DJI,Dow Jones Industrial Average,INDEX,
^IXIC,Nasdaq Composite,INDEX,
^NDX,Nasdaq 100,INDEX,
^RUT,Russell 2000,INDEX,
^VIX,CBOE Volatility Index,INDEX,
